OBJECTID,GLOBAL_ID,REMARKS,FREQ_TRANS,FREQ_REC,FREQ_UOM,TYPE_CODE,SERVICE_ID,FREQ_ALT,FREQ_USAGE,AK_LOW,AK_HIGH,US_LOW,US_HIGH,US_AREA,PACIFIC
1,6CD0D620-68FA-463E-A588-7A08B88C8EC1,,124.3,124.3,,ATIS,DC73726D-D80B-4B69-990C-094DC77454B1,,BLANK,1,1,0,0,0,0
2,717154A0-D000-4245-9E4B-EFB4CD074BF7,,273.5,273.5,,ATIS,DC73726D-D80B-4B69-990C-094DC77454B1,,BLANK,1,1,0,0,0,0
3,E7B3A326-8AA2-4EAC-958F-38A50FAF2CF0,,124.25,124.25,,ATIS,ABA58887-4F92-42ED-B079-40D9F29FA1DB,,BLANK,1,1,0,0,0,0
4,0E053C01-5488-471B-ACF9-AE6EBA68F94F,,135.5,135.5,,ATIS,4C665453-2481-4010-A549-90E285A53236,,BLANK,1,1,0,0,0,0
5,C3238EEB-760F-4ECA-954C-06E9DC1BD193,,119.8,119.8,,ATIS,3996AA6D-9BDF-4E56-9CE2-F3545493BFC1,,BLANK,1,1,0,0,0,0
6,09103B7E-2312-4DF6-9EAF-49D508AB4955,,132.075,132.075,,ATIS,D25D1430-C865-4BE2-A585-6DD7EAAB960A,,BLANK,1,1,0,0,0,0
7,9FDCA1FF-D7F1-4C45-AF60-DE567439C33B,,119.9,119.9,,ATIS,F6A08061-F2FB-41A2-BE4D-2AC5D0368084,,BLANK,1,1,0,0,0,0
8,8A4D40F3-64ED-43D6-8430-33A20A1C5AAB,,273.5,273.5,,ATIS,F6A08061-F2FB-41A2-BE4D-2AC5D0368084,,BLANK,1,1,0,0,0,0
9,0ADD0EAA-28DA-49B1-BC51-07931DC02EC4,,134.25,134.25,,ATIS,2149613D-6B07-40CF-BCB4-D2EEB723C0D1,,BLANK,1,1,0,0,0,0
10,E88ABDB4-4906-4616-86FD-F95EE7DDC1C6,,135.2,135.2,,ATIS,0DC8DD96-2214-4CE8-849E-FF9712A30918,,BLANK,1,1,0,0,0,0
11,CCAAF3CB-20B3-4EBD-BA4D-1F5AAA741600,,133.35,133.35,,ATIS,76AEB418-1285-4517-BB04-99FF177DE7D2,,BLANK,1,1,0,0,0,0
12,087AC2F1-7478-44A6-B657-9EE0B92D1D20,,128.8,128.8,,ATIS,E949A6C2-C941-4E7A-A211-F887BF2A94F5,,BLANK,1,1,0,0,0,0
13,9997198E-1B3A-4734-B163-4704EC11453C,,134.45,134.45,,ATIS,2A2F205F-9FF9-44C9-AD4F-9537FB872D03,,BLANK,1,1,0,0,0,0
14,C44E784A-D164-4CCC-B3B0-C3840FBFA68A,,119.4,119.4,,ATIS,D8C78805-E39C-40F4-8E95-2E348252CCF0,,BLANK,0,0,1,1,0,0
15,27575597-40B9-4174-B1C0-B7328993DBAD,,270.1,270.1,,ATIS,D8C78805-E39C-40F4-8E95-2E348252CCF0,,BLANK,0,0,1,1,0,0
16,D654D01F-E6AC-4F08-A08F-7349E09C1AD1,,376.5,376.5,,ATIS,9B277E95-45D0-4774-8980-9F137CBD8C35,,BLANK,0,0,1,0,0,0
17,4AD4A87D-00EE-4D29-8AD1-53AFF0299E0F,,141.375,141.375,,ATIS,91B4973A-4532-440A-B600-B63B01B35927,,BLANK,0,0,1,0,0,0
18,5BD9B6B5-3979-42FA-B2F6-74F3ADBB0816,,361.1,361.1,,ATIS,A00E77E4-27FD-4C09-A103-8B17280AE358,,BLANK,0,0,1,0,0,0
19,00A0C2A6-7A9D-45A1-A93A-57F05BFC84D9,,316.15,316.15,,ATIS,06464F31-5586-43C1-B501-B04F67903DB1,,BLANK,0,0,1,1,0,0
20,0C4B912C-2A8C-4D73-8CC7-3FA3B8C63861,,121.25,121.25,,ATIS,1D34F3C9-9C07-4983-9C3E-0BF8DF0C4B5F,,BLANK,0,0,1,1,0,0
21,84E549F5-8BD5-494F-BA14-C04AA4E96C3C,,135.575,135.575,,ATIS,684B37E4-04E8-4F60-953F-47F64E731CE6,,BLANK,0,0,1,1,0,0
22,7B19A33F-7FFD-4CDB-9F8B-86B96CCD83F9,,124.75,124.75,,ATIS,9772B81A-D550-4DCA-8D04-5D9875AAC663,,BLANK,0,0,1,1,0,0
23,D456BA56-3837-4AEB-88A1-F8E5988D330F,,257.85,257.85,,ATIS,9772B81A-D550-4DCA-8D04-5D9875AAC663,,BLANK,0,0,1,1,0,0
24,B08EB9BD-AE16-4314-87AC-493CF450DEB2,,134.7,134.7,,ATIS,748D30FE-DC3E-4486-8276-F7090F4F6817,,BLANK,0,0,1,1,0,0
25,019AD4B0-A21F-40BA-B66E-E328CE6BA3BB,,269.9,269.9,,ATIS,748D30FE-DC3E-4486-8276-F7090F4F6817,,BLANK,0,0,1,1,0,0
26,AA8D3D63-81BF-4BDF-B7A6-4FA8280C77AB,,120.675,120.675,,ATIS,39EA0DEA-8817-4DF4-9419-8239F0C83294,,BLANK,0,0,1,1,0,0
27,09F62DD4-D0E3-45C6-8154-3E93CC81DAE5,,120.925,120.925,,ATIS,8D09C2A3-B68D-4EDE-8AC3-CE21021B7A18,,BLANK,0,0,1,1,0,0
28,A5D93420-6AA1-4352-A061-0352C69148A2,,119.575,119.575,,ATIS,7A88F0FE-CEBF-4B45-9A54-C5F7C3781C8D,,BLANK,0,0,1,1,0,0
29,BB29FA98-E726-4958-B6E0-E3A96E9B400A,,119.425,119.425,,ATIS,7464B4C1-8090-4268-913C-CAD473120050,,BLANK,0,0,1,1,0,0
30,D516B41A-E0C6-4219-B822-1500849EE99C,,119.175,119.175,,ATIS,B6BDDB90-D622-4E62-BEEC-F524615D612B,,BLANK,0,0,1,1,0,0
31,C0FE0AAD-2028-400E-BBFE-FE63BE3F4AD5,,251.1,251.1,,ATIS,B6BDDB90-D622-4E62-BEEC-F524615D612B,,BLANK,0,0,1,1,0,0
32,B1F1B2D7-8556-4BCE-9D0F-A8896F9F6A1D,,125.65,125.65,,ATIS,26A0D2F1-9297-4F35-AF4D-62520B3E2472,,BLANK,0,0,1,1,0,0
33,463FE7A5-D9D4-4888-A85B-4D8572D8D3A2,,120.2,120.2,,ATIS,5051B47A-468B-45CB-8C05-982A8428D8BE,,BLANK,0,0,1,1,0,0
34,ECEE9109-C3B3-4823-AA3E-9BB71A05CA57,,128.325,128.325,,ATIS,D0C2BDF4-FA61-4C28-8A9E-304DEA25B393,,BLANK,0,0,1,0,1,0
35,C754CCD1-7A83-42AF-BA6E-84B1D373D375,,125.8,125.8,,ATIS,8417C279-0BE6-4701-A5D4-3C429A5CC9C4,,BLANK,0,0,1,1,0,0
36,9DDBFD0B-D769-4983-876B-63A5ECCA95AF,,134.75,134.75,,ATIS,F6C8854A-2577-467D-AF22-366A7D06DCB4,,BLANK,0,0,1,1,0,0
37,20F1D77E-DDEA-47A0-BD5D-1F6CDA8CFD29,,119.425,119.425,,ATIS,3D58CFFB-AABE-405F-9DA2-579003556B62,,BLANK,0,0,1,1,1,0
38,DF180119-DE78-448F-85B4-0E2D8E4B11BC,,134.925,134.925,,ATIS,D3EA6E48-6C33-4357-8513-5A58418B3984,,BLANK,0,0,1,1,1,0
39,FE816BE3-AB66-482A-8469-7AD70B24F34E,,118.35,118.35,,ATIS,FCEF94B5-F28C-4FC9-B76C-E65C59AB62CD,,BLANK,0,0,1,1,1,0
40,1F39B971-79EA-4D37-AD8C-4FC51C394541,,124.3,124.3,,ATIS,0BF62C10-55A6-4F1C-A19A-B9CC938F6F31,,BLANK,0,0,1,1,0,0
41,468153DB-7704-42B0-82C1-5A9990A86684,,118.25,118.25,,ATIS,07002674-E650-467F-8016-732FE528C810,,BLANK,0,0,1,1,1,0
42,5F518316-C9E0-43E4-9574-32D2818E4CCF,,126.5,126.5,,ATIS,88573A6B-0021-4BFB-BD54-4188833B9963,,BLANK,0,0,1,1,1,0
43,B0F267AC-E8AC-403A-B403-D02A303E0A23,,127.575,127.575,,ATIS,A7FBDFB7-F35E-46C3-82D5-830ED78B369D,,BLANK,0,0,1,1,1,0
44,AED65E37-B266-4A8F-ABE6-5593D9C3545B,,133.5,133.5,,ATIS,8369D5BD-0738-47AA-B125-49DF10BC8C29,,BLANK,0,0,1,1,1,0
45,575434D4-CBBA-4C1D-9298-42759953FDD9,,270.275,270.275,,ATIS,8369D5BD-0738-47AA-B125-49DF10BC8C29,,BLANK,0,0,1,1,1,0
46,E7E2507A-BE76-476B-A2FC-0DCD496B2281,,127.2,127.2,,ATIS,0462EEED-C6C6-49B0-8568-022997AD88DA,,BLANK,0,0,1,1,0,0
47,1EA7AE8A-29D2-4CC4-8242-065B7E438B0B,,118.6,118.6,,ATIS,D2F5E5D7-0164-4F7E-B455-E855462B223A,,BLANK,0,0,1,1,1,0
48,91C76FDA-5FCC-4171-90B4-8CEC1D719222,,270.1,270.1,,ATIS,94292B9A-7476-42CE-8750-88ED67A830CA,,BLANK,0,0,1,1,0,0
49,C6C87875-4D16-464C-A1AC-A6F26F66EAD9,,123.8,123.8,,ATIS,9C364155-FBDD-4833-8A56-B8A6296BC6CD,,BLANK,0,0,1,1,0,0
50,763BC6A2-8260-4C0C-923E-9526086B21F0,,279.65,279.65,,ATIS,9C364155-FBDD-4833-8A56-B8A6296BC6CD,,BLANK,0,0,1,1,0,0
51,1182E5BC-4020-4B06-82D4-A81B6D335A24,,118.8,118.8,,ATIS,AEEF65E3-9B3B-4AB1-81FE-40B7E01087CC,,BLANK,0,0,1,1,0,0
52,8B0DEA84-F9A2-42FF-8DA6-9E8F8E72DBD4,,273.5,273.5,,ATIS,AEEF65E3-9B3B-4AB1-81FE-40B7E01087CC,,BLANK,0,0,1,1,0,0
53,2EEFAE62-6F1D-4C5A-9DF0-1DE637A30D44,,124.475,124.475,,ATIS,188F7090-F20A-4BEC-A2EC-7309C7D4E353,,BLANK,0,0,1,1,0,0
54,1E4D8F5F-6996-44E0-A16E-35710A477A7C,,118.6,118.6,,ATIS,83DB1D48-9B5C-4A56-A45F-58FBC7948631,,BLANK,0,0,1,1,0,0
55,72ECA8B6-B246-4E69-943D-9E0A98840630,,134.5,134.5,,ATIS,1A3B8A78-041B-421E-A65A-C0CC5B07B161,,BLANK,0,0,1,1,1,0
56,94E51E42-073F-496B-A44B-EB9DD466CD7C,ARR VIA FIM/PMD VORTAC ONLY,135.125,135.125,,ATIS-ARR,5BEDBFA7-3EED-4C91-BFA0-605EF78FFF9C,,BLANK,0,0,1,1,1,0
57,72159B04-D19C-44F0-8526-587CC589B899,,126.025,126.025,,ATIS,4AA86D60-3CA6-4F3B-BA08-49B797099C72,,BLANK,0,0,1,1,0,0
58,8DBF9BDE-442B-4CA5-BD9B-83B42E01E835,,120.15,120.15,,ATIS,A7679C47-A654-4D8B-9F5C-7E74C94A2441,,BLANK,0,0,1,0,0,0
59,5FA3CABE-05FA-444B-AFFB-7A021BD852A1,,322.375,322.375,,ATIS,F3A5A48F-BE66-4830-8393-09098BDA5CA2,,BLANK,0,0,1,1,0,0
60,48DF3419-2823-4410-8E2A-A9B284A18125,,125.85,125.85,,ATIS,EE8A6179-5DA1-42B0-AED9-3462CB06CE84,,BLANK,0,0,1,1,1,0
61,EB0E84E8-A58F-4D33-A791-7A0A41B75F46,,124.7,124.7,,ATIS,C128997F-9DAB-4996-838D-32E7ED582DED,,BLANK,0,0,1,1,1,0
62,AC281428-1B03-4628-B754-03CF2B3613EB,,269.275,269.275,,ATIS,A4B60204-ABC1-44F8-82C8-EB3F053D510A,,BLANK,0,0,1,1,0,0
63,93A36CE2-6C59-4E97-989E-7EA003657FE1,,118.75,118.75,,ATIS,4EE59101-03A1-41E1-A1B8-B2F4121EDAB7,,BLANK,0,0,1,0,1,0
64,2535C862-400E-4AAB-BA4D-6EC3D32ADAFD,,135.55,135.55,,ATIS,87382E2F-E6A8-4CCD-8747-C767BFCB63DB,,BLANK,0,0,1,1,1,0
65,244052F2-D155-44A3-9F06-B374143F2A4C,,292.125,292.125,,ATIS,87382E2F-E6A8-4CCD-8747-C767BFCB63DB,,BLANK,0,0,1,1,1,0
66,9A5F13D0-BA82-4906-A6AC-0873AAB88FD2,,121.35,121.35,,ATIS,CB429BBC-742B-47AA-AB20-C30691E9E668,,BLANK,0,0,1,1,0,0
67,93030AD1-48B2-4FC4-BA57-B04DA88F28A4,,273.6,273.6,,ATIS,CB429BBC-742B-47AA-AB20-C30691E9E668,,BLANK,0,0,1,1,0,0
68,E8415FAE-CC4F-4EA8-8D41-A5E940BC9A66,,125.05,125.05,,ATIS,3DB9FFC6-3EC3-466E-938D-B603B0394CD4,,BLANK,0,0,1,0,1,0
69,A321AB64-FC38-4915-B377-89953BEE21BB,,118.4,118.4,,ATIS,79890116-1B90-4D39-AB00-0C5E8F654543,,BLANK,0,0,1,0,1,0
70,5A55742E-AE96-4DF8-BAAD-811C7D854036,,126.7,126.7,,ATIS,95D4252A-CA20-441C-8497-8C3B4AE0F32A,,BLANK,0,0,1,1,1,0
71,FB61923D-607F-42C9-BBC0-FA9FEB9EF9FD,,276.2,276.2,,ATIS,5CE47CAF-BF80-4130-88B2-F95E59B0A7F9,,BLANK,0,0,1,0,0,0
72,9661BC95-01C0-4572-9760-1739F93066FF,,124.4,124.4,,ATIS,24172AEE-48E2-4BB6-94A9-93DFC955B141,,BLANK,0,0,1,0,1,0
73,5FC8BE88-C6F3-4671-A65D-F49D513F629D,,126.3,126.3,,ATIS,88986CC1-C555-4B49-A188-71297A6AA4A6,,BLANK,0,0,1,1,0,0
74,D7581E3D-0F5C-4DAE-B3E6-28678C6C9926,,121.575,121.575,,ATIS,40AA2813-1C42-41B5-BAD2-C2E4B3DDFDBB,,BLANK,0,0,1,1,0,0
75,F6F25229-3743-49AC-981C-0DCA22ABFEF9,,327.15,327.15,,ATIS,40AA2813-1C42-41B5-BAD2-C2E4B3DDFDBB,,BLANK,0,0,1,1,0,0
76,13CD835C-19CE-4E4B-9E39-E61D9C775CFD,,119.65,119.65,,ATIS,616BCD14-7D1A-463A-BD3D-958F9A660D06,,BLANK,0,0,1,1,1,0
77,2C5D5B78-F43F-4EFC-B4CC-A7CE679F627D,,133.125,133.125,,ATIS,86FAA30D-F163-4546-B966-06C5067825F9,,BLANK,0,0,1,1,0,0
78,ABB029A2-4BD0-4DCB-86D9-BE808D7B02E8,,257.975,257.975,,ATIS,86FAA30D-F163-4546-B966-06C5067825F9,,BLANK,0,0,1,1,0,0
79,69485BB3-CF5D-49AD-BA69-84BFD51D664B,,127.75,127.75,,ATIS,B473A0AD-53A2-4300-9730-8B821628CD88,,BLANK,0,0,1,1,1,0
80,39E8C8D8-0D37-4424-BD4E-27F29068A1A8,,118.875,118.875,,ATIS,637A60A5-5BBF-4692-85C9-7E3983DCEDC0,,BLANK,0,0,1,1,1,0
81,1B071DF4-6127-47FC-B182-B728282D1F8D,,379.975,379.975,,ATIS,637A60A5-5BBF-4692-85C9-7E3983DCEDC0,,BLANK,0,0,1,1,1,0
82,42721836-8A2C-4353-A281-75A977AB697B,ARR,133.8,133.8,,ATIS-ARR,575E3FE2-565F-48C4-9A9A-F56683AB2CDA,,BLANK,0,0,1,1,1,0
83,816FFCD2-D656-4965-A9CD-87DB647624E3,DEP,135.65,135.65,,ATIS-DEP,73F56DF0-A83F-48BA-AFCE-65792C36D333,,BLANK,0,0,1,1,1,0
84,D20DF90C-2D99-4EB6-8D37-119678600517,,132.1,132.1,,ATIS,3BF424C2-2BA6-4EEB-92B4-1797EE56DDCA,,BLANK,0,0,1,0,1,0
85,75929783-547C-445B-B7A6-8B3E400206CD,,124.55,124.55,,ATIS,C1EACE23-2662-4EC8-9B53-4268192C185F,,BLANK,0,0,1,1,0,0
86,334A7D41-97AF-4E1E-AF78-37D68FAB497D,,273.5,273.5,,ATIS,C1EACE23-2662-4EC8-9B53-4268192C185F,,BLANK,0,0,1,1,0,0
87,D1D8AD82-254A-41DF-90A6-27CE8E81A393,,127.7,127.7,,ATIS,C5B0988B-587A-4517-B55F-603938CE3245,,BLANK,0,0,1,1,0,0
88,2327F86D-4FD0-4034-AC96-1B8F8D7643B7,,119.25,119.25,,ATIS,1AD71D40-EA5B-4635-A3E5-1AFE09174C6C,,BLANK,0,0,1,1,0,0
89,1E2C6150-1B1D-461B-9D6C-E344A768B5B4,,124.175,124.175,,ATIS,C7806AAD-14CC-41D2-AA95-339BB88A7393,,BLANK,0,0,1,1,1,0
90,58AAE6D9-9F8B-4D6E-A8CE-196303BA2E38,,283,283,,ATIS,C7806AAD-14CC-41D2-AA95-339BB88A7393,,BLANK,0,0,1,1,1,0
91,BB520DE2-9491-4C1E-BF29-A8F002B0C54D,,124.05,124.05,,ATIS,5A2C4A31-56AD-4FB5-8A52-1FFCD9C580C1,,BLANK,0,0,1,1,1,0
92,6CC5FF6A-6733-4356-904E-DA76EF2CA76A,,133.775,133.775,,ATIS,1A33AE53-C0CE-4111-AAFE-B92E6462F947,,BLANK,0,0,1,1,1,0
93,954E39C0-D212-4ABD-9F5C-6E302A3FB6E5,,124.25,124.25,,ATIS,834717EB-B84F-4F90-A03E-364E17EC9B7D,,BLANK,0,0,1,1,1,0
94,A1748A10-9357-4123-9BEA-B7ACB773CC73,,118.05,118.05,,ATIS,AD1432F4-35DB-4AAC-AD1A-C387D1584ECF,,BLANK,0,0,1,1,0,0
95,E0C086F6-0900-43A0-B052-419F0667F99A,,135.275,135.275,,ATIS,B1393810-D234-43FB-9234-6D673D1D1E51,,BLANK,0,0,1,0,1,0
96,BF81FEB8-BC4B-45D5-B2E6-733B4CE36771,,125.55,125.55,,ATIS,F24F675F-54B0-46C2-9EF2-3B357655A6B9,,BLANK,0,0,1,1,0,0
97,B8182208-807F-4721-A168-64DC106C6C31,,363.05,363.05,,ATIS,F24F675F-54B0-46C2-9EF2-3B357655A6B9,,BLANK,0,0,1,1,0,0
98,CB08A470-8834-405D-9B1F-C475670A0176,,132.025,132.025,,ATIS,F65FE311-8E5E-4669-8D9D-26B5FD5EB142,,BLANK,0,0,1,1,0,0
99,83CD3A30-39ED-4F5D-8E26-E58B741A038B,,124.1,124.1,,ATIS,4860B5E9-4A8E-4D28-9419-9442628B8A78,,BLANK,0,0,1,1,0,0
100,EDC69E0F-DF65-45DF-94B2-525492180B4E,,134.75,134.75,,ATIS,A7F273D9-627B-493B-8282-54B55A4DB3E3,,BLANK,0,0,1,1,1,0
101,5E280B54-6DBD-4CF1-B593-4479CAD77A88,,239.05,239.05,,ATIS,A7F273D9-627B-493B-8282-54B55A4DB3E3,,BLANK,0,0,1,1,1,0
102,4BF53839-A681-4A71-861A-9257AF6323EE,,128.8,128.8,,ATIS,F77EDD22-BC49-45FB-840E-FB3DEFC12CAD,,BLANK,0,0,1,1,1,0
103,1DD6D441-70DC-433F-B409-B3273F258851,,125.5,125.5,,ATIS,69922851-442B-4E99-9492-3B492167E768,,BLANK,0,0,1,1,0,0
104,335100F6-0AA2-43BF-ACFB-EB0F5E328F65,,126.75,126.75,,ATIS,806A3216-1F79-4BFE-B3B4-DB030AF328CC,,BLANK,0,0,1,1,0,0
105,CFC624C4-9487-47F5-8A37-0F191ABB4406,,118.325,118.325,,ATIS,F1614287-E474-48A5-AD3D-5DABF0544F78,,BLANK,0,0,1,1,0,0
106,A9B6A427-FF31-4684-B920-699241B71545,,124.85,124.85,,ATIS,F798F111-64A4-4689-AC18-C38871576730,,BLANK,0,0,1,1,0,0
107,AFA8B0BC-B0A4-4947-AC98-D7C821AE886C,,124.175,124.175,,ATIS,475DFFF6-363E-4195-87EB-63F74FA1788D,,BLANK,0,0,1,1,1,0
108,78FB4957-7996-4C1B-B467-6DD5B37EA9A5,,125.9,125.9,,ATIS,38C7DC61-067B-4A9E-8571-DEE7C91DD442,,BLANK,0,0,1,0,1,0
109,5FFD1460-C5A5-4251-808F-E44A14A4542D,,268.6,268.6,,ATIS,DC5A2FD9-6968-4046-A51D-14162FA204C5,,BLANK,0,0,1,1,0,0
110,2B0D412F-F520-4C78-A444-87BDF6A56AAD,,132.35,132.35,,ATIS,0B7C2C37-B832-414D-9963-0F313DAA73B5,,BLANK,0,0,1,1,0,0
111,53C73717-17D1-4708-B7F7-61E941AD5F89,,352,352,,ATIS,2E1ACBEB-4BE4-4FB3-945C-9995E7A166C5,,BLANK,0,0,1,1,0,0
112,4B104FC1-CCEB-4840-89EC-18A89A5F9B87,,126.9,126.9,,ATIS,18F9C67C-D9C6-4D0D-8751-513FE76475C8,,BLANK,0,0,1,0,0,0
113,DB7F98A2-9845-4073-A765-C4DA1016CCA2,,317.8,317.8,,ATIS,14D2B8E4-7A9C-4402-86EE-1C3E44F5E8AB,,BLANK,0,0,1,1,0,0
114,1340A4D6-AD25-40FB-BBD9-61001A29AC3D,,134.8,134.8,,ATIS,6660384D-2CF4-45BB-B49F-FFB52DB45427,,BLANK,0,0,1,1,0,0
115,3823174C-6EA6-487F-AD7E-1D5CCC730FEA,,125.45,125.45,,ATIS,6BF42D51-0A45-46C0-8AED-F4E6CC8253D8,,BLANK,0,0,1,1,0,0
116,DAD42EE1-8374-49BE-A15E-0247E2CF32B4,,113.7,113.7,,ATIS,98486FCB-FE3B-4AE6-BCE1-EBA442FEB072,,BLANK,0,0,1,1,1,0
117,56712642-1C8B-4F42-8E39-403F0BA88AF9,,115.8,115.8,,ATIS,98486FCB-FE3B-4AE6-BCE1-EBA442FEB072,,BLANK,0,0,1,1,1,0
118,4E30F624-0830-4351-AD3B-025695F5A1C5,,126.95,126.95,,ATIS,531A7E8C-571E-456B-8FBB-0ABDCC8E6541,,BLANK,0,0,1,1,1,0
119,F6B34947-3AF3-469E-9301-EEB339131843,,125.2,125.2,,ATIS,E9486E9D-5807-4C53-BDCE-9E5E80426F21,,BLANK,0,0,1,0,0,0
120,98C30D8F-7CD9-48CB-9B79-FC42BB6FB26D,,120.6,120.6,,ATIS,417F1067-095A-4DE6-AF8A-C5442AD74A5C,,BLANK,0,0,1,1,0,0
121,C492F154-3BED-4E82-A4C5-B41F168C284A,,126,126,,ATIS,A1B4AB40-84D0-4164-BC3A-5360E6DF2D35,,BLANK,0,0,1,1,1,0
122,DF8430E5-0CDF-4EAA-A50F-CAFF77171367,,132.65,132.65,,ATIS,64888D03-109D-40CD-9974-C920E88F04DC,,BLANK,0,0,1,1,0,0
123,9D4532EF-02F5-43D3-9813-DA404F789E47,,121.15,121.15,,ATIS,AD64948D-B683-4AE8-846E-64AF44C6D264,,BLANK,0,0,1,1,0,0
124,5AE6B4F2-0D7C-47C5-B36F-B3FFFA88C0FE,,119.15,119.15,,ATIS,E2382362-4E1E-4148-AE66-FC6697FF2848,,BLANK,0,0,1,0,1,0
125,B6BD1E0F-4BC3-4B46-A074-88D795357301,,120.55,120.55,,ATIS,0A08354A-4348-41E5-AC67-928CB43E10B9,,BLANK,0,0,1,1,0,0
126,8D7DB6EA-7BA4-457A-9A0E-9A0AF523EA90,,118.25,118.25,,ATIS,8438B4ED-0E8A-4429-959F-D5F783D132CA,,BLANK,0,0,1,1,0,0
127,F7F8F963-D684-45C5-A9F7-1CA65FFD5CE3,,125.6,125.6,,ATIS,F5FA0ACF-A68E-41BE-9E9F-8C9E256B1A6A,,BLANK,0,0,1,1,1,0
128,2B52DFD9-A00C-48F0-8900-506901E3A30D,,127.55,127.55,,ATIS,3273AB13-B634-4696-90FD-DD12657D4313,,BLANK,0,0,1,1,1,0
129,00C78A95-FF09-401A-B0C2-2F5C897E0E9F,,135.475,135.475,,ATIS,002EE8FB-6ACE-414A-8FDD-B8553F746F7F,,BLANK,0,0,1,1,0,0
130,05505C1E-8CF0-4838-9C68-18C775D61935,,120.4,120.4,,ATIS,DC73230E-1484-4E09-B4C0-EDDFA6B4D53F,,BLANK,0,0,1,1,0,0
131,0610B749-1B4A-4934-9C28-15A4A214D99D,,119.675,119.675,,ATIS,FBF60099-506D-4964-9AE6-25D87D71C941,,BLANK,0,0,1,1,1,0
132,AC176FA2-E2F2-4705-A35C-1CACBCDBBE8B,,259.3,259.3,,ATIS,FBF60099-506D-4964-9AE6-25D87D71C941,,BLANK,0,0,1,1,1,0
133,D266F30E-D434-409B-BD30-CF5820DBBC3C,,125,125,,ATIS,5A123598-1483-4721-9769-D4E85FA14C14,,BLANK,0,0,1,1,0,0
134,2D5EAB91-8535-49D2-9975-F8B64A9A2B17,,254.3,254.3,,ATIS,5A123598-1483-4721-9769-D4E85FA14C14,,BLANK,0,0,1,1,0,0
135,BD8FBB6E-54EC-40F6-8DEE-CFA11585295A,,128.525,128.525,,ATIS,67B86C73-F05F-43EB-9C6F-29891BFC6074,,BLANK,0,0,1,0,0,0
136,A92B9F86-DB51-47E1-B6CA-A73141128C36,,269.375,269.375,,ATIS,67B86C73-F05F-43EB-9C6F-29891BFC6074,,BLANK,0,0,1,0,0,0
137,DC7F262E-1CE1-4808-927E-FC9B3C2EA77F,,120.3,120.3,,ATIS,D8D417A4-75E5-4611-A3B8-5ACDC738FEB5,,BLANK,0,0,1,1,1,0
138,D4663AC7-D685-4F05-9EEE-C7A2059E761C,ARR,125.6,125.6,,ATIS-ARR,D35DE87D-64A0-4AFE-99B5-55E98F388517,,BLANK,0,0,1,1,1,0
139,B4D95202-3272-4910-96F8-90EF4A780B1A,DEP,134.025,134.025,,ATIS-DEP,4B685D03-ECDA-47BA-83C8-8BEB372A53EC,,BLANK,0,0,1,1,1,0
140,50BADCA1-2277-4A13-A5FA-F84F738FFBE7,ARR,379.9,379.9,,ATIS-ARR,D35DE87D-64A0-4AFE-99B5-55E98F388517,,BLANK,0,0,1,1,1,0
141,16DD8592-7168-49BF-B8C7-B1A1DD92E8D8,,126.25,126.25,,ATIS,F5113BEC-CA79-447D-AB65-1A7F82FBEA0A,,BLANK,0,0,1,1,1,0
142,3004FCDF-80EB-423A-86E7-6C6901D0F1A4,,135.575,135.575,,ATIS,B3EAD994-326A-44C4-B6D9-A98DAD2A4EB6,,BLANK,0,0,1,1,0,0
143,4BBAF83D-3BCF-4103-9E32-D0E571CC137F,,108.8,108.8,,ATIS,DCD1853E-3869-4365-BF57-4F4D75BB6182,,BLANK,0,0,1,0,0,0
144,DCC49910-8D94-4A13-B218-E1701F512AAB,,118.55,118.55,,ATIS,F50BBDB6-2CE7-4A8B-837E-B47569ECCEF5,,BLANK,0,0,1,1,0,0
145,37B552E3-75CA-45DA-8CC6-9116F0FCB42E,,125.25,125.25,,ATIS,9E132F80-5FAE-4BD0-9F80-68533FB8DB2E,,BLANK,0,0,1,1,0,0
146,6A87E488-CB63-4730-A45F-0BB44DAC4F42,,119.15,119.15,,ATIS,80AB20CB-1879-42E7-9167-421622135F64,,BLANK,0,0,1,0,0,0
147,F5DF207E-3EE1-4F09-8D51-FB6AB7D302DE,,127.75,127.75,,ATIS,CA274050-1635-4526-8128-7C317B5EC22D,,BLANK,0,0,1,0,0,0
148,133E94B8-D586-48D6-96F1-12E16137D2B5,,127,127,,ATIS,A537959B-86BF-43D7-9C14-565C31445B1A,,BLANK,0,0,1,1,0,0
149,1AFB8364-18F4-4733-B5E4-49201B3E2D79,,133.65,133.65,,ATIS,16AAE798-A12D-4CF2-9B07-778828E8CD1B,,BLANK,0,0,1,1,0,0
150,5F41F6F8-1D06-45CB-AA9C-D9628F9B78AD,,132.975,132.975,,ATIS,8836D3C7-2947-4145-BCA5-98B2A90E23AA,,BLANK,0,0,1,1,0,0
151,1A3A6B26-C23F-4EF3-945F-B4BFB0CB4486,,118.15,118.15,,ATIS,CCE5B661-9EFD-41B6-944F-BDD6B1ECE3EE,,BLANK,0,0,1,1,0,0
152,29E468D7-4D42-462E-A8E7-258513BCC7AB,,125.175,125.175,,ATIS,569C3EAA-0D4F-463D-9474-55A28A927484,,BLANK,0,0,1,1,1,0
153,C2241FD0-131C-4B2F-B596-FC6D220C34EF,,132.65,132.65,,ATIS,CC6BEDB6-BA04-4883-846B-48048DFB5397,,BLANK,0,0,1,1,1,0
154,5C911410-B52E-4C54-955D-4E4A04B21C52,,134.85,134.85,,ATIS,9E7CC0D6-75AC-4991-9674-2567164E1931,,BLANK,0,0,1,1,1,0
155,90F1D4F5-EC93-475A-BC11-79B0CAE8DEAE,,273.5,273.5,,ATIS,621A161A-89CD-473E-931E-5234D6D1109F,,BLANK,0,0,1,1,1,0
156,43DD81AA-286D-468E-BFA5-071877DD3DC6,,123.95,123.95,,ATIS,455A9DA0-907E-416C-BED2-DCA7F2ECEAF0,,BLANK,0,0,1,1,1,0
157,34455DD8-3D35-41F1-AA3B-CE282A02576C,,119.175,119.175,,ATIS,C76880EB-4A75-47E4-B81F-8C71530ED6F6,,BLANK,0,0,1,1,0,0
158,E848AC9D-B757-49E1-8774-34798D4A7095,,273.5,273.5,,ATIS,C76880EB-4A75-47E4-B81F-8C71530ED6F6,,BLANK,0,0,1,1,0,0
159,D99F6283-A78D-4C7C-A6BF-B4F1306885FF,,119.85,119.85,,ATIS,60E9EEBD-B93D-47DD-8D1B-6EAEC0AAB9BB,,BLANK,0,0,1,1,1,0
160,AF1C34AF-EA7A-4236-BE97-5B25158F609D,,135,135,,ATIS,7F7E6130-9AD9-415A-B7C8-366AA5BA5A3D,,BLANK,0,0,1,1,1,0
161,07776409-3CA3-424A-8B45-3AFC3D3C21AF,,123.725,123.725,,ATIS,1D209E81-65C9-4D5C-BD5C-BA4A2FEC9D8C,,BLANK,0,0,1,1,0,0
162,AAC64B4B-A89E-45B1-8F43-84A7ECB2704F,,124.65,124.65,,ATIS,76792A60-A449-433D-A393-2D37E6AABB68,,BLANK,0,0,1,1,0,0
163,67325672-5019-4AD5-860D-AF3B594070F7,,134.825,134.825,,ATIS,054CD426-EE5D-4231-9452-9B82C4639797,,BLANK,0,0,1,1,0,0
164,4B75D1E2-4113-44BF-8B17-46E67B2CE2C5,,127.15,127.15,,ATIS,064D7BC7-90DE-4E84-879F-738F8371CED2,,BLANK,0,0,1,1,0,0
165,7276750D-67B9-4F04-BAA0-581C517A296C,,135.475,135.475,,ATIS,63BE469A-DE21-4D13-93A4-B428B63E0A4D,,BLANK,0,0,1,0,1,0
166,03A3492C-23C6-44AD-8F70-3785D02129E3,,125.275,125.275,,ATIS,1FB39C9C-1285-450E-AD8B-1EBFF08D4F9A,,BLANK,0,0,1,1,1,0
167,6ECF4562-F342-48BC-BA9E-74BD39E33C5E,,125.4,125.4,,ATIS,67505E5A-EFBA-45A1-974A-F531D0DC09AA,,BLANK,0,0,1,0,1,0
168,F754BB06-6BFC-47F1-8D3A-7D69A145E900,,125.85,125.85,,ATIS,2C18743A-B132-40BD-84E4-4AF15F4C9858,,BLANK,0,0,1,1,1,0
169,6AE23A4B-8163-4E5E-B910-EEF7533BBEB5,,119.675,119.675,,ATIS,F2F94589-E955-4DC6-9A7A-055A19780EDB,,BLANK,0,0,1,1,0,0
170,5FF25F83-C2D3-4513-9A0D-E918165619A8,,307.025,307.025,,ATIS,98E45729-891A-4CC9-9EB9-A0D012606A66,,BLANK,0,0,1,1,0,0
171,5F777229-7188-44FE-AE0F-AE14F65127F2,,118.025,118.025,,ATIS,A935BC53-D153-409E-A27C-5663AD5E5912,,BLANK,0,0,1,1,0,0
172,FD53CB06-E243-4A1E-BD56-A2491DCC33DA,,134.475,134.475,,ATIS,A731484B-12B6-40AE-BB42-1C22C78C7338,,BLANK,0,0,1,1,0,0
173,AAA815A4-77B4-4C2A-80C1-00B6E656A0FB,,360.675,360.675,,ATIS,A731484B-12B6-40AE-BB42-1C22C78C7338,,BLANK,0,0,1,1,0,0
174,805137F6-32AA-4D2A-91E9-638484B9EA97,,236.775,236.775,,ATIS,062517F6-6A08-4956-A546-50DEBA6EB9A5,,BLANK,0,0,1,1,1,0
175,4660E0EE-F458-47B1-A303-0CC299687FC3,,132.55,132.55,,ATIS,A1AC5E5C-C1E3-40B7-A61C-AE2C0127C99E,,BLANK,0,0,1,1,0,0
176,58A80FEA-EA71-4B93-9D30-83777ADED5FB,,124,124,,ATIS,8FAB9816-9989-4BA8-8F12-C8D3F9E564CF,,BLANK,0,0,1,1,1,0
177,8D63D217-7191-4FEB-9666-E58DF253CC9E,,119.15,119.15,,ATIS,080A7856-EA32-403D-8FFD-4E608F8215D8,,BLANK,0,0,1,1,1,0
178,161501AC-3399-4146-B88D-BEB42C91814A,,133.675,133.675,,ATIS,080A7856-EA32-403D-8FFD-4E608F8215D8,,BLANK,0,0,1,1,1,0
179,CE78F99F-8408-428E-BD81-E70C3AE314F1,,125.9,125.9,,ATIS,30A8C8AD-E4FD-4F69-8A5B-DE484FA70ED5,,BLANK,0,0,1,1,1,0
180,9DEB6DED-C3F1-4EEF-96F1-1A2782642BB1,,290.325,290.325,,ATIS,6734F00F-98C1-488A-9EFB-6BE443E1CA1C,,BLANK,0,0,1,1,0,0
181,050D752D-3A24-4A4F-812D-691C324246CC,,273.575,273.575,,ATIS,E146B5E2-6503-4DFA-A2F4-F2233EDA4B0F,,BLANK,0,0,1,1,0,0
182,698F5745-ED07-40C7-B926-19F7855A94E5,,134.225,134.225,,ATIS,AD185549-7543-4DF0-928C-EAA5CEAEFE67,,BLANK,0,0,1,1,0,0
183,9068CC64-907F-4384-A178-5D0280107AC5,,124.625,124.625,,ATIS,B101745F-FC1A-4B96-879F-2B158169D995,,BLANK,0,0,1,1,0,0
184,ECBF28B2-8708-4BFB-9BD5-E988BBB60ABA,,128.125,128.125,,ATIS,29AE5E83-9A1B-414C-8C88-3836D49FD493,,BLANK,0,0,1,1,0,0
185,03F8B5BF-7369-4347-B78A-C871F9A6929E,,127.25,127.25,,ATIS,39B31CBD-BD80-4BAE-8371-46335D63BA33,,BLANK,0,0,1,1,0,0
186,50DB2668-106D-4B21-85CA-804EC228DDA0,,128.775,128.775,,ATIS,115E512E-A312-4829-92F6-5D1B68FB1BF7,,BLANK,0,0,1,1,0,0
187,120B94B9-0DFD-46D6-8775-B592141EAB4D,DEP,120.525,120.525,,ATIS-DEP,FFD911FB-6ACC-4CA1-995B-8F5307E1F355,,BLANK,0,0,1,1,0,0
188,F20D045B-FAD9-4F63-AF3D-9F08018D6A32,,125.975,125.975,,ATIS,8A642C4D-A74F-445E-B57E-ABE25E61121E,,BLANK,0,0,1,1,0,0
189,D1C5D3D6-A213-4801-8D53-AE6C0550B1B9,,118.475,118.475,,ATIS,E6225D6C-3266-478F-A1F7-086434514E44,,BLANK,0,0,1,0,0,0
190,9E2DE840-BB56-41A5-9B1B-39C4A3D48A86,,119.975,119.975,,ATIS,70FADF63-AC46-4B96-8F66-F36067F967E8,,BLANK,0,0,1,1,0,0
191,399315D2-59C0-479F-B494-BF72E42D44A8,,254.4,254.4,,ATIS,F8B2F375-1004-4043-9CCF-FE4BB75462B8,,BLANK,0,0,1,1,0,0
192,3DFFA9E1-AAC9-4CDD-9E5D-83A28558F227,,121.25,121.25,,ATIS,13214C6B-4E99-49CA-8C33-59FA5AFF8E68,,BLANK,0,0,1,1,0,0
193,A8684504-C0F4-44DA-BDAA-935FAF43F20E,,124.35,124.35,,ATIS,4E1390D3-3F73-4CEA-9E56-B847C014081C,,BLANK,0,0,1,1,0,0
194,44C3EAD5-BE3D-4198-9B3F-91FC66FABEA2,,266.8,266.8,,ATIS,4E1390D3-3F73-4CEA-9E56-B847C014081C,,BLANK,0,0,1,1,0,0
195,D850E622-2D83-40CC-BB4D-156EFF46F255,,120.55,120.55,,ATIS,E7CF8A2B-67F6-4F2B-9C2C-194CD576F61D,,BLANK,0,0,1,0,1,0
196,3D835947-ECEA-47B2-ABDF-33D720B1F538,,124.375,124.375,,ATIS,ED6734D1-AF92-4B3A-A396-AD4CBCDAD012,,BLANK,0,0,1,1,0,0
197,B4A56C24-FF98-4090-B207-DAD029CAB86E,,119.625,119.625,,ATIS,9D2B5BE0-87B4-484A-B74F-18BD23D55FAD,,BLANK,0,0,1,1,0,0
198,3D59B61B-7376-46DE-AEE8-076A3DFBA209,,134.5,134.5,,ATIS,6C1BCFEF-A14C-45BD-A84F-B37FE0FFEAEB,,BLANK,0,0,1,1,0,0
199,B51D79AD-2333-492C-A3C7-4F571F739405,,134.475,134.475,,ATIS,B9E73C22-54CD-4738-932A-08C25B734F61,,BLANK,0,0,1,1,0,0
200,36309ED1-0691-4D6E-AF99-15144A1AD74F,,119.45,119.45,,ATIS,3FBB983E-3C8D-4093-B1B8-055A6FE39D54,,BLANK,0,0,1,1,0,0
201,43B75E24-9B2E-400F-BEE6-756DD1EA63E0,,239.25,239.25,,ATIS,3FBB983E-3C8D-4093-B1B8-055A6FE39D54,,BLANK,0,0,1,1,0,0
202,4FF4EC1F-4C92-4A41-9907-2511889586E7,,133.825,133.825,,ATIS,BB9B0D69-92EC-450E-8F47-8EB3D5C8335E,,BLANK,0,0,1,1,0,0
203,17149699-4A17-4026-88AA-1C0A82C2050C,,270.1,270.1,,ATIS,BB9B0D69-92EC-450E-8F47-8EB3D5C8335E,,BLANK,0,0,1,1,0,0
204,C5A89CE9-CB68-4C45-8AFB-4E71FBF6F499,ARR,126.45,126.45,,ATIS-ARR,29F12297-952B-44CD-9569-34A49321724E,,BLANK,0,0,1,1,0,0
205,6ED7B9A4-7E11-42AC-90F4-EAC6EC9EE89C,DEP,128.475,128.475,,ATIS-DEP,A0AAF240-ACEF-4108-9D4C-21C49D72D9EF,,BLANK,0,0,1,1,0,0
206,86E33D2F-648A-4D18-A61B-1AD3FB54455F,,120.625,120.625,,ATIS,CC880441-196C-4419-AD46-9B99D788111C,,BLANK,0,0,1,1,0,0
207,AABDE617-80B3-4FC8-AD7B-EA78BC8C9285,,134.625,134.625,,ATIS,20064BD9-04DA-4A7F-BE12-97E96CE51521,,BLANK,0,0,1,1,0,0
208,757586E4-43F7-422F-93B7-4353B36040E9,,273.5,273.5,,ATIS,20064BD9-04DA-4A7F-BE12-97E96CE51521,,BLANK,0,0,1,1,0,0
209,B1497D84-5222-4183-B6F7-749F02221DCE,,120.575,120.575,,ATIS,3F2C0978-60F3-4C78-B4C9-FDE015C113BA,,BLANK,0,0,1,1,0,0
210,C8787320-783F-42DF-9703-31BABF5C10A7,,123.75,123.75,,ATIS,EC46F93F-B75B-4240-89B0-68DD60FB4A6E,,BLANK,0,0,1,1,0,0
211,9B375573-437B-4A95-A8F1-1BD071CEB1FE,,133.05,133.05,,ATIS,823986D6-40DA-4BEC-99E9-48F601A37466,,BLANK,0,0,1,1,0,0
212,C42F7D9F-0D04-45E1-959B-4D865F4EAFA9,,128.125,128.125,,ATIS,5653DE74-9AAC-45EC-83ED-94AD5F770CE5,,BLANK,0,0,1,1,1,0
213,1D34E4F7-36BE-4FFF-9168-C870B0F5331C,,128.4,128.4,,ATIS,B4AEAECF-47CF-47DA-A2A4-1D540DF45792,,BLANK,0,0,1,1,1,0
214,7622B6EF-26E7-481A-B0BE-54F9B54B8744,,120.175,120.175,,ATIS,6EC13F8A-1D71-461E-986B-F48113B91E62,,BLANK,0,0,1,1,1,0
215,29A44450-A33F-496B-AA1D-79A9E806AB1E,ARR,119.65,119.65,,ATIS-ARR,20DAED0E-7BDD-452C-A1C0-B27A6D06D4B9,,BLANK,0,0,1,1,1,0
216,73454C0C-B4D4-4C6D-9C68-CCC6980AB926,DEP,125.55,125.55,,ATIS-DEP,82BE6BD4-C11D-4113-A119-2B22D875E1BD,,BLANK,0,0,1,1,1,0
217,252D42EF-8385-4EFC-9B47-F97F1ED29EA5,,132.75,132.75,,ATIS,4795E83C-D283-42CC-89D5-0F6EA30003D1,,BLANK,0,0,1,1,0,0
218,89175CBB-BF36-4067-86E2-BF42CF609E1A,,127.75,127.75,,ATIS,EA94D77E-DE58-499C-A3D2-D246B22D19A7,,BLANK,0,0,1,1,0,0
219,CACF590E-E6B7-4580-AF1F-696240A03A0D,,119.425,119.425,,ATIS,554A480B-AB52-4A1D-9710-1F541EBB7AE6,,BLANK,0,0,1,1,0,0
220,87037237-05BF-4869-BBA9-D564A8E05EFC,,134.375,134.375,,ATIS,5CB6AE81-3BEC-4EEF-A95E-F2C79307FB8E,,BLANK,0,0,1,1,0,0
221,4148B800-3DD8-4E7E-AAE5-0E4D6CA1A643,,118.475,118.475,,ATIS,9385FF63-812F-423E-9BFC-B3AF6D931988,,BLANK,0,0,1,1,0,0
222,9A9D296B-4698-4A4D-AB77-9BEE156D109B,,132.275,132.275,,ATIS,FCFDD647-E632-434E-96F5-ACD5C318B760,,BLANK,0,0,1,1,1,0
223,79CC761B-7344-4D44-8348-4964086E3A9C,,120.775,120.775,,ATIS,DC2F33DD-1438-4FA9-8CAF-493A1155BAB9,,BLANK,0,0,1,1,0,0
224,D9623256-67BE-4C9B-B396-A0E6DCA1C306,,269.5,269.5,,ATIS,68539D32-D99B-418B-BD63-A71D4B72EA7C,,BLANK,0,0,1,1,1,0
225,D7ADE512-08DB-42AD-8E68-17458359E4E2,,127.525,127.525,,ATIS,16240847-D6B5-4132-979E-7A427DE53687,,BLANK,0,0,1,1,0,0
226,7217D99F-4066-4439-B667-0E87555FA849,,323.125,323.125,,ATIS,16240847-D6B5-4132-979E-7A427DE53687,,BLANK,0,0,1,1,0,0
227,D64C42A9-6337-4C2A-81F0-308CDFBB77DA,,123.75,123.75,,ATIS,E443D06D-605E-49CA-9C4C-673F5DCAC322,,BLANK,0,0,1,1,0,0
228,6F41ECEF-4B73-4E9D-BD47-1AF97787D9C2,,273.5,273.5,,ATIS,BA67685A-0AC8-4456-8976-DBF610A40E2F,,BLANK,0,0,1,1,0,0
229,55DF964E-15B5-4CD4-AA33-80A9839144B6,,119.475,119.475,,ATIS,BE0827B6-9B97-4AF6-8BCC-87EE080881C6,,BLANK,0,0,1,1,0,0
230,77BD4B0B-1B5C-4273-98E4-A2F71C05BF53,,118.175,118.175,,ATIS,A796D490-D15B-4AED-9BDE-F607140A717A,,BLANK,0,0,0,0,0,1
231,4CE97A3F-D5EC-46E8-919A-CF350F9B4139,,254.325,254.325,,ATIS,A796D490-D15B-4AED-9BDE-F607140A717A,,BLANK,0,0,0,0,0,1
232,AEDACF58-B266-4FE1-AE2B-1F455DDF7AD4,,119,119,,ATIS,BB6F868C-CF6D-415F-B9C3-D8737E878AAB,,BLANK,0,0,0,0,0,1
233,1D8D813D-E715-472E-8A85-2D2E6265B07A,,124.7,124.7,,ATIS,C54743AB-9B40-4140-8769-45277EF4C850,,BLANK,0,0,0,0,0,1
234,A56442FC-8627-4B96-8DA9-407F139722E7,,293.225,293.225,,ATIS,C54743AB-9B40-4140-8769-45277EF4C850,,BLANK,0,0,0,0,0,1
235,29A7B176-0F4E-49A0-B3B1-4791DA29BD3D,,126.4,126.4,,ATIS,72F5BC34-9625-4D1F-AE8F-9BF5C13EBAD5,,BLANK,0,0,0,0,0,1
236,AED3DAC4-1D88-40DF-826D-F80B928AA4FD,,127.9,127.9,,ATIS,CA0D10C0-A609-41DC-B3FA-2F1BDEFF94BB,,BLANK,0,0,0,0,0,1
237,266E803F-D94B-49AA-B310-589FD5CCAD05,,251.15,251.15,,ATIS,CA0D10C0-A609-41DC-B3FA-2F1BDEFF94BB,,BLANK,0,0,0,0,0,1
238,4CCBE815-F015-447C-AF3E-4296EA42DD6F,,128.6,128.6,,ATIS,9371BD73-A00A-43E2-930D-4B2BFF3BFCC3,,BLANK,0,0,0,0,0,1
239,DDAD27DF-7BBE-43FE-B196-382A8C58D101,,127.4,127.4,,ATIS,A4BD18BA-81D6-467B-AA5D-C6C1E8CE95A2,,BLANK,0,0,0,0,0,1
240,EAA21C4F-CECE-42DE-B196-BE80F67426EB,,284.5,284.5,,ATIS,B6404233-478A-4543-BCEE-369850FD8D07,,BLANK,0,0,0,0,0,1
241,457B1F33-F707-49C9-A4A3-46B27103CE96,,119.8,119.8,,ATIS,8EC15BCB-377A-4AEB-9B3B-57857B37E107,,BLANK,0,0,0,0,0,1
242,AA4C1D26-4E90-470D-98E3-745A56A8D390,,128.2,128.2,,ATIS,5162B3B2-C888-42D4-88B2-5524E060C813,,BLANK,0,0,0,0,0,1
243,3721A6C0-BE32-4FCE-9EE7-662DA2EA9175,,127.2,127.2,,ATIS,4B4CC9B6-9DAE-44EE-A997-08D4D1204E60,,BLANK,0,0,0,0,0,1
244,D37EAD94-99BA-423A-9552-3D5726C8E152,,119.675,119.675,,ATIS,4D1F2473-C6C0-404F-A3A1-34347E5EBE9F,,BLANK,0,0,0,0,0,1
245,29E18941-2199-4F47-8B5B-BF15502F09B3,,242.4,242.4,,ATIS,4D1F2473-C6C0-404F-A3A1-34347E5EBE9F,,BLANK,0,0,0,0,0,1
246,392B3C74-026C-4547-80C6-A4C202D12B4D,,124.15,124.15,,ATIS,103E93D5-F2F9-4E95-A3AC-7450898F0F16,,BLANK,0,0,1,1,0,0
247,C3BDCC8D-1FA7-4BDF-BAED-1F2BE612A652,,119.55,119.55,,ATIS,38C8445C-F331-4C0A-BFB6-CA47DC2286CE,,BLANK,0,0,1,1,0,0
248,58CCBBBC-ABB0-43ED-B308-4FE8F4E69DCF,,127.25,127.25,,ATIS,0363B84D-89DD-4FC3-8FE1-5C4CFFF39907,,BLANK,0,0,1,1,0,0
249,DE12ED6A-FE0D-4AA6-80A8-33C40B08A709,,119.45,119.45,,ATIS,B3057016-DBA8-4B96-A7D9-174559F4C636,,BLANK,0,0,1,1,0,0
250,AFCB74F9-C411-4E4B-9724-08DDDA9D5119,,270.8,270.8,,ATIS,B3057016-DBA8-4B96-A7D9-174559F4C636,,BLANK,0,0,1,1,0,0
251,5B362E47-DC42-41F6-BE0F-A6768EAA7EE2,,120.65,120.65,,ATIS,8375F495-8602-43D8-910F-25FC5272B137,,BLANK,0,0,1,1,0,0
252,BDD147FB-E550-4028-9275-EF853B3BBBBF,,123.9,123.9,,ATIS,91D60E1D-CE7A-4B08-996E-7B5FB2426148,,BLANK,0,0,1,1,0,0
253,4248A479-032F-4595-B625-CF4DCDF156A9,,290.4,290.4,,ATIS,91D60E1D-CE7A-4B08-996E-7B5FB2426148,,BLANK,0,0,1,1,0,0
254,91109173-ED52-44DF-9439-112819A101B3,,128.225,128.225,,ATIS,A3BDE522-06D1-4CDC-BF72-0B6AAF34E257,,BLANK,0,0,1,1,0,0
255,21A77D7F-1EA0-4ABE-BA62-DEC51D3B0F24,,135.325,135.325,,ATIS,D25647F4-776D-4B0A-B691-8917FA56CE47,,BLANK,0,0,1,1,0,0
256,E7EE79D4-3C34-4274-B09D-D73BF5EC9633,,273.5,273.5,,ATIS,B26E5D5E-96DC-4E01-BB45-9638C023ED0A,,BLANK,0,0,1,1,0,0
257,0339BB98-3DA8-4D91-94D3-807533FF3F16,,135.625,135.625,,ATIS,90022BCC-805E-40F9-B326-F3DCB3BC1068,,BLANK,0,0,1,1,0,0
258,0A6BCAA7-2D6C-4E71-9759-2231BB05CD0D,,128,128,,ATIS,1BA52032-F0E2-4481-B3F0-24BA2960ED88,,BLANK,0,0,1,1,1,0
259,F66B3577-B7DD-41E6-8C5B-FF1B7292941D,,128.7,128.7,,ATIS,27A0665A-7418-412B-871E-527A1AFC40B4,,BLANK,0,0,1,1,1,0
260,6820ED4B-26E6-4630-AE3E-8FA263ACDC0A,,256.7,256.7,,ATIS,98D4B354-5D7C-429A-A153-DEED2287B8C9,,BLANK,0,0,1,1,1,0
261,9370B417-D49B-4239-9F00-7A9BE0753DBB,,121.45,121.45,,ATIS,543BA6F6-A92B-4955-90B9-CC16B66262F1,,BLANK,0,0,1,1,1,0
262,D5720DB7-E7DB-4BAA-9C83-8857262C7B98,,119.725,119.725,,ATIS,8ED76FE6-DEF6-455A-9FDD-2A095144D641,,BLANK,0,0,1,1,0,0
263,0E017A80-981C-44D9-AF85-311ECC0123C5,,124.85,124.85,,ATIS,77FA7739-A5BB-4CD0-8747-6CFEE3DCA560,,BLANK,0,0,1,1,0,0
264,6C8A9F68-FC40-46FB-A57B-7D324774D68F,,132.75,132.75,,ATIS,CE438A11-6E4C-4427-B6A3-3E89B9343218,,BLANK,0,0,1,1,1,0
265,1FB076A3-68BD-4108-8A10-BA9B1841D6B9,,135.4,135.4,,ATIS,17462CF8-1324-4495-8025-0B736A4AB64A,,BLANK,0,0,1,1,1,0
266,FF8C8AF0-2CD2-442B-9391-6FE38CC1A3E3,,282.225,282.225,,ATIS,17462CF8-1324-4495-8025-0B736A4AB64A,,BLANK,0,0,1,1,1,0
267,0A943AF7-9FD9-4281-BE4B-2B59225CB3B4,,125.85,125.85,,ATIS,9B3874A7-FBA1-4AA4-8375-1C4B0EF7E0B3,,BLANK,0,0,1,1,1,0
268,B46D90C8-9974-405C-B539-23C802BFF60E,,124.2,124.2,,ATIS,D4E18061-5F5E-4F65-A68B-DA953075AE7B,,BLANK,0,0,1,1,1,0
269,6022E9B0-35EB-4147-A0C1-D20DBD546678,,127.6,127.6,,ATIS,E7B04F71-E1E3-4288-A227-60EA0F636955,,BLANK,0,0,1,1,0,0
270,4DAD6ECF-D4D6-4206-97ED-6E2AD7526265,,132.4,132.4,,ATIS,87ABA736-DD42-453A-B61C-41980D988D4A,,BLANK,0,0,1,1,1,0
271,40853D56-25A1-401F-A072-070F8F9D7950,,132.075,132.075,,ATIS,34D0BBFE-BA95-4533-9149-32D9686C9011,,BLANK,0,0,1,1,1,0
272,FF2EDA30-6B67-4482-872D-495DC0B8C567,,126.35,126.35,,ATIS,40DE7BBE-D18F-47DA-9015-699AB715C42B,,BLANK,0,0,1,1,0,0
273,7B11C533-E31B-4359-B1DA-2FC7A13D6ADE,,121.2,121.2,,ATIS,8365E123-CF64-4F9A-AFE2-F3FEB0F4412C,,BLANK,0,0,1,1,0,0
274,11EAFCE4-847F-48AB-AA51-8029001D9382,,126.1,126.1,,ATIS,73050E2F-BB4D-41A7-A1E9-380651718E54,,BLANK,0,0,1,1,0,0
275,4BCBE666-54A1-455A-A214-3FCE129B49E1,,282.2,282.2,,ATIS,73050E2F-BB4D-41A7-A1E9-380651718E54,,BLANK,0,0,1,1,0,0
276,56E6E138-69BF-4364-8E7A-AEF0680FE1DB,,127.65,127.65,,ATIS,33756D97-C65B-44E8-8B63-AECCEBFA69E0,,BLANK,0,0,1,1,0,0
277,D8DF14D7-7494-4AEB-A73E-7BD80BD5E124,,270.1,270.1,,ATIS,33756D97-C65B-44E8-8B63-AECCEBFA69E0,,BLANK,0,0,1,1,0,0
278,A6A9B299-F341-44AC-AA4C-DEFD84FD97F7,,120.2,120.2,,ATIS,4208DD25-16A2-489A-8366-3507F9B7CBFA,,BLANK,0,0,1,1,0,0
279,42EF4476-BA16-4CDA-A830-35C7EE6A4A05,,121.25,121.25,,ATIS,8FF9D247-3566-4FF2-8C50-6DA7CA7F9A53,,BLANK,0,0,1,1,0,0
280,1B6F07FD-A189-49EA-897F-B0EE1161896C,,134.575,134.575,,ATIS,C730C7D6-6790-473E-808B-508954B2DA5E,,BLANK,0,0,1,1,1,0
281,CC090EB8-A48D-4CC4-B071-3DAF1596AC74,,134.25,134.25,,ATIS,3DEEBA41-1E6A-4F9B-B842-E57B1A132064,,BLANK,0,0,1,1,0,0
282,5D488AB4-5BB3-4DC1-ABC7-8C06D4E198E8,,127.75,127.75,,ATIS,D8B4B922-D651-4C15-8D67-189DE78A15E4,,BLANK,0,0,1,1,0,0
283,54A90267-5B09-4C83-A9ED-80788F128AB8,,133.25,133.25,,ATIS,4BBDC48E-5EE4-49B5-9D3B-4731A5F904FD,,BLANK,0,0,1,1,0,0
284,03F74E7D-3ECE-402D-B191-89B702B64882,,108.45,108.45,,ATIS,C7176745-7E35-4724-82D8-D939978E9666,,BLANK,0,0,1,1,0,0
285,2EEB9A30-9BF7-4A07-96D6-F0F3457D0053,,270.8,270.8,,ATIS,C7176745-7E35-4724-82D8-D939978E9666,,BLANK,0,0,1,1,0,0
286,6D3CD955-41FF-4951-9056-762E67C8C2B8,,127.5,127.5,,ATIS,2AE28438-DEFA-4A07-856C-70B1F9F546FD,,BLANK,0,0,1,1,0,0
287,F7ACD5D2-C56C-44F1-8D4C-3395D1514341,,121.025,121.025,,ATIS,916A642B-4FBB-408A-AD82-9903B4CA193F,,BLANK,0,0,1,0,0,0
288,A22586E7-C381-43FE-B895-187DD2F342D0,,124.25,124.25,,ATIS,B507CBA8-1870-46D8-8C4C-540C986DC65D,,BLANK,0,0,1,1,0,0
289,D17FE85F-196A-462F-9F57-CB9008EB8DDC,,119.35,119.35,,ATIS,11C67058-9145-41E2-87A1-5BB2A03975A4,,BLANK,0,0,1,0,1,0
290,1D6E8E98-71DE-4EFC-A84D-88243D2FAFD3,,120.15,120.15,,ATIS,193A7318-6D8B-4DE0-B862-11405824F188,,BLANK,0,0,1,1,0,0
291,758C0472-057B-49AA-815E-BA3B66A8DEA0,,128.25,128.25,,ATIS,276C76DC-AC3A-4F99-8A97-F9E161511934,,BLANK,0,0,1,1,0,0
292,ED2AE9B2-0B5A-43B6-8AF5-E50BB2DB0DF7,,124.65,124.65,,ATIS,0B7C6C04-DBF2-4B5F-9793-7812258E5629,,BLANK,0,0,1,1,0,0
293,47425913-2575-4AEE-9BF7-25E0756BBE18,,269.9,269.9,,ATIS,0B7C6C04-DBF2-4B5F-9793-7812258E5629,,BLANK,0,0,1,1,0,0
294,3EB16441-84B6-429D-BAC5-5E63FB29CD3B,,125.15,125.15,,ATIS,CA418820-A388-403A-988A-06D242601054,,BLANK,0,0,1,1,0,0
295,C3B93BC1-6E36-4511-B81C-B7C82A166EC8,ARR,134.375,134.375,,ATIS-ARR,3EC5A8B2-A1A6-49A6-9EC7-92029D3FF086,,BLANK,0,0,1,1,0,0
296,93A79085-9FC6-44D9-94AE-B77387981DA8,DEP,135.3,135.3,,ATIS-DEP,ABB89CE9-34F6-4F16-A974-3CC99857E246,,BLANK,0,0,1,1,0,0
297,1000C1CE-1126-4EB3-B422-06F64BAAD970,,125.175,125.175,,ATIS,3F5F32FC-FD6E-4160-BE35-A801DA520526,,BLANK,0,0,1,1,0,0
298,8BD98E35-F5D5-4B37-9A8E-96A0E6C5C162,,308.4,308.4,,ATIS,3F5F32FC-FD6E-4160-BE35-A801DA520526,,BLANK,0,0,1,1,0,0
299,E2BA607C-7584-42C6-953D-95AA5DB756E0,,109.6,109.6,,ATIS,DE372FB3-548E-4644-8045-4DDDB562B6E9,,BLANK,0,0,1,1,0,0
300,CA7C1CEC-E77E-4401-9C1E-00BF8410D04E,,126.3,126.3,,ATIS,97D50A97-5D75-4CB3-BC69-C14D9165AB02,,BLANK,0,0,1,1,0,0
301,977E66B9-193A-47D9-9642-B1FC4814EC79,,118.725,118.725,,ATIS,FE3EC8B8-DB74-4CC9-903D-A70085458A76,,BLANK,0,0,1,1,0,0
302,92FD06B7-E46B-4B3A-A695-CED635605D6C,,125.2,125.2,,ATIS,61C2B820-5F92-463F-B436-91F6662CF7B2,,BLANK,0,0,1,1,0,0
303,F4CF65AD-4785-4D71-9E44-38981C6AEEC0,,307.025,307.025,,ATIS,42C4B0C8-AF57-4188-9AD6-0ADC32390915,,BLANK,0,0,1,1,0,0
304,C713956A-8DEA-4201-AD11-0FEEDFB21119,,134.85,134.85,,ATIS,83B4514F-C45E-4491-99CE-918F27FB4DA3,,BLANK,0,0,1,0,0,0
305,C9B539A7-B57F-4DA0-A55B-2037F701DFAB,,282.2,282.2,,ATIS,83B4514F-C45E-4491-99CE-918F27FB4DA3,,BLANK,0,0,1,0,0,0
306,C0C6A0F8-24D1-40D7-84B7-ABF5EE4A1A8C,,120.25,120.25,,ATIS,BCBEDBAE-BA70-48DE-91CE-204D18CEC119,,BLANK,0,0,1,1,0,0
307,D549C893-F6F8-4242-AED1-D6909836F635,,134.05,134.05,,ATIS,87439AAE-A313-4D19-A5CD-58A7B6D2E4BB,,BLANK,0,0,1,1,0,0
308,9CACD2E9-C662-4863-9B4E-8D1A1735C31B,,120,120,,ATIS,29C1EFEF-BB72-4140-AD63-9FFDE789C08F,,BLANK,0,0,1,1,0,0
309,88F16727-3EB4-4358-87AC-AD8744EC0C85,,118.75,118.75,,ATIS,AFC01410-C122-4CD1-B442-075518B740FB,,BLANK,0,0,1,1,0,0
310,BBB791DF-C0F8-4C0F-9085-EC4B74DBED35,,125.05,125.05,,ATIS,1CBB01DC-73E7-442D-AEDB-2015F1A17757,,BLANK,0,0,1,1,0,0
311,7F1C143C-5EAF-4EC1-9EBD-F2D3AAFBF6D7,,124.9,124.9,,ATIS,FDE6EC8A-C9A0-40EF-ABC6-389BC5571567,,BLANK,0,0,1,1,0,0
312,F735E537-8D30-44D6-9EB2-4EA3C27E7AA7,,127.55,127.55,,ATIS,147BA816-082C-48FF-A1B8-A1C752972543,,BLANK,0,0,1,1,0,0
313,44DA76D8-1308-4843-AACE-F5DC4C41FFFF,,279.55,279.55,,ATIS,711241E1-D5DF-4FE9-AF34-BFF14865EED8,,BLANK,0,0,1,1,0,0
314,C876999E-5A10-4F7D-BF4F-38BCE92EAA7A,,128.45,128.45,,ATIS,FAD79866-28A3-4A5E-8F4F-97D1E2278E5B,,BLANK,0,0,1,1,0,0
315,A3F03EEE-CBF5-46FC-A60B-CD3DBE42ECC7,,124.6,124.6,,ATIS,1A234221-FF6F-4FA2-B866-6EF3BFF5F103,,BLANK,0,0,1,1,0,0
316,F3DB8C67-CA7B-439B-92DA-308713B3F18E,,119.2,119.2,,ATIS,03175FC9-F393-466B-BCC8-BABD5019FBEF,,BLANK,0,0,1,1,0,0
317,0A5444B7-9F0E-4AA2-98ED-CE0C746DDBF1,DEP,135,135,,ATIS-ARR,C782B72A-07B3-4F2D-9869-3DEEF2DB9EE2,,BLANK,0,0,1,1,0,0
318,4D9991AA-320A-4A7B-839A-DA0D7E73EA0E,,120.475,120.475,,ATIS,298E9463-AFC4-4790-8367-06FC9627F091,,BLANK,0,0,1,1,0,0
319,84DEEEBC-4A5D-4AB0-9357-F99DABB20EAE,,236.825,236.825,,ATIS,298E9463-AFC4-4790-8367-06FC9627F091,,BLANK,0,0,1,1,0,0
320,BB9D1DCB-5DB8-41C2-B762-550A2D201E61,,123.8,123.8,,ATIS,E7CC0DD8-EAA0-4DAD-A28F-493F5A4E88E4,,BLANK,0,0,1,1,0,0
321,978454DB-7E38-47C3-BBD3-422E9C4E8CBC,,126.75,126.75,,ATIS,51CD8798-DE7A-4BBB-A6B1-FA81DE2A2C7F,,BLANK,0,0,1,1,0,0
322,E2F045C6-7C42-4452-9BB3-2A6714109AD8,,127.5,127.5,,ATIS,A597ED2E-55D0-4BA4-95D5-0E1C2FA1139E,,BLANK,0,0,1,1,0,0
323,975794F2-E0EF-4B7D-B255-BC9C00270F3A,,126.85,126.85,,ATIS,31994D31-9F25-46A8-B1C2-F5E9CB869E1C,,BLANK,0,0,1,1,0,0
324,0DC4C74B-2C50-4D1A-80DA-E0C18619A5ED,,126.25,126.25,,ATIS,554AB709-97D4-42F9-9309-CEAB27E9D7EF,,BLANK,0,0,1,1,0,0
325,3EADB322-542A-477A-B8B8-8ACB7F7E8C18,,263.15,263.15,,ATIS,A2DA1E22-CB12-46DC-A4D8-3FFF5C173C09,,BLANK,0,0,1,1,0,0
326,12E85DBF-98DF-4035-B9DD-56C52FD02666,,127.1,127.1,,ATIS,A2DA1E22-CB12-46DC-A4D8-3FFF5C173C09,,BLANK,0,0,1,1,0,0
327,176E1D1D-DA2C-4914-BECE-D8DEAF9E3A71,,126.55,126.55,,ATIS,0457372F-B8C2-4234-A36D-8E741858F0DE,,BLANK,0,0,1,1,0,0
328,EEFEAD47-3A71-42A9-AB52-B6E57E838D61,,124.425,124.425,,ATIS,15D00018-F94A-4ED6-B6D9-B4EAB690C822,,BLANK,0,0,1,1,1,0
329,359A8A4A-9B56-47E6-8840-DB7F3EF5F47A,,115.1,115.1,,ATIS,189D211A-4DB2-439B-8137-F08179B7D939,,BLANK,0,0,1,1,1,0
330,77262D6D-6E12-4D6F-BA3A-81936EE4FDBE,,127.8,127.8,,ATIS,189D211A-4DB2-439B-8137-F08179B7D939,,BLANK,0,0,1,1,1,0
331,132E7AEC-9405-4DFE-BC0D-778D2C18DFFA,,124.925,124.925,,ATIS,A0AF116B-B25B-4150-AC61-BD68165DB757,,BLANK,0,0,1,1,1,0
332,D55B726D-7D7D-4666-9C2B-681429832F4F,,251.05,251.05,,ATIS,D56CD566-FF98-4E76-A641-4B339F9C9A43,,BLANK,0,0,1,1,1,0
333,F2A5AE66-02B6-4184-A258-D7862556BB46,,124.475,124.475,,ATIS,74998076-9AD4-44C6-B691-ED5593770EAC,,BLANK,0,0,1,1,1,0
334,47DE7A36-CCFB-4D3D-BA35-E1DC2F891470,,124.875,124.875,,ATIS,CD9FDAC5-51E8-4FC5-A6F2-7470DCF9DBA8,,BLANK,0,0,1,1,1,0
335,FC616145-1D0A-433E-9F1B-0D40E3ECF6BC,,322.425,322.425,,ATIS,AC89C331-9E39-40A2-8913-21E136A709FD,,BLANK,0,0,1,1,1,0
336,1899970C-943D-40BD-9EB8-29FE3818ED23,,127.75,127.75,,ATIS,FAABD098-085A-4AE0-9C4D-F8B41546D5BC,,BLANK,0,0,1,1,0,0
337,D4B6799E-3681-4FC9-84F2-B4760F082B4F,,119.05,119.05,,ATIS,50084127-8C39-480F-90A7-D250591EBC6C,,BLANK,0,0,1,1,0,0
338,07032956-5CC2-4B94-9A8B-C40845EFC4B0,,134.55,134.55,,ATIS,356DC5EA-4621-4879-B67A-D8590C6FA7B9,,BLANK,0,0,1,0,1,0
339,CBD84D56-221D-40C9-89F2-C64CAFE1CBF1,,128.325,128.325,,ATIS,C9AD035B-0E5E-4AB8-B14B-4A7D2FB2F272,,BLANK,0,0,1,1,0,0
340,3D7862B6-FF84-4324-AD98-E287B0D681C2,,124.875,124.875,,ATIS,2607E571-CC0E-4173-BDF0-755B010C313B,,BLANK,0,0,1,1,1,0
341,9C570D1A-0F96-4EBA-B7E4-DC9C7A28758B,,133.675,133.675,,ATIS,9E0A10D4-D712-4700-AE8D-16071D906560,,BLANK,0,0,1,1,1,0
342,7E563B54-4712-44BC-B8AA-ECAA4DC6FFE4,,127.425,127.425,,ATIS,0B1E25A9-EE57-4545-B5E4-7CC8DB456516,,BLANK,0,0,1,1,1,0
343,D15C596C-13C1-4025-A294-1DDD954A77D2,,133.15,133.15,,ATIS,DBD5E382-04C5-49C1-B23A-AB5B30FCA4A5,,BLANK,0,0,1,1,0,0
344,E7111C5D-3940-4953-A706-D87862FF51F2,,118.725,118.725,,ATIS,A3A62F86-C7C5-4B9D-B30B-55F554BAEF45,,BLANK,0,0,1,1,0,0
345,24C97F09-EE2A-469F-8012-132519F938B9,,125.725,125.725,,ATIS,90E60CB0-738C-4806-857A-AF866E7BCF5C,,BLANK,0,0,1,1,0,0
346,AA21D785-21DE-45C5-8B3E-68A0F176E4CC,,127.25,127.25,,ATIS,BE968E06-89DB-45FA-A372-5937765DBF9C,,BLANK,0,0,1,1,0,0
347,B32A28D1-0520-42D1-B193-62F10892EBB2,,119.75,119.75,,ATIS,DAF2BFCC-662A-4D7E-920C-C1C5772BC2EF,,BLANK,0,0,1,1,0,0
348,A56AD13B-32B0-4B75-ABAB-18755F9C321D,,125.325,125.325,,ATIS,023487BB-B0B6-4A67-9E8C-9110E459206C,,BLANK,0,0,1,1,1,0
349,0F249D67-2207-4F06-B1CE-EECEFE952288,,270.1,270.1,,ATIS,023487BB-B0B6-4A67-9E8C-9110E459206C,,BLANK,0,0,1,1,1,0
350,DBE09135-32BE-449E-B5D8-90512364B714,,124.3,124.3,,ATIS,32A080DB-5123-4F88-962B-E8073203D903,,BLANK,0,0,1,1,0,0
351,CC82ED22-72DB-44FE-B65A-1DBECB0721AE,,125.025,125.025,,ATIS,C576137C-EC46-4B5A-BA63-E4C59FFB1CA1,,BLANK,0,0,1,1,1,0
352,D934F348-6366-4F1E-9031-149150505B44,,125.925,125.925,,ATIS,D03FCCB0-15AB-4F99-AA5C-F7A1DCE042D5,,BLANK,0,0,1,1,0,0
353,E098E5F4-F437-4CB7-A7E3-3D3FCB0392CE,,119.175,119.175,,ATIS,587279F3-C8FC-4BFB-BF72-C84ED1EB7031,,BLANK,0,0,1,1,0,0
354,9D291AC9-C4D0-4A43-8023-3C2C9D7F2732,,124.1,124.1,,ATIS,D0C0D399-677C-4ED7-841F-C91B50E0D4C9,,BLANK,0,0,1,1,0,0
355,5BCB093C-F343-4C1F-85B4-41E4B27AABFF,,270.1,270.1,,ATIS,D0C0D399-677C-4ED7-841F-C91B50E0D4C9,,BLANK,0,0,1,1,0,0
356,51AB2A1B-2191-4F2C-B4C6-56699D493E2F,,120.625,120.625,,ATIS,6BFE9BB9-9896-4054-96A1-90444DCF5187,,BLANK,0,0,1,1,1,0
357,B64F2C0C-7CC9-4161-BDD5-1A897850B45A,,124.475,124.475,,ATIS,4DC7F5A1-A980-446E-A4A7-17D6BC15AB8C,,BLANK,0,0,1,0,1,0
358,668CC297-CB85-4D26-AFC0-1A035C2C6C3D,,124.9,124.9,,ATIS,9F2718D1-395A-4D79-A70F-41445F4F40D3,,BLANK,0,0,1,1,1,0
359,7752346B-3DD9-4316-9118-14E88AC145F8,DEP,120.8,120.8,,ATIS-DEP,6E56495E-4AD8-4E44-975D-7E9EDF563171,,BLANK,0,0,1,1,1,0
360,01068FA3-0DDD-4998-A7FA-E20289D9543E,ARR,135.35,135.35,,ATIS-ARR,3D4E77B0-4CB3-4CC2-907D-5C1A8DCB725C,,BLANK,0,0,1,1,1,0
361,E3685BB1-B246-4AF4-829B-AB337D40AF19,,239.275,239.275,,ATIS,BC4F5263-93E8-480F-9E14-1E864A722A09,,BLANK,0,0,1,1,1,0
362,16C33F3C-86BA-43BD-963A-8B0BB5CA9111,,120.5,120.5,,ATIS,B7B43CC1-D2EB-45C9-9EAB-2887048A579C,,BLANK,0,0,1,1,0,0
363,0F64788C-F429-44DE-9A20-B3992B88A48F,,119.375,119.375,,ATIS,B619AF4D-FDEE-41BF-85B4-2F15168E422F,,BLANK,0,0,1,1,0,0
364,450B784A-5ECA-49E5-8F58-EDD5683A281D,,118.35,118.35,,ATIS,E660553D-75EB-4A8C-A53F-381CFD9FFCA6,,BLANK,0,0,1,1,1,0
365,19B50C16-CD78-4001-80DF-63A825F6691F,,124.625,124.625,,ATIS,B819BE5D-F34F-4962-A035-9C8BEE0ADF73,,BLANK,0,0,1,1,0,0
366,8830D6F2-3F94-4183-8746-EF1B9970C51A,,128.45,128.45,,ATIS,CDD756ED-F822-4F68-9C6A-FF748B56F965,,BLANK,0,0,1,1,0,0
367,0A531F09-E0FC-4193-98D7-4491F0D8FE7A,,118.7,118.7,,ATIS,D43A7380-991F-4830-828E-A46E0E622E50,,BLANK,0,0,1,1,0,0
368,3CE6D7D8-2F92-42B0-9673-6CA4529B95A6,,229.4,229.4,,ATIS,D43A7380-991F-4830-828E-A46E0E622E50,,BLANK,0,0,1,1,0,0
369,87251AC4-1069-4DC4-B6CC-D2BE954B508B,,120.85,120.85,,ATIS,64234DC9-4087-4129-A924-6C8B75FDB124,,BLANK,0,0,1,1,0,0
370,36DEA849-D500-4B88-9719-AC282272C933,,120.75,120.75,,ATIS,9ACCF120-46EB-4B9A-A074-E4DA86B9AB94,,BLANK,0,0,1,1,1,0
371,3625C692-17A3-49A2-B18E-AC8A033E3691,,128.375,128.375,,ATIS,2BEA480A-3544-4E07-BF93-5E3215F31051,,BLANK,0,0,1,1,1,0
372,48CCA316-D156-4589-99CA-BDA2D50BBFD4,,118.725,118.725,,ATIS,7E301327-D317-4FD2-A071-35115E725AC8,,BLANK,0,0,1,1,0,0
373,76790A4C-D66A-4A43-BA00-79ACA6AD7818,,239.025,239.025,,ATIS,7E301327-D317-4FD2-A071-35115E725AC8,,BLANK,0,0,1,1,0,0
374,33DCF7E0-BD53-40B2-A3B8-F60A80546803,,135.125,135.125,,ATIS,F0B8CBDB-D43B-4C57-A7C2-AFE0A78AAE1E,,BLANK,0,0,1,1,0,0
375,45D00EBA-DE94-4024-B959-76827B867009,,125.05,125.05,,ATIS,D0233221-8E7B-4D0A-97B5-E2FDC146892B,,BLANK,0,0,1,1,0,0
376,C4FB7986-D208-4353-AFDA-D9699719FFA2,,125.025,125.025,,ATIS,9C8A974F-C40B-44F6-B5C7-EFEB1B5833F4,,BLANK,0,0,1,1,1,0
377,7DF10E6E-6412-42B6-A83A-ECA0F67ACA44,,379.925,379.925,,ATIS,9C8A974F-C40B-44F6-B5C7-EFEB1B5833F4,,BLANK,0,0,1,1,1,0
378,622E92E6-07A5-4BDC-A8D4-B8B297E74E06,,134.8,134.8,,ATIS,1537B2A1-D02F-44BA-9934-D383CC6EC137,,BLANK,0,0,1,1,1,0
379,5DF713F0-2853-4A48-971D-E6A8ED7F632F,,281.55,281.55,,ATIS,E08502CA-1BB3-4AE0-839F-2E8EBF76F280,,BLANK,0,0,1,1,0,0
380,320B2383-CB5C-40A6-9260-37545A63D7EA,,115.2,,,ATIS,85FE5ABD-957A-438D-B4F6-B2B300FC7020,,BLANK,0,0,1,1,0,0
381,235009AF-C60B-4CBE-8CF6-50BAFC1BB44E,,273.5,273.5,,ATIS,85FE5ABD-957A-438D-B4F6-B2B300FC7020,,BLANK,0,0,1,1,0,0
382,83991659-B962-4501-AE93-B891B861BF60,,126.375,126.375,,ATIS,B05F3BD0-0A67-482C-9669-F6E4ECD0EF25,,BLANK,0,0,1,1,0,0
383,9CC3E404-1C39-4E9B-B748-C79D002EC7E7,,119.45,119.45,,ATIS,EAB195EB-6C5C-45F0-BF4D-BD50CE3AF66C,,BLANK,0,0,1,1,0,0
384,F2738D3C-8582-4D6D-845A-662901ADBFD3,,121.05,121.05,,ATIS,0574528D-2A26-43E8-A111-B5612AE0E07A,,BLANK,0,0,1,1,0,0
385,F42FF773-C65E-44E4-B602-841E1AF1CEEF,,126.475,126.475,,ATIS,360423E8-E780-4EDE-8CF1-3A9F84461845,,BLANK,0,0,1,1,0,0
386,BA2CEA7F-AEE8-4181-83A6-EAAA0A36EF47,,291.675,291.675,,ATIS,360423E8-E780-4EDE-8CF1-3A9F84461845,,BLANK,0,0,1,1,0,0
387,929C11F3-9C49-4466-AE9A-F1834671095C,,290.525,290.525,,ATIS,E58419F2-BF42-45C0-ADC3-5C3A6A0D826F,,BLANK,0,0,1,1,0,0
388,259DE245-AEC4-4438-AE43-DE779FA759EF,,119.925,119.925,,ATIS,BA47A6CE-4B0B-4569-B03C-9D6D4B1F5A2B,,BLANK,0,0,1,1,0,0
389,0B1CA9C4-FC77-44E7-B11C-46FE6DD48AD4,,135.175,135.175,,ATIS,898F2319-A364-477C-BA38-A134E5C803EF,,BLANK,0,0,1,1,0,0
390,6617BC64-714F-42C1-ACCB-6878D3CB60B6,,126.3,126.3,,ATIS,E0CA7D41-117A-46C9-AFB8-C557C30425A2,,BLANK,0,0,1,1,0,0
391,FE80596D-046D-4F45-8668-B5C4D5B52CB5,,135.425,135.425,,ATIS,6A74C256-4D54-4353-B6ED-CD8D48B97034,,BLANK,0,0,1,1,0,0
392,6C408708-0361-4246-BAD7-25394D2AB0E8,,269,269,,ATIS,5818CEA4-D0A1-4B00-B571-68BD58E4F45A,,BLANK,0,0,1,1,0,0
393,1CC69D5C-699A-46D0-80D8-6499489FE76F,,126.6,126.6,,ATIS,5818CEA4-D0A1-4B00-B571-68BD58E4F45A,,BLANK,0,0,1,1,0,0
394,51A6D193-054A-4C50-AB2A-747754BF281D,,120.4,120.4,,ATIS,8E6961E7-0921-4B31-8297-A5F9EC245799,,BLANK,0,0,1,1,0,0
395,0FC09B4F-ACBF-4B32-A041-7F4BE825EE40,,132.625,132.625,,ATIS,CC6C03D1-B613-4187-BF3A-E11328DBB904,,BLANK,0,0,1,1,0,0
396,62D2CAF6-B922-464D-8D4E-E65F4859E753,,126.65,126.65,,ATIS,E963A4CF-1FE0-41C7-AAF8-A51F0455DE4F,,BLANK,0,0,1,1,0,0
397,6D2415C3-8C7F-42B1-A183-24D45FF4FE7A,,120.2,120.2,,ATIS,4CCFD3E2-92CF-4710-87C7-13C0F2FE48C1,,BLANK,0,0,1,1,0,0
398,398DD571-3E1A-46C0-8ED9-E74E0B7542DE,,141.4,141.4,,ATIS,3E46D8E5-3E43-4587-8BE6-70C7AE4F687A,,BLANK,0,0,1,1,0,0
399,5A5ABE05-07D9-4194-BA38-EB91763F5935,ARR,121.15,121.15,,ATIS-ARR,37375ADA-F9EF-421D-BB55-5C4E10C500C2,,BLANK,0,0,1,1,0,0
400,94AC8D27-89A8-4372-903C-D213A1285B97,DEP,132.1,132.1,,ATIS-DEP,15F49040-51F5-4CEA-93BD-0E6F12AC997D,,BLANK,0,0,1,1,0,0
401,2E9ED8E9-F6AC-4079-BA7D-B0D2BC68024D,,127.475,127.475,,ATIS,FA3BD1C1-4C2B-4F16-AF37-8B0481B0C6AE,,BLANK,0,0,1,1,0,0
402,234ACF6A-A9FD-48C4-87B7-F58492F45994,,244.875,244.875,,ATIS,FA3BD1C1-4C2B-4F16-AF37-8B0481B0C6AE,,BLANK,0,0,1,1,0,0
403,66D0C40E-EA68-45DF-9E74-7E4BDC5BD39D,,133.675,133.675,,ATIS,150B6F05-4C4F-417E-BD3B-32A11ECE1AFD,,BLANK,0,0,1,1,0,0
404,81E72E18-A7B4-4EC1-A91C-A59F5B5E315F,,121.25,121.25,,ATIS,B2103071-BE55-4A48-BE94-EB0F27D82DB9,,BLANK,0,0,1,1,0,0
405,8692EB5D-E556-44DD-9360-5C118EED060B,,132.3,132.3,,ATIS,10D957DE-8338-4818-938B-16F365FB6633,,BLANK,0,0,1,1,0,0
406,AD1E47DA-B5A8-4F2C-B70D-CF9FFDB38DC9,,353.725,353.725,,ATIS,10D957DE-8338-4818-938B-16F365FB6633,,BLANK,0,0,1,1,0,0
407,FB89BCED-BFE0-41AC-AB1D-FAF5CCF8F1EF,,139.25,139.25,,ATIS,7C8932DC-EB90-4036-9822-F5550FE80D71,,BLANK,0,0,1,0,0,0
408,E4884E3E-77A4-407F-9D9D-878D4D2DCFB1,,317.625,317.625,,ATIS,FD72E7DD-5753-4AC9-B1AA-FDAB0CFA55BF,,BLANK,0,0,1,1,0,0
409,765EAF32-BF8B-4677-9B74-466B5C32D7E8,,128.55,128.55,,ATIS,EF9030DB-39A4-44C4-A88C-495998402140,,BLANK,0,0,1,1,0,0
410,DDA638CE-F16A-4DDE-8322-D70139E679CC,,288.325,288.325,,ATIS,9249FA63-F6E3-478E-A4FD-E179335B0C32,,BLANK,0,0,1,1,0,0
411,4B600FE9-39BC-434B-86B2-8C68BC690593,,123.8,123.8,,ATIS,CE03412B-DE8F-4BAF-B9A5-F767F77B85A1,,BLANK,0,0,1,1,0,0
412,76A3A7B3-F63C-4FDA-A610-B4EC9EA66F50,,124.975,124.975,,ATIS,07302004-92FA-48BF-8064-F3DD0FBA5C32,,BLANK,0,0,1,1,0,0
413,BA013F41-B052-4867-855C-F14395A8BFAC,,121.3,121.3,,ATIS,BED443D1-56E5-4793-9AB3-1E66E9562A14,,BLANK,0,0,1,1,0,0
414,C464AE8E-DDD4-448A-BEC4-9024B23C3629,,119.35,119.35,,ATIS,CC247F3E-7412-440C-81BE-5D503498070F,,BLANK,0,0,1,1,0,0
415,7733AC07-B9A7-4FAF-A484-186325733415,,124.5,124.5,,ATIS,38770F9F-39C4-47D9-A469-F5387449ED83,,BLANK,0,0,1,1,0,0
416,FFA3F427-A259-4841-A361-BF28D9409CE1,,379.2,379.2,,ATIS,38770F9F-39C4-47D9-A469-F5387449ED83,,BLANK,0,0,1,1,0,0
417,294B6981-49EC-4A9A-A53F-3600B6DC72DE,,273.45,273.45,,ATIS,A3000888-673A-4FCE-B6FB-5DD453442ED4,,BLANK,0,0,1,1,0,0
418,C02F8BB9-40EE-41D0-B703-D3D0DD29AB83,,119.4,119.4,,ATIS,7B8DA412-AA4F-43F5-B00F-D8F6384D13A1,,BLANK,0,0,1,1,0,0
419,34097E3F-5E34-4239-A9BE-B8CFCBE4F084,,278.8,278.8,,ATIS,3C539E7F-D04C-4C00-A791-6293C36051DA,,BLANK,0,0,1,1,0,0
420,85120218-5D40-42F2-8027-1E7F98F21813,,127.4,127.4,,ATIS,F7BBC14B-E8CC-460A-8D33-DA3FD788F818,,BLANK,0,0,1,1,0,0
421,44629CED-B6E7-47E6-9BA4-3A725052A0D8,,118.05,118.05,,ATIS,254E67E8-3031-4914-BA5E-90A65D0E72D8,,BLANK,0,0,1,1,0,0
422,1A809EE8-52D7-4198-8912-E46D763A7990,,290.9,290.9,,ATIS,254E67E8-3031-4914-BA5E-90A65D0E72D8,,BLANK,0,0,1,1,0,0
423,D3C811BF-79D9-483D-ABCF-E1294BCBD876,,120.4,120.4,,ATIS,927CF0E6-1E9F-4FFA-B2C0-1DA402F7F069,,BLANK,0,0,1,1,0,0
424,3693C9FF-C64F-4201-B528-08F5A1DCC08E,,126.025,126.025,,ATIS,2AD04909-CF3F-4626-BC24-01048D7566CE,,BLANK,0,0,1,1,0,0
425,A4DD1CE1-2B85-4405-AED3-8A128FA83209,,273.5,273.5,,ATIS,2AD04909-CF3F-4626-BC24-01048D7566CE,,BLANK,0,0,1,1,0,0
426,E080CD39-39AE-42EF-AA90-29BA2A92BB7A,,118.65,118.65,,ATIS,4AD51CC4-5541-483C-94A0-7CFE00E0E8B2,,BLANK,0,0,1,1,0,0
427,16C3743B-7C5D-431A-8216-F144A80FFE5A,,119.55,119.55,,ATIS,E9F562BE-0ED9-4702-AA82-13BF8796042C,,BLANK,0,0,1,1,0,0
428,DB2C7AE4-B070-4C55-8512-88A7F79216DC,,125.1,125.1,,ATIS,4BAE47AC-AED2-4080-906D-27A7373226F4,,BLANK,0,0,1,1,0,0
429,18EE0D5E-46E1-4740-8875-50F72FEC419F,,132.05,132.05,,ATIS,C2B353EB-B556-410B-BA7F-484E5ADAE206,,BLANK,0,0,1,1,0,0
430,3D979127-79EF-4B0B-A22F-D61AD75EAD6E,,273.5,273.5,,ATIS,C2B353EB-B556-410B-BA7F-484E5ADAE206,,BLANK,0,0,1,1,0,0
431,5C88AF22-FDFB-4388-9284-81FEE8CE5EB6,,125.725,125.725,,ATIS,C5B8A784-8EAB-4E7B-976E-C9ABCF53DBCB,,BLANK,0,0,1,1,0,0
432,EB939EF5-FBCB-4C22-97CB-5AFE3FFEF35E,,135.5,135.5,,ATIS,B124DB60-E302-4725-A4EC-1DCD7117BD33,,BLANK,0,0,1,0,0,0
433,6A1B24BC-53F5-4AF8-96CD-E83E4627DF49,,124.25,124.25,,ATIS,F2BDA41B-8C7C-4509-9977-8661BC85CED1,,BLANK,0,0,1,1,0,0
434,85C8CB26-DD1C-4EC9-9E60-80539EB31362,ARR,115.7,115.7,,ATIS-ARR,34E27EBF-8D2D-4D25-B55D-08DDB278D343,,BLANK,0,0,1,1,0,0
435,AF240C7A-4848-4B16-AF20-AD05A184EFF8,,134.825,134.825,,ATIS,E5C4E935-A8CA-4B51-A042-5B9C6758B6A3,,BLANK,0,0,1,1,0,0
436,C5F1CE81-4072-4B9E-A199-775B5EB75D32,,114.2,114.2,,ATIS,AC417038-A5E3-4B76-BB0D-72F051E948DA,,BLANK,0,0,1,1,0,0
437,262667C4-EDA5-4482-81EF-5BFEFCDBF774,,132.85,132.85,,ATIS,AC417038-A5E3-4B76-BB0D-72F051E948DA,,BLANK,0,0,1,1,0,0
438,0089A7EA-D358-48A6-AC22-2BA39CDA2D5A,,126.775,126.775,,ATIS,200B9768-4295-4EC7-B85C-355D821EC219,,BLANK,0,0,1,1,1,0
439,CE23DECB-F7F7-4EC5-AD47-EEEEA9F38B6A,,110.6,110.6,,ATIS,F880D1FD-F328-44A7-9688-72CAF68B0E76,,BLANK,0,0,1,1,0,0
440,3D584406-64E7-4D00-8200-8810890CE62A,,270.1,270.1,,ATIS,F880D1FD-F328-44A7-9688-72CAF68B0E76,,BLANK,0,0,1,1,0,0
441,520EBE75-D7F5-4549-A3B2-85AFC426EBCA,,273.5,273.5,,ATIS,97183903-77DD-4BCA-897A-2DC8E68C92AD,,BLANK,0,0,1,1,0,0
442,E8121ACD-46A4-4A58-8DCB-7A6E9889FBDA,,118,118,,ATIS,D275170B-1FFA-4217-9A08-ECFC098261BB,,BLANK,0,0,1,1,0,0
443,BF8B2E75-EE88-4CD9-9FD2-872DBBDE81E9,,257.7,257.7,,ATIS,D275170B-1FFA-4217-9A08-ECFC098261BB,,BLANK,0,0,1,1,0,0
444,B455778D-3BF2-42A0-AFB8-165B3E837DFC,,119.1,119.1,,ATIS,4C9FA571-3866-451A-B126-579EBD52F8DA,,BLANK,0,0,1,1,0,0
445,672D1D90-9D60-42A4-8D24-98FAA9A287AB,,269.9,269.9,,ATIS,4C9FA571-3866-451A-B126-579EBD52F8DA,,BLANK,0,0,1,1,0,0
446,4B877D16-2DAE-4778-9EA6-8814928740CF,,127.15,127.15,,ATIS,D92E8C25-16E9-4F24-BD49-93A8D98FF4C9,,BLANK,0,0,1,1,0,0
447,879B8C0B-46AB-4D5A-952A-3C54CDD82DB0,,119.75,119.75,,ATIS,CA9C7CFD-227A-413C-B14F-19E81AEE1746,,BLANK,0,0,1,1,0,0
448,BE3EEABB-7A76-44CA-887B-45CCB00CCB6C,,128.45,128.45,,ATIS,F5E02ADA-E72E-49D1-A294-4A39C2855096,,BLANK,0,0,1,1,0,0
449,DB06ECDE-7D32-43AD-A5D7-97E5CF4E788C,,306.2,306.2,,ATIS,F5E02ADA-E72E-49D1-A294-4A39C2855096,,BLANK,0,0,1,1,0,0
450,2DF1D890-75F0-4D0E-92C2-B708ED9BCB48,,128.55,128.55,,ATIS,456E31E2-31CB-4370-9FCF-E84A58B224EF,,BLANK,0,0,1,1,0,0
451,6FA96D1B-087F-471C-9464-3D057712FDB2,,370.925,370.925,,ATIS,12D24B16-8219-4B33-BBE3-0000523735BC,,BLANK,0,0,1,1,0,0
452,FBCA8A7F-AA8A-465C-8C6F-4213F0441430,,290.45,290.45,,ATIS,57143879-6549-4EE8-922F-9FF5411C99D5,,BLANK,0,0,1,1,0,0
453,7AFC0000-BFB8-4359-9F81-87C0E414061F,,120.775,120.775,,ATIS,A0AD3CB7-338E-4E39-996F-8D2725AD6419,,BLANK,0,0,1,1,0,0
454,F5C881BF-4F09-460D-BEA7-73375D78BCAB,ARR/DEP,132.4,132.4,,ATIS,8A8A17B0-83BB-4CF2-BFD3-5A99AE0212E5,,BLANK,0,0,1,1,0,0
455,CB3F7FE4-87E1-4929-8467-2A3425BE190A,,270.1,270.1,,ATIS,4F6F3DAB-F628-4F02-91E1-3D211B0334B2,,BLANK,0,0,1,1,0,0
456,D6EFEBF9-68A7-45C3-9891-BB4B92787C3B,,118.05,118.05,,ATIS,5B53379F-4F66-4012-954E-5D09A049229B,,BLANK,0,0,1,1,0,0
457,96C28B36-F34C-4F62-B652-D35C2DF9D313,,135.8,135.8,,ATIS,F554E532-785E-4D58-BFF1-C2B969BDE85F,,BLANK,0,0,1,1,0,0
458,7456070F-75C6-4EE7-9A42-623CDF6D2E24,,363,363,,ATIS,F554E532-785E-4D58-BFF1-C2B969BDE85F,,BLANK,0,0,1,1,0,0
459,05A8F6B7-381B-4B48-83D0-938F7C7BDAC0,,120.45,120.45,,ATIS,753E1F56-1C36-4FAE-82F6-190A46C59219,,BLANK,0,0,1,1,0,0
460,33B32135-4F61-4739-A719-3B6969AF2E33,,128.15,128.15,,ATIS,E5CC14BF-9E23-44A2-8A24-1F3529861FB3,,BLANK,0,0,1,1,0,0
461,51070605-A7D0-4B7C-88B3-22F25F69E56D,,135.35,135.35,,ATIS,8647C9C2-2212-404A-B027-37A3010325C5,,BLANK,0,0,1,1,0,0
462,EB43DDAF-6B07-4CE9-A48F-CA835533F62A,,125.475,125.475,,ATIS,C4C4CB44-80F6-4753-A555-8C9892A34992,,BLANK,0,0,1,1,0,0
463,2FAB2D0A-43BC-4065-86DE-D7D8DCAAEEDC,,126.65,126.65,,ATIS,C16345BD-24EB-480D-8EAB-2782C53F9358,,BLANK,0,0,1,1,0,0
464,7442F1A2-1E42-4CA8-B2BD-15BCC92D457D,,119.525,119.525,,ATIS,C6513D05-D2E3-4A60-B850-C6D2FDC8B275,,BLANK,0,0,1,1,0,0
465,F9ADF9EF-DF2E-4CDB-87F1-13DEC2AE128A,,125.175,125.175,,ATIS,59E06617-434D-4A09-B645-41F9AA8D2617,,BLANK,0,0,1,1,0,0
466,D911A061-20D7-4F7D-AF17-E5D5B1DDADCD,ARR-SW,115.4,115.4,,ATIS-ARR,00550CD2-1332-4EBB-828F-EC0F7E57FE9E,,BLANK,0,0,1,1,0,0
467,DD6BBEB0-2D49-42F3-96F0-23518A8EC905,ARR-NE,117.7,117.7,,ATIS-ARR,00550CD2-1332-4EBB-828F-EC0F7E57FE9E,,BLANK,0,0,1,1,0,0
468,7FA70237-877F-4495-9493-C14D335BC878,ARR/DEP,128.725,128.725,,ATIS,C8B1017A-6C3B-4A39-85B1-04578A0DA707,,BLANK,0,0,1,1,0,0
469,6D4F2DA5-77DD-4CFA-8494-621D912E9FDA,DEP,127.05,127.05,,ATIS-DEP,D0754250-1FB7-47A5-8C14-1EFCB46E26CC,,BLANK,0,0,1,1,0,0
470,CFE0E412-5045-4F68-A0B2-1E018B491B2A,ARR,125.95,125.95,,ATIS-ARR,6A29B773-E9F0-4003-ACBC-18EB8CB477E3,,BLANK,0,0,1,1,0,0
471,E257BB69-9979-44BB-9BE8-062D6F44EAF8,,120.725,120.725,,ATIS,84B5F725-A17B-42B0-969D-46B1FEC028CD,,BLANK,0,0,1,1,0,0
472,4FE16CC7-C553-40C8-B1BC-81FD09F36952,,124.575,124.575,,ATIS,7C5A1B10-E530-4CDC-B316-B2F021319602,,BLANK,0,0,1,1,0,0
473,80D26488-6C06-4C5B-84AF-0BCAEEBEE9CE,,120.8,120.8,,ATIS,E4C59F05-AE41-48A0-A6AC-E98DA40FE82E,,BLANK,0,0,1,1,0,0
474,B10D65DB-FB68-4E25-9256-17A54DD1A28D,,269.4,269.4,,ATIS,E4C59F05-AE41-48A0-A6AC-E98DA40FE82E,,BLANK,0,0,1,1,0,0
475,1069E3DD-678A-4A47-B4A6-5CC4D4214A7F,,126.75,126.75,,ATIS,F6340DFE-3759-4670-A612-03C0961BE415,,BLANK,0,0,1,1,0,0
476,FC154EDF-8920-4BB3-9DB9-28AD4CA661B0,,124.825,124.825,,ATIS,5DB489ED-FB0B-49C0-ACB7-EBFDB8D89BB8,,BLANK,0,0,1,1,0,0
477,3D18BEB4-7321-4A3D-A5C2-7F7D1330B80A,,118.7,118.7,,ATIS,277F9D58-4154-41A1-A9A3-F18195A87395,,BLANK,0,0,1,1,0,0
478,B8BC96CF-97C1-43B9-A99B-D412D55C8CCB,,124.225,124.225,,ATIS,4F419C43-3DBF-462E-A012-EE2380539197,,BLANK,0,0,1,1,0,0
479,05325CA5-367A-44E6-82CA-57367F49B367,,133.8,133.8,,ATIS,C1467C08-03EA-42E1-A5F6-C209C0AD785A,,BLANK,0,0,1,1,0,0
480,F37A3454-E11D-408E-9F81-AD5820718DBD,,121.05,121.05,,ATIS,C57FF1FD-A273-43CC-9FDB-4B679067923F,,BLANK,0,0,1,1,0,0
481,F4734C73-9A93-43A4-841C-2454CA90AA97,,125.25,125.25,,ATIS,4F6BD1C6-5866-44D6-92C5-D1AD3B937245,,BLANK,0,0,1,1,0,0
482,799EF634-5A54-4657-8E82-751589CC47D5,ARR,127.85,127.85,,ATIS-ARR,A7FCED47-EB25-4634-B095-E3ADF257868F,,BLANK,0,0,1,1,0,0
483,DCE12424-4BAD-4A4A-9CE0-11C095FD77E7,DEP,132.375,132.375,,ATIS-DEP,F1ABB624-6075-428A-8E0A-3A90AAADA9E8,,BLANK,0,0,1,1,0,0
484,CEE85C60-87AB-47DA-8E31-55C66427EACA,,121.35,121.35,,ATIS,9B64DD4E-FD2C-41C3-9E7A-1C2E84D05A32,,BLANK,0,0,1,1,0,0
485,FD220E5B-2804-4C17-904D-F05199C08B51,,124.6,124.6,,ATIS,9C8F6A2D-470D-4E2D-90E8-CE9B86247DEC,,BLANK,0,0,1,1,0,0
486,70991A9A-390D-4D51-B7E3-5B8B1B2F25D1,,125.8,125.8,,ATIS,8F5329F6-71D9-4C3B-ABFC-A8B34DCFEC48,,BLANK,0,0,1,1,0,0
487,280F27C1-E052-4DD2-874D-A1AF009B42CE,,124.475,124.475,,ATIS,1B2097EB-5331-46BE-B8A9-C359A011A9DA,,BLANK,0,0,1,1,0,0
488,DB1CC9D1-ECB1-4CE1-9E47-3174ECC65599,,269.9,269.9,,ATIS,1B2097EB-5331-46BE-B8A9-C359A011A9DA,,BLANK,0,0,1,1,0,0
489,025F090E-9E75-49E4-9D38-63C1EAB988CE,,125.3,125.3,,ATIS,38F71D6D-CF38-48D0-AD78-EB5FC264F710,,BLANK,0,0,1,1,0,0
490,E0C13E5C-7804-4C34-BD4C-77E80302A2A4,,118.75,118.75,,ATIS,9AD673EA-BB2D-403D-8EC3-C9248E81E178,,BLANK,0,0,1,1,0,0
491,7247E887-4E44-40A9-B4EB-F0E80B67A8E6,,290.225,290.225,,ATIS,9AD673EA-BB2D-403D-8EC3-C9248E81E178,,BLANK,0,0,1,1,0,0
492,B7D4B6CC-F9DE-4243-A03A-02A9A88F722C,,124.925,124.925,,ATIS,D1D1B754-7EB5-4AD5-83EC-8D8641C0E99F,,BLANK,0,0,1,1,0,0
493,8CE5983C-1BA2-446E-82D3-773B6A6CF09E,,123.75,123.75,,ATIS,DA177F0C-E17F-4F2B-9A7A-1BC1A37DE7AF,,BLANK,0,0,1,1,0,0
494,F1590F34-808B-4CA3-8DBE-591D6D2960C3,,273.5,273.5,,ATIS,F3692AAF-03C7-4AEE-9EFF-CE21CD170610,,BLANK,0,0,1,1,0,0
495,CC981006-2A0D-4D6F-8E89-52A573A0EE90,,125.6,125.6,,ATIS,82940609-F2A7-4BB8-8C9D-EFE696528376,,BLANK,0,0,1,1,0,0
496,93EE12EC-CCA7-4E2E-8F07-596076BA80CF,,115.4,115.4,,ATIS,547C293E-07D2-498D-89DA-F870B3AD0BB1,,BLANK,0,0,1,1,0,0
497,46FDA92D-57E9-4FF1-81FE-77363F70E561,,263.15,263.15,,ATIS,547C293E-07D2-498D-89DA-F870B3AD0BB1,,BLANK,0,0,1,1,0,0
498,55404186-4C95-4838-8EDA-81A73E736E04,,135.425,135.425,,ATIS,FDC5A491-5B98-4E89-A3EA-BEC60242D33C,,BLANK,0,0,1,1,0,0
499,E57299AF-3D9F-4096-9FEC-B90820C5A5D4,,354.025,354.025,,ATIS,FDC5A491-5B98-4E89-A3EA-BEC60242D33C,,BLANK,0,0,1,1,0,0
500,1E939640-DB00-4BF8-8494-17516EC9B978,,120.75,120.75,,ATIS,E392F7EF-7CC1-4FA6-9F00-7F1CFA3820D2,,BLANK,0,0,1,1,0,0
501,C3A60ED7-F29C-4B4C-8424-E0CC5635295F,,270.1,270.1,,ATIS,DCEAC363-CFC9-4E0D-BE19-8289F4340B16,,BLANK,0,0,1,1,0,0
502,EAD2C1D6-5D22-45AC-A1B9-896A308231AA,,128.725,128.725,,ATIS,8DAE8B9A-9877-4394-AA07-9FD54D972661,,BLANK,0,0,1,1,0,0
503,FCF659F7-D9FE-46A5-ABBC-1E3C2147CFE5,,125.85,125.85,,ATIS,5F3C246F-7134-4042-93B4-52E7DD0C517F,,BLANK,0,0,1,1,0,0
504,61279E94-74A8-4E33-B33C-15C1B070FA4E,,126.5,126.5,,ATIS,2C245D02-6DD1-456D-A134-3AE62E0BBB29,,BLANK,0,0,1,1,0,0
505,E9EC2677-8F3A-430B-9C05-18F37DD54512,,124.9,124.9,,ATIS,2F5A1656-7129-41A4-BBFC-934935989944,,BLANK,0,0,1,1,0,0
506,E73C4700-4D3B-4138-A184-2A6EE367DDC8,,377.2,377.2,,ATIS,2F5A1656-7129-41A4-BBFC-934935989944,,BLANK,0,0,1,1,0,0
507,76F1262C-FB79-4F0C-8EA7-EC46E5E2867B,,125.225,125.225,,ATIS,86D356AE-9F10-45EC-9464-7A66F3FA5859,,BLANK,0,1,1,1,0,0
508,134D9C69-0FC0-4F10-80BC-6E76B599F4BB,,126.5,126.5,,ATIS,C4F7C90A-5A01-4C95-9C20-9D86C1ED8EBC,,BLANK,0,0,1,1,0,0
509,BEC78884-0D52-4E17-B768-0662FDBC957A,,263,263,,ATIS,C4F7C90A-5A01-4C95-9C20-9D86C1ED8EBC,,BLANK,0,0,1,1,0,0
510,99848307-AB83-4876-A805-675A2B74C249,,127.25,127.25,,ATIS,7DFDE13A-9D41-46A6-B0F1-67F1406D1389,,BLANK,0,0,1,1,0,0
511,F2E2486F-F054-4EF6-821E-A41D703553CC,,128.35,128.35,,ATIS,DC735B1F-836C-4F28-B310-5945ECCC9650,,BLANK,0,1,1,1,0,0
512,808AAB22-7AE0-49BE-BE38-2A9F0E23C717,,269.9,269.9,,ATIS,DC735B1F-836C-4F28-B310-5945ECCC9650,,BLANK,0,1,1,1,0,0
513,C728A044-9E5D-4C6B-A57C-578596A46578,,127.65,127.65,,ATIS,07BED4D0-A605-4D69-A642-0F6C2947BD32,,BLANK,0,1,1,1,0,0
514,3AFFE967-8869-4624-8C88-AFB2C7ABA56E,,135.625,135.625,,ATIS,DFB2E8A7-F788-488F-9657-90EA1DA54AC6,,BLANK,0,1,1,1,0,0
515,57E100C1-3D19-4D90-BB18-DF1A3832853C,,119.025,119.025,,ATIS,BA10D6E8-E3E8-4505-9308-43A7D4B6A68A,,BLANK,0,1,1,1,0,0
516,7B091F77-9BFE-45C4-9821-1F1DBE027F51,,124.55,124.55,,ATIS,4518CCB7-5A58-46B8-92B6-DBFCE7CA2949,,BLANK,0,1,1,1,0,0
517,65E26A84-22A5-4CC7-8EE8-B323127C1F57,,126.975,126.975,,ATIS,07B1D450-8A91-40F7-89D0-1EDA52D21B6E,,BLANK,0,0,1,1,0,0
518,C731A4D3-A8EA-4FE7-904A-79AD544A3392,,118.35,118.35,,ATIS,68A98FBC-0BF3-46D6-9B08-3894EFFFEC76,,BLANK,0,0,1,0,0,0
519,924AB59A-5A66-4667-99CD-6F2440E9B56A,,120.35,120.35,,ATIS,697A3638-46E3-431C-B017-51DBEB93271B,,BLANK,0,0,1,1,0,0
520,1EABA5DD-DCB4-4B52-BF0E-FF3DC3B19CB2,,134.95,134.95,,ATIS,1F40D1EE-6AA3-48C8-A86F-2D36B1A666FE,,BLANK,0,0,1,1,1,0
521,EE447F26-A7AA-4079-BA28-9674D5213436,,118.8,118.8,,ATIS,0F5E65DE-0B99-458D-B229-8ED2053AB8CE,,BLANK,0,0,1,1,1,0
522,532EF673-085D-4D2C-B5A1-CA5130DE13CF,,118.325,118.325,,ATIS,1B2310CC-F7A0-4007-8562-EAB06145E0AE,,BLANK,0,0,1,1,0,0
523,D2DCCF2D-27FA-4ED6-A7A2-2A57E547FDBE,,125.675,125.675,,ATIS,83C6FD43-7C0F-469E-BB2B-3060916D0835,,BLANK,0,0,1,1,1,0
524,6A0AE95B-9F9C-4427-B538-5C4335144C3F,,118.375,118.375,,ATIS,AEFE066E-7A7B-4DC9-817C-F70D95A9CDC3,,BLANK,0,0,1,1,0,0
525,47DA380B-D1F5-4133-913A-1A730328ED18,,121.15,121.15,,ATIS,F8BD6B0C-90D0-40CB-91FD-7E444F608168,,BLANK,0,0,1,1,1,0
526,B2606855-5731-41C1-B546-5DC3462AE536,ARR,133.4,133.4,,ATIS-ARR,BC0DB507-3E42-4F72-85FB-E40DDB742911,,BLANK,0,0,1,1,1,0
527,34AC7450-DF83-41B0-9086-BC26EAC60713,DEP,135.925,135.925,,ATIS-DEP,6A21DF8F-4283-484A-924C-53616FEE55D6,,BLANK,0,0,1,1,1,0
528,61B7E975-039B-4D60-92DD-D57C587A7B4F,,120.55,120.55,,ATIS,4F047E42-A41A-4BE8-93C3-B4B50D4F3270,,BLANK,0,0,1,1,0,0
529,A5218153-E9BF-46C9-A9AB-4CAC3CC4EAFC,ARR,127.25,127.25,,ATIS-ARR,B5B7D248-7259-4427-AC35-F65220403748,,BLANK,0,0,1,1,0,0
530,14A1113B-9C24-4448-A538-17F4D8423A3D,DEP,135.9,135.9,,ATIS-DEP,E0F52A6D-AAB5-4038-B09A-610656CBD6BE,,BLANK,0,0,1,1,0,0
531,68A92340-0BFF-406F-B146-A07F675F5926,,127.1,127.1,,ATIS,20CD92AF-06C6-409C-A11C-F07322EBF5CA,,BLANK,0,0,1,1,1,0
532,22C4155A-F266-4BE4-9719-E9C0902BD2CB,,127.65,127.65,,ATIS,9FCBF29C-A9E6-4288-B66D-BC5E27B4B10B,,BLANK,0,0,1,1,0,0
533,A15A4555-5150-40B6-BB13-75930A137B32,,118.325,118.325,,ATIS,C0D00B79-C13A-4CC6-8FBD-50A3E5AB7F52,,BLANK,0,0,0,0,0,0
534,427268D0-06FE-4908-A326-D879C50342D5,,120.4,120.4,,ATIS,A2CB4C2B-D794-43E4-94FF-04DF25372AC4,,BLANK,0,0,0,0,0,0
535,6DC5ADE8-0A92-4DBD-BEA6-FBA84FC00CB3,,125.8,125.8,,ATIS,5849FA5A-963C-4AC8-BA0F-4D1F217A4D7E,,BLANK,0,0,0,0,0,0
536,0BF3BD55-7A9C-42DB-90B0-3AB000E79805,,118.6,118.6,,ATIS,18991283-9A35-4D34-9D2A-43FCEC5F0F9D,,BLANK,0,0,1,1,0,0
537,2095EFDE-B76F-4AAB-97A3-63F43BAEE8B4,,124.2,124.2,,ATIS,5AEDCD03-CA65-418C-8B63-C8F9B60DC891,,BLANK,0,0,1,1,0,0
538,1F47F299-3DC3-4AA4-95F4-DC29B10DC0F7,,279.525,279.525,,ATIS,99E47B6D-96E4-4529-9A1F-E3D4C53317BE,,BLANK,0,0,1,1,0,0
539,4E1C4BEA-EE97-469F-BE62-64FFBD92600C,,124.75,124.75,,ATIS,E21A6680-3929-41DC-93CA-E8B69D7D89BB,,BLANK,0,0,1,1,0,0
540,FBE74F67-28F8-45AA-B018-57AEC3805806,,120.15,120.15,,ATIS,92F23DC5-E09C-4C04-9B46-843823937027,,BLANK,0,0,1,1,0,0
541,CCB8B08A-0940-483D-B2C0-DB3A30A4FB9A,,327.05,327.05,,ATIS,B143F3F5-D0E2-4CA1-A69F-EA2C4693D0FE,,BLANK,0,0,1,1,0,0
542,C29A8C1D-2B34-441B-9FC2-56D16DC6AF52,,123.625,123.625,,ATIS,7F276109-D412-423F-A3D4-8578B9A923EE,,BLANK,0,0,1,1,0,0
543,181249B3-3F0B-4B47-99EB-307BEB3C0F5A,,134.25,134.25,,ATIS,D5D64C44-5F4A-4C3B-98D7-DFDCD0A00D2B,,BLANK,0,0,1,1,0,0
544,E9CD5DA4-F956-4D99-9CA0-E932F15416DA,,121.4,121.4,,ATIS,B5F9643D-14A8-4FE3-B862-FBE08C1246AB,,BLANK,0,0,1,1,0,0
545,609001F2-76F0-422E-AD01-A62C0DBA60A9,,123.925,123.925,,ATIS,43B5F8A2-25AE-4F98-8A3C-912A9AC52C29,,BLANK,0,0,1,1,0,0
546,EB4540C6-A4D5-4E1E-99AA-A9AF946BE367,,119.625,119.625,,ATIS,2A2D635B-DDA6-413E-A1B9-F45FE16AB7F0,,BLANK,0,0,1,1,0,0
547,AF67E497-D9A5-412F-9572-997E9AA779CD,,132.125,132.125,,ATIS,B9E9C8DD-5D0F-4B68-AFBA-34E886EB2A52,,BLANK,0,0,1,1,0,0
548,657CAADC-F132-4F2E-9566-A5DE9421BBC2,,270.1,270.1,,ATIS,B9E9C8DD-5D0F-4B68-AFBA-34E886EB2A52,,BLANK,0,0,1,1,0,0
549,E472FED5-6326-4661-8A8B-23DCD6197162,,120.625,120.625,,ATIS,368FC057-D7A7-4B91-9C39-C1D1A6A49F33,,BLANK,0,0,1,1,0,0
550,8BFE0751-1E89-439C-B860-300F79DBF905,,269.9,269.9,,ATIS,368FC057-D7A7-4B91-9C39-C1D1A6A49F33,,BLANK,0,0,1,1,0,0
551,38FE38B5-1634-4D61-84DF-1F47A0528B06,,126.6,126.6,,ATIS,17355439-6182-4DDE-86AC-2AD947E1D297,,BLANK,0,0,1,1,0,0
552,9B36CDA8-22DE-486E-A7A3-841E91EE5969,,118.25,118.25,,ATIS,C558AAAD-0AE9-4328-A37F-FDC5E253F580,,BLANK,0,0,1,1,0,0
553,C05E099E-067A-487D-9FB6-BFB289442429,,119.85,119.85,,ATIS,F7899902-9A94-41B9-BBB0-F59F0B5A986B,,BLANK,0,0,1,1,0,0
554,BEB7FD63-40B4-42C7-B865-F71A7A377C68,,128.35,128.35,,ATIS,A62F48FE-4826-4BA8-9CA6-2595934E6EBF,,BLANK,0,0,1,1,0,0
555,EDDED4B1-B6F9-495E-8EB2-7098A263CA03,,127.75,127.75,,ATIS,672147D1-8840-4295-B6F6-977660448E1D,,BLANK,0,0,1,1,0,0
556,0E231026-0475-4983-AA99-1C52AFCD58D5,,135.1,135.1,,ATIS,738F7E29-CEC0-449F-8241-0A907ECB786E,,BLANK,0,0,1,1,0,0
557,9B4F998D-B267-4B52-B7CE-A3AFC2B4FAA2,,118.25,118.25,,ATIS,D6893637-4CAB-430D-97B4-4EFBC1D96511,,BLANK,0,0,1,1,0,0
558,C30D5CCC-EAF4-4099-9DAD-D0AFD292F620,,269.175,269.175,,ATIS,576B5E19-1D3C-41E2-B1BD-4F59358C8DCF,,BLANK,0,0,1,1,0,0
559,C9CF70C6-5672-4E36-A78F-F50B37024A7D,,118.85,118.85,,ATIS,9C7E9A26-0542-4134-95D2-1E9D0FBFBEC7,,BLANK,0,0,1,1,0,0
560,C37DB7C0-4C14-4195-81DE-A0F2D9F79238,,350.3,350.3,,ATIS,9C7E9A26-0542-4134-95D2-1E9D0FBFBEC7,,BLANK,0,0,1,1,0,0
561,9915D606-289B-40C1-9F8B-F26E4E402038,,124.4,124.4,,ATIS,5A8A86F7-7F9F-4054-8B5D-C2740366C377,,BLANK,0,0,1,1,0,0
562,714EEE3C-1DEA-43F1-9C79-2E4C48443A5D,,126.3,126.3,,ATIS,9A150FAB-848A-475E-9FE5-D376D2922F2C,,BLANK,0,0,1,1,0,0
563,B2425663-460F-4F5C-A9AF-C8F77B43DFC4,,128.55,128.55,,ATIS,5F36F67A-2710-49B2-93BC-52D315A90E20,,BLANK,0,0,1,1,0,0
564,EB24332A-8B24-413A-A6E4-6A649FE78199,,126.85,126.85,,ATIS,3ACC51B1-B3AB-436F-9B1D-A25F2DB2C9B1,,BLANK,0,0,1,1,0,0
565,CD45435B-72D2-46D3-884B-A96C56EFB783,,126.8,126.8,,ATIS,6AFCFDDC-7733-4020-BA8C-DCB408B8EA61,,BLANK,0,0,1,1,0,0
566,ABFBE849-E919-4662-9C79-F6C35F90F3D5,,127.9,127.9,,ATIS,D192EDCA-61EA-466F-BEA6-13D7BFDFDCBA,,BLANK,0,0,1,1,0,0
567,3C4B66FB-86DB-4100-B710-FF559BF20883,,290.9,290.9,,ATIS,D192EDCA-61EA-466F-BEA6-13D7BFDFDCBA,,BLANK,0,0,1,1,0,0
568,16BC6395-B715-464C-8CF0-2617EBA7AA91,,133.4,133.4,,ATIS,CB9EC5A6-E60A-4A3F-95A5-EB5C6A17A3EA,,BLANK,0,0,1,1,1,0
569,76EE2B9A-EBF5-49C2-A5AD-2F926A1043C9,,126.35,126.35,,ATIS,CB64D937-6734-4579-8394-B5A1C5107BC1,,BLANK,0,0,1,1,1,0
570,5F70CAA6-9156-4F0E-BA06-3A8BEE6327F2,,120.15,120.15,,ATIS,FED22A18-E21F-4003-9A86-5380A387370A,,BLANK,0,0,1,1,1,0
571,D9A6B757-17E8-4D95-A031-E93EE39A8E71,ARR,123.775,123.775,,ATIS-ARR,25C5DF36-49BF-48BF-8D0A-A697B030C8A3,,BLANK,0,0,1,1,1,0
572,44E24EC6-1BA5-491A-BB2B-4B969F948787,DEP,135.925,135.925,,ATIS-DEP,E0C3C813-3836-40A3-9CFB-743E48D94172,,BLANK,0,0,1,1,1,0
573,C84482D5-8EFE-45F9-9ADD-4EF93EED80BB,,114.4,114.4,,ATIS,8B769194-BB39-4280-9985-E05C5063BAF8,,BLANK,0,0,1,1,0,0
574,4D825B26-A814-4E8B-951D-084639E77B4A,,269.9,269.9,,ATIS,8B769194-BB39-4280-9985-E05C5063BAF8,,BLANK,0,0,1,1,0,0
575,961A199A-D7D6-4C67-94CF-BDD3BAEC8BA7,,120,120,,ATIS,43BEE1CE-73D3-409D-B715-BEE7A9EC3B94,,BLANK,0,0,1,1,0,0
576,1C5237E3-CC98-495D-95E6-873754A3FBE8,,254.3,254.3,,ATIS,43BEE1CE-73D3-409D-B715-BEE7A9EC3B94,,BLANK,0,0,1,1,0,0
577,FA940B46-FBDD-46FF-8D81-61CA24ECBD43,,124.9,124.9,,ATIS,AFAFAB8E-21DD-4D29-873C-BE1E63DBE2D7,,BLANK,0,0,1,1,0,0
578,42E5FF7F-A125-43B4-969E-15A0E673C479,,126.925,126.925,,ATIS,4064691B-80DF-41AC-82A9-37BC7A95E6B7,,BLANK,0,0,1,1,1,0
579,C0BD5861-BD35-40E8-B1C4-A3F91F8BEA90,,120.7,120.7,,ATIS,3A01E961-1007-4F9A-A57A-AEBB13B464FE,,BLANK,0,0,1,1,1,0
580,70D3B825-87C1-4447-917E-1AEEEBF7C1EC,,351.675,351.675,,ATIS,9DA66015-8E82-48E3-807F-06046B06D4CC,,BLANK,0,0,1,1,1,0
581,C6CEB638-1F21-4CB4-8AAF-AE666E2B9B7D,,120.025,120.025,,ATIS,97B8F0F9-A2E4-410F-88A8-42762ED0B671,,BLANK,0,0,1,1,1,0
582,A0780672-8F28-496D-8951-85A5B20FFD03,,118.6,118.6,,ATIS,BC6B1E29-E8D9-4908-911B-E8F2B91BB62F,,BLANK,0,0,1,1,0,0
583,EA78CA1E-0E08-45A6-848F-E9ACBD3C3365,,124.85,124.85,,ATIS,7AC78706-AE60-4B83-BD89-D8DA0E964AB9,,BLANK,0,0,1,1,0,0
584,DA013BFF-F650-435E-8B50-2911C392FD1E,,128.375,128.375,,ATIS,7EC7B800-F45C-48B5-9D5B-DF6A87339DB5,,BLANK,0,0,1,1,0,0
585,6F2B3156-20E3-4D80-8733-AD19B3270DAB,,269.9,269.9,,ATIS,E1712CC4-F737-45FD-BA5A-3FDAE06D4560,,BLANK,0,0,1,1,0,0
586,F443025A-5096-4F2D-B8D2-7CA732904BC3,,135.575,135.575,,ATIS,E1712CC4-F737-45FD-BA5A-3FDAE06D4560,,BLANK,0,0,1,1,0,0
587,5FF53F55-C992-4A5A-9F7A-8A313EA9368E,,124.05,124.05,,ATIS,59BDB462-6FA7-400C-963B-2EED623F2B00,,BLANK,0,0,1,1,0,0
588,9E444D08-DDDE-4975-A700-871E410F9BA3,,118.325,118.325,,ATIS,78070D58-8C93-4C32-A9CD-8D5A292E4EFF,,BLANK,0,0,1,1,0,0
589,B44FB7E2-4AF1-4296-9716-6DD35A091B0C,,124.6,124.6,,ATIS,69E9B508-F629-41E2-8B6D-025D6CEBA30E,,BLANK,0,0,1,1,0,0
590,863C78F7-B57A-4DC5-85B3-FF45186BC350,,125.775,125.775,,ATIS,B7C75C61-418C-4AA4-91BE-A98E38C0D5C3,,BLANK,0,0,1,1,0,0
591,2FE9999A-8E84-4A13-AD9D-2E0F36E3CECB,,119.65,119.65,,ATIS,6C2B4605-67D8-4AEB-A0CB-5F1ADBE336B2,,BLANK,0,0,1,1,0,0
592,4600F615-3CFD-44A1-91B0-93F3CEFA3DD0,,125.3,125.3,,ATIS,5FFA1344-B607-42B3-B864-0DCA0B11827B,,BLANK,0,0,1,1,0,0
593,E9DF4543-12FF-4778-9FAB-DBD1EE7F15EA,,128.5,128.5,,ATIS,74F1E6FE-C19D-442C-904D-E42FD7DC6907,,BLANK,0,0,1,1,0,0
594,A631812E-5861-490C-AF6F-67A83ED53650,,235.975,235.975,,ATIS,EA367D3C-C584-4436-AF74-2924AB23145E,,BLANK,0,0,1,1,0,0
595,A5A02AF9-F43D-4C15-98D3-A2D577C030C8,,126.8,126.8,,ATIS,EA367D3C-C584-4436-AF74-2924AB23145E,,BLANK,0,0,1,1,0,0
596,C54CAFE0-B7B2-49E6-A436-4A52F62541C0,,119.325,119.325,,ATIS,F5E6F597-746D-4A7D-BE11-9039B18C2625,,BLANK,0,0,1,1,0,0
597,2A815C75-D6DF-40AD-A593-4C634EE6E36A,,254.35,254.35,,ATIS,A0AFFE59-3E74-4628-8B41-48C1BBC54EBA,,BLANK,0,0,1,1,0,0
598,13205412-40DF-4304-B884-8513857A38C9,,128.45,128.45,,ATIS,4229BC21-0D41-48FC-9258-AA194CD1759C,,BLANK,0,0,1,1,0,0
599,CD6D53E0-5069-4C3F-B67A-37BD5BCD8981,,319,319,,ATIS,4229BC21-0D41-48FC-9258-AA194CD1759C,,BLANK,0,0,1,1,0,0
600,5C469CD1-7A28-4A72-BB6E-3E7CF33A788E,,120.45,120.45,,ATIS,FFC13808-3FCD-4B59-89F8-011599B2BB10,,BLANK,0,0,1,1,0,0
601,E81CE237-7474-4335-8727-4BF535AF1985,,273.5,273.5,,ATIS,FFC13808-3FCD-4B59-89F8-011599B2BB10,,BLANK,0,0,1,1,0,0
602,D43AC6D3-9720-44C4-B0CA-FE4A07797056,,118.9,118.9,,ATIS,C04CD64B-69C3-4084-8D1A-68530B080BE2,,BLANK,0,0,1,1,0,0
603,ABA6FDF6-20CE-4D5D-8F31-7E269FBCDA5A,,128.8,128.8,,ATIS,6F473A69-EB90-4D19-82DB-C3524FD7D864,,BLANK,0,0,1,1,0,0
604,0AF63BB7-661D-4915-A286-95629EE6E76E,,118.775,118.775,,ATIS,71E85B4A-F765-416F-B95C-66D8C391F346,,BLANK,0,0,1,1,1,0
605,F9A19C44-4F54-4B5A-BC8D-978A6E05EDA3,,126.25,126.25,,ATIS,FEF8A752-BE6A-48D7-AD7E-CED74C147691,,BLANK,0,0,1,1,0,0
606,CA453373-715D-42D3-9F27-29ECD85C8DF6,,290.525,290.525,,ATIS,7467853E-9053-45D7-AF07-F7BEF4D320F1,,BLANK,0,0,1,1,0,0
607,0A0CE639-4AB9-4E1E-AB32-C88534BAD020,,327.8,327.8,,ATIS,7467853E-9053-45D7-AF07-F7BEF4D320F1,,BLANK,0,0,1,1,0,0
608,748F0137-8493-43F5-B608-243CD1E2817A,,119.025,119.025,,ATIS,B9606086-D6EF-418A-BC5B-72D75D30BC54,,BLANK,0,0,1,1,0,0
609,C8285F95-4EC8-461E-9D72-B5B3A2134D2C,,123.85,123.85,,ATIS,51D4039B-7E71-4BAE-BA54-3A5E1301967D,,BLANK,0,0,1,1,1,0
610,C9C051F0-9FC5-4A26-8912-53026DFB0823,,132.05,132.05,,ATIS,41FC3762-C13E-4268-881F-89125AB09451,,BLANK,0,0,1,1,0,0
611,E7FFE6C3-5EC8-43EF-B7AF-FDABF73E7B27,,269.9,269.9,,ATIS,41FC3762-C13E-4268-881F-89125AB09451,,BLANK,0,0,1,1,0,0
612,7C483309-7C7E-46B9-92A1-2506F82191F6,,134.925,134.925,,ATIS,74DE6A5F-E945-4157-9F25-CB167CBE2387,,BLANK,0,0,1,1,0,0
613,D7300DD2-5B1D-45B8-9B77-ACA706D2B14C,,397.9,397.9,,ATIS,74DE6A5F-E945-4157-9F25-CB167CBE2387,,BLANK,0,0,1,1,0,0
614,227BFE23-402A-41CA-8ABD-8ACFE1D73156,,125.55,125.55,,ATIS,18CCE83B-DF90-4290-AF3E-BD2CC9CA780F,,BLANK,0,0,1,1,0,0
615,2EEF12C9-8AD8-4056-9B39-7537F475FA10,,135.175,135.175,,ATIS,A7D61971-5D22-4A48-9CBB-234390DB122C,,BLANK,0,0,1,1,0,0
616,31C73AED-238C-47FC-A449-D446FE037248,,124.75,124.75,,ATIS,93885B98-2B6F-4886-9D63-9DFC234315E8,,BLANK,0,0,1,1,0,0
617,93AD679A-15BE-45CB-9427-20823B9DB92C,,125.625,125.625,,ATIS,93885B98-2B6F-4886-9D63-9DFC234315E8,,BLANK,0,0,1,1,0,0
618,F8C98EDD-1C8C-431E-8A97-5D5D4D97C48C,,118.425,118.425,,ATIS,B119A69C-1147-40BD-A82D-11AA57C951E7,,BLANK,0,0,1,1,0,0
619,AAD2A45D-5C2A-4A1E-9090-242D274F0D86,,128.175,128.175,,ATIS,7C9AF3E0-3606-4421-A039-DF0F392D9BA5,,BLANK,0,0,1,1,1,0
620,EDE5B4F3-272A-4D95-B251-9EC719FADF4F,,270.1,270.1,,ATIS,B002AC07-5D30-4AF4-840D-8B357D502B42,,BLANK,0,0,1,1,0,0
621,603960E7-C2D1-45C9-98BD-E43704EA5239,,119.8,119.8,,ATIS,223CFD37-4597-46AD-9A49-C470DB511080,,BLANK,0,0,1,1,0,0
622,D807130F-B050-4576-9117-481F2D8E74C0,,128.65,128.65,,ATIS,9A9E4F95-D9DC-4E50-8F79-5EE1EC31E064,,BLANK,0,0,1,1,0,0
623,5A2D7FD9-B7B6-4DC1-995F-277F3C4B5707,,127.15,127.15,,ATIS,2958AF91-D48B-4731-AC02-672FA492CDB7,,BLANK,0,0,1,1,0,0
624,2E5B6CF2-8EE6-46D5-8B1F-4EBE07877414,,118.425,118.425,,ATIS,9F54991D-1564-47CB-8727-8BF1FB92EC03,,BLANK,0,0,1,1,0,0
625,383A06BB-C6CD-4E9D-84E0-6332429AE444,,263.15,263.15,,ATIS,F3A49B9E-2EF2-4CF3-8772-0D09A8246ECC,,BLANK,0,0,1,0,1,0
626,B9709684-CAB7-4F06-9994-44C5F971EA3E,,119.15,119.15,,ATIS,B677034D-221F-48AF-B2B5-4589A70F347D,,BLANK,0,0,1,1,0,0
627,3EE8CB37-F7A1-4DEB-8926-0F011326C152,,263.025,263.025,,ATIS,B677034D-221F-48AF-B2B5-4589A70F347D,,BLANK,0,0,1,1,0,0
628,318B0E72-1C52-4C35-B2C3-E516044FC4C9,,132.375,132.375,,ATIS,43875C82-5296-4C29-850C-04D5675ED28B,,BLANK,0,0,1,1,0,0
629,726C8A4C-41C2-400D-A2BB-277FED170888,,317.6,317.6,,ATIS,E5B61C3B-14B2-413D-85D1-43D4C6FEFDCC,,BLANK,0,0,1,1,0,0
630,68101912-22D9-47A3-BD1C-7FD0EA0F4A75,,124,124,,ATIS,B8BA2BB1-280C-4982-AE73-3E7118521AEE,,BLANK,0,0,0,0,0,0
631,2A7D36CE-999C-4511-ACB3-96A0E39556B6,,135.65,135.65,,ATIS,C438AAFE-D52D-432D-9CE6-577B87BA63F5,,BLANK,0,0,0,0,0,0
632,7C17B7AF-069B-4F00-B121-6E64376789F3,,123.8,123.8,,ATIS,2AFAC678-3D2D-4150-A0D0-6ABFF71125E6,,BLANK,0,0,1,1,0,0
633,46C8AA55-E001-442D-AAB7-300A5F6D500F,,269.9,269.9,,ATIS,2AFAC678-3D2D-4150-A0D0-6ABFF71125E6,,BLANK,0,0,1,1,0,0
634,A9DC1F11-B285-4165-B4F2-E68E002B905D,,134.45,134.45,,ATIS,E691845F-2B8A-43D4-9F25-E00DBF279F3E,,BLANK,1,1,1,1,0,0
635,DD1D7DF1-D06B-4860-BC9D-FEC542650ED7,,128.65,128.65,,ATIS,C894E9BD-F9BC-41BA-A6EF-C3173CFDB541,,BLANK,1,1,1,1,0,0
636,51246F81-700D-4F33-B85A-7857152AE94E,,124.65,124.65,,ATIS,EA3B5ED0-0CE7-413A-AB20-597629558269,,BLANK,0,1,1,1,0,0
637,0150B786-2552-4907-B27B-91D59A71F965,,306.2,306.2,,ATIS,EA3B5ED0-0CE7-413A-AB20-597629558269,,BLANK,0,1,1,1,0,0
638,0E1848E2-2B4C-4BDB-A6E0-E5FF3665434E,,119.05,119.05,,ATIS,1AD61D1A-0B57-4089-A3D5-0BEA1D7789F6,,BLANK,0,0,1,1,0,0
639,F90BDA3E-17AF-4EFB-8299-C634AB6C5043,,134.15,134.15,,ATIS,681E894E-9F9A-4F8C-917F-6232B9E646FB,,BLANK,1,1,1,1,0,0
640,950EAE3F-2A73-48A8-995A-3A8DF38AE8ED,,281.5,281.5,,ATIS,681E894E-9F9A-4F8C-917F-6232B9E646FB,,BLANK,1,1,1,1,0,0
641,35133B0E-DFB0-4B8F-933F-776BFC75F5AF,,135.725,135.725,,ATIS,83F75A21-9053-4EA9-AE27-114338DDF608,,BLANK,0,1,1,1,0,0
642,9DE42A82-DB99-4ECC-A526-7BA0F8B98601,,125.65,125.65,,ATIS,92E38A6F-228C-4E1C-8D6D-FF0A17012388,,BLANK,0,0,1,1,0,0
643,0EF07511-349F-4FC5-ABA7-96C873C62585,,126.95,126.95,,ATIS,7C2126C1-72F6-4E4A-AB8B-1A77090AE72F,,BLANK,1,1,1,1,0,0
644,E7163B4F-3E45-4A35-BCBD-0B60624A08E2,,127.75,127.75,,ATIS,B885DA76-BCA8-4808-B443-0E57F7C5E223,,BLANK,1,1,1,1,0,0
645,79C226E2-F72B-4C47-97ED-A0577E2579EB,,118,118,,ATIS,E3486857-6915-461C-91D6-EFE99D58CC16,,BLANK,1,1,1,1,0,0
646,E2F86A89-61A1-4DFD-93A0-C110C85D27C4,,257.625,257.625,,ATIS,9A8D45A6-5072-4ECD-B47A-228FDA7A5DA2,,BLANK,0,0,1,1,0,0
647,9C1B061A-EF51-4B74-8BC2-D47C85ECBA5C,,120.55,120.55,,ATIS,F07FFE14-80E7-4282-BE10-81EFC962A95C,,BLANK,0,0,1,0,0,0
648,AFC72F1A-2A2D-41E7-8B9F-629877F670ED,,254.375,254.375,,ATIS,A3F1C7EE-344C-41C5-AE64-5AED27F347E0,,BLANK,0,0,1,1,0,0
649,FE658316-CC18-405A-8061-0EAFFF7542F0,,124.325,124.325,,ATIS,A3F1C7EE-344C-41C5-AE64-5AED27F347E0,,BLANK,0,0,1,1,0,0
650,FBC6BF2D-BF05-4620-BD76-0DD31F78171B,,270.1,270.1,,ATIS,9C90C6F2-9B20-4EFF-8E02-0D494E5E562A,,BLANK,0,1,1,1,0,0
651,31062656-FB5C-4AE1-AFF8-5351ED349EE2,,124.05,124.05,,ATIS,4463FF68-58A5-41F4-BC43-DABF5C5C167E,,BLANK,0,1,1,1,0,0
652,2B36FD26-C3F5-49E3-A486-850BF9BCA4E1,,125.25,125.25,,ATIS,590B1250-0DEF-41F7-876E-0495B9D9C285,,BLANK,0,1,1,1,0,0
653,D03218CC-69D5-4D19-80A5-0504E0A3E07D,,127.15,127.15,,ATIS,5E66394A-C748-4719-8369-5F62DF5C092F,,BLANK,0,0,1,1,0,0
654,FAF3EE7C-AA67-4969-A0E6-8DF207BC8A15,,257.85,257.85,,ATIS,9FBC6369-7EA8-4CC8-BE25-9EA380AB78A6,,BLANK,0,0,1,1,0,0
655,96A4E39F-BB01-49DF-83A5-14D3F824A104,,126.025,126.025,,ATIS,9E5241F5-B29A-41C6-ACA8-E7C7B29DD1CE,,BLANK,0,0,1,1,0,0
656,EE9AAF29-6E35-48F1-B7AE-17070D18B50E,,124.1,124.1,,ATIS,2EFEA5D7-61D4-4087-AC9D-6B285029F926,,BLANK,0,0,1,1,0,0
657,91459F48-9691-43DC-AD6F-5C09C0C3D7C7,,128.25,128.25,,ATIS,8EA82E4B-2E2F-43E6-BC53-E35436DDC54D,,BLANK,0,0,1,1,0,0
658,C0BA169A-87D7-4EA1-9F4C-AAF3A8FC25CE,,127.175,127.175,,ATIS,1EE1A3EA-D85D-41F7-B57C-AC5D89883784,,BLANK,0,0,1,1,1,0
659,3E2E1D68-D078-475E-8767-AF5BEBDCE875,,124.95,124.95,,ATIS,A5405A5F-8160-4983-948B-22FEAFFBA20A,,BLANK,0,0,1,1,0,0
660,87014D0A-39C8-4BC2-BDE5-044177059F68,,124.65,124.65,,ATIS,1EA6120B-0362-4F6A-B88D-610252DA8341,,BLANK,0,0,1,1,0,0
661,5054A259-B1C6-4691-BC0B-DBB3F984CCED,,278.3,278.3,,ATIS,1EA6120B-0362-4F6A-B88D-610252DA8341,,BLANK,0,0,1,1,0,0
662,BCB2D727-D541-4F96-A5CD-9301C81DC083,,126.4,126.4,,ATIS,9473BD6D-56FA-4F88-B931-3AE02F99E15C,,BLANK,0,0,1,1,1,0
663,B4C62761-3E64-4754-8DA5-F31FA1DF3E8E,,128.3,128.3,,ATIS,161B4D55-80A4-441B-AF03-3472FE55FD4F,,BLANK,0,0,1,0,1,0
664,733DB1EA-C942-4A1B-A186-9E7AF22979CF,,127.45,127.45,,ATIS,7B16C552-D289-4418-9F4C-DF719FA11EF7,,BLANK,0,0,1,1,0,0
665,5202C695-BD8F-4BF9-89C0-3921C75E56B2,,125.9,125.9,,ATIS,5F109436-7DE0-4377-BA62-338784BB5F19,,BLANK,0,0,1,1,0,0
666,1DB311E2-4889-4E60-A73C-DBE70FA0F756,,118.875,118.875,,ATIS,96BB2767-E377-494A-98EA-6C43DCC526AE,,BLANK,0,0,1,1,1,0
667,2834987A-8992-4091-9FCB-17F053D49849,,127.6,127.6,,ATIS,352C759B-7DB5-4C5D-A522-1039BE0CE8B5,,BLANK,0,0,1,1,0,0
668,82CDA904-B0CF-4B57-A1B4-153FA11A3FE6,,127.825,127.825,,ATIS,D8651FAE-574F-48C7-BD31-AB4B9AB8D994,,BLANK,0,0,1,1,0,0
669,4B2CA173-620C-455F-8E40-52B551175B0F,,125.2,125.2,,ATIS,A068D332-7337-4042-A4ED-8D15CD4BD18F,,BLANK,0,0,1,1,0,0
670,E2264686-526F-46F1-855B-1A099C7DDB83,,124.35,124.35,,ATIS,7F3B9C78-94D6-483D-88C0-A0A4BB0E6101,,BLANK,0,0,1,1,0,0
671,9C0ED293-05C3-419C-9197-EFBCCA774A3E,,126.15,126.15,,ATIS,CFBFEC8A-831F-4FEA-93CF-EEE5F3A46EED,,BLANK,0,0,1,1,0,0
672,64BD3916-6437-4957-B1E2-752B8BACF783,,134.425,134.425,,ATIS,C67155B5-49E5-4B12-9A38-8E50F0207EA1,,BLANK,0,0,1,1,0,0
673,87512442-1BE1-4985-BBF5-E114A8B48CEF,,278.3,278.3,,ATIS,C67155B5-49E5-4B12-9A38-8E50F0207EA1,,BLANK,0,0,1,1,0,0
674,15F5A1D4-48C3-40EC-801B-18AFDAE0525B,,120.625,120.625,,ATIS,99C91926-27B7-451C-8C52-764A31E9D156,,BLANK,0,0,1,1,0,0
675,F01DE430-449B-46BB-937B-90DFBE395B49,,119.6,119.6,,ATIS,84F5E00B-809D-4201-A31A-172C387B024C,,BLANK,0,0,0,0,0,0
676,D6E22991-0F76-4C91-A76E-D216843674DA,,118.7,118.7,,ATIS,A3BA4AB2-99EB-4E25-8C82-1E0D19E5DDF2,,BLANK,0,0,1,1,0,0
677,F55E151D-7474-458F-9056-446EB669F685,,132.45,132.45,,ATIS,C9D24319-DC09-4378-8B84-533B1229B0B8,,BLANK,0,0,0,0,0,0
678,E825D98B-639C-4319-9AD2-D948E132CB9A,,127.75,127.75,,ATIS,1661A4BB-9460-43FB-BB93-3CB1E191F7F8,,BLANK,0,0,0,0,0,0
679,BF7C86C4-5343-40EF-B625-709E8A7D5A0B,,119.675,119.675,,ATIS,753230A6-AA0C-4E4F-8775-93B7931E6D7C,,BLANK,0,0,1,1,0,0
680,3ADFEC07-FAD7-4004-8C69-3A12E4085FF9,,128.325,128.325,,ATIS,0499F592-62DE-4B2E-92C9-404623C790AC,,BLANK,0,0,1,1,0,0
681,BB5954B5-85C7-42A4-BB75-BE5DEEA6018D,,119.525,119.525,,ATIS,032C2579-5E9C-4B98-A10D-2BE8DC8BD8B3,,BLANK,0,0,1,1,0,0
682,F1CB34DA-8953-4D54-9A8F-73ED90FECD6D,,118.275,118.275,,ATIS,23C8C9C8-E104-4562-9DA9-F3C9BFAAF689,,BLANK,0,0,1,1,0,0
683,429C22F7-AC3A-4685-82C7-CEA9C8F797A4,,127.075,127.075,,ATIS,55EE8029-76AC-464D-93EB-B42E2A7FF034,,BLANK,0,0,1,1,0,0
684,4A185D16-DBC5-4118-958F-DA4292F4FCC6,,127.9,127.9,,ATIS,F300CF38-B171-4169-B155-3B52772D8CCD,,,0,0,1,1,0,0
685,C8AD1F5E-C9A6-46CA-A261-E02A6472BC46,,127.6,127.6,,ATIS,6FD8A538-551B-4FC9-BDBC-F6F247CE807A,,,0,0,1,1,0,0
686,DCA02CA5-0D62-4959-B1F2-2B0907569347,,127.9,127.9,,ATIS,0C02DD6E-EAAC-446A-A73D-797907AFAA87,,,0,0,1,0,0,0
687,4D512455-D059-45E9-9CAC-CC9965FD4F5E,,132.1,132.1,,ATIS,3C1FA552-5D89-481D-BDDE-C0C024A19BC5,,,0,0,0,1,0,0
688,21D364B7-E2A3-456F-8D6D-B46A8DA93539,,127.55,127.55,,ATIS,24860CE3-023E-45B2-A7DB-63C08CCEFE97,,,0,0,1,1,0,0
689,06D85CF9-6484-49C6-9D4B-8214F7940FD4,,127.7,127.7,,ATIS,0F717E9A-ED76-4183-860E-66D01DD5AFD3,,,0,0,1,1,0,0
690,75AAC900-7F61-4E00-931F-1C9703AC1AE7,,118.325,118.325,,ATIS,A2833F9E-19F6-4D15-BDE1-3DD69A0E315C,,BLANK,0,0,1,1,0,0
691,0CAF2F9E-EB22-492C-ABEA-2A52C55F8A3F,,285.45,285.45,,ATIS,82CD4D7D-DB00-49BC-83FE-3B55D1CF98B0,,BLANK,0,0,1,1,0,0
692,555C6FF6-A7FF-41B9-AEB7-BD7CA2B3FEA4,,119.825,119.825,,ATIS,8CD77AEC-76B6-4277-AFD8-C3A3FBDF9E45,,BLANK,0,0,1,1,0,0
693,A54DCEB5-FD65-4C2E-A226-1302ADC01F36,,124.4,124.4,,ATIS,49D9E4F8-2F3D-4A60-821C-60C458EA307D,,BLANK,1,1,0,0,0,0
694,4DFEBCA0-B99F-4D91-B7E9-42B06116F72F,,134.15,134.15,,ATIS,038C03FD-20AC-46B5-8479-D268955BF209,,BLANK,1,0,1,0,0,0
695,B4F93C39-10F9-4FFA-8162-22BF3C518F1C,,281.5,281.5,,ATIS,038C03FD-20AC-46B5-8479-D268955BF209,,BLANK,1,0,1,0,0,0
696,F5ADC7A6-64CB-4C9E-814F-F308941A305D,,134.15,134.15,,ATIS,8468E413-D060-4717-8014-E83C7AA9B3AF,,,1,1,1,1,0,0
697,B535136E-36B6-42FF-877F-E41C4B21750E,,280.3,280.3,,ATIS,8468E413-D060-4717-8014-E83C7AA9B3AF,,,1,1,1,1,0,0
698,5BB95D49-58EC-49EA-95ED-C580DFD00E4E,,132.875,132.875,,ATIS,E2892A62-22A8-496C-BF13-C49657AA94B2,,BLANK,0,0,1,1,0,0
699,E79CFB32-A31D-4F71-B081-11AC4D113611,,269.375,269.375,,ATIS,2AE28438-DEFA-4A07-856C-70B1F9F546FD,,BLANK,0,0,1,1,0,0
700,404B5F57-B556-416C-AA2B-6A896802C0F2,,127.65,127.65,,ATIS,F93BE977-6DE3-4916-9FE9-76EA1A8C2D6A,,BLANK,0,0,0,0,0,0
701,CA651596-B5E4-40F8-8325-4E724232E214,,118.125,118.125,,ATIS,2CE9FAD9-ABD5-4F3B-BD39-C62394A0A83C,,BLANK,0,0,1,1,0,0
702,9E63283D-1A5C-4433-ADE7-408EFBAF3264,,134.25,134.25,,ATIS,47A064D9-1115-41CC-B9D4-88EDE7599CD4,,BLANK,1,1,0,0,0,0
703,5A742503-0647-4596-A4F0-8D8108B84934,,118.85,118.85,,ATIS,98486FCB-FE3B-4AE6-BCE1-EBA442FEB072,,BLANK,0,0,1,1,1,0
704,E70DBE54-9EB1-4FE4-8864-2E4A46302601, 617-455-3003|DEP,135,135,,ATIS-DEP,620C1D71-864D-4165-B87E-6A5737031E33,,BLANK,0,0,1,1,0,0
705,6DB927AF-4E06-4AB5-9EE4-69EA4C88616E,,127.525,127.525,,ATIS,81D5FEE1-E254-49CF-B0F4-DD3762F61DE3,,BLANK,0,0,1,1,0,0
706,0F5015FF-DEAA-4AF1-96DD-ABB8C3DDC3FA,,290.425,290.425,,ATIS,4888877F-64A1-4FD7-ACDF-C91F51081D9F,,BLANK,0,0,1,1,1,0
707,1E9E9B25-6BF0-4C3C-963B-AD96299BD02F,,120.675,120.675,,ATIS,F0B91374-A8B8-42C9-B583-FE177B00CC16,,BLANK,0,0,1,1,0,0
708,DACD9E09-4CCD-418A-A04C-B2D82F231F70,,276.525,276.525,,ATIS,304C0542-BE9F-4D8B-8347-F20C2D6C4759,,BLANK,0,0,1,1,0,0
709,B7980DEC-8F12-4A5E-A077-A84A899A8E02,,111.2,111.2,,ATIS,06464F31-5586-43C1-B501-B04F67903DB1,,,0,0,1,1,0,0
710,AF5D20C4-2276-4C83-A8E6-EFF607B4AA33,,133.925,133.925,,ATIS,7C415E4D-C08C-485A-AFA1-476E626B69BD,,BLANK,0,0,1,1,0,0
711,AA617F23-7FB0-4D07-A7B7-7CE1F03C6449,,292.15,292.15,,ATIS,936DADCE-B568-450B-8B7C-A0D4EC4CDEC5,,BLANK,0,0,0,0,0,0
712,796AB94F-30E9-4265-852E-1ACE64345FFD,,316.15,316.15,,ATIS,C5B8A784-8EAB-4E7B-976E-C9ABCF53DBCB,,,0,0,1,1,0,0
713,AE3D8720-D0EC-42B3-B567-F7D3CC7E222C,ARR,121.25,121.25,,ATIS-ARR,C4341ED4-70A2-418B-9E22-853EDD7775DB,,,0,0,1,1,0,0
714,CAB011CB-AFE3-438E-82FA-1DEC874E79AC,,126.45,126.45,,ATIS,E2992AF2-388D-4052-86C7-B6A447AEFAF8,,,0,0,1,0,0,0
715,8B55BEA8-00F2-4314-9C06-AF22DE6EEFA8,,132.275,132.275,,ATIS,E3F91FF5-913A-40B7-80C0-7D4ED2262D2C,,,0,0,1,1,1,0
716,1E44D71C-7B51-45AE-B972-D77EF82C1AC5,,119.95,119.95,,ATIS,ACA186F7-57A9-4589-9A2D-178D9B86F355,,,0,0,1,0,0,0
717,3B935484-12C0-4839-B321-D4BE22DD8ABF,,118.525,118.525,,ATIS,23EBD44C-670B-46A2-9087-31C75BC4AA64,,,0,1,1,1,0,0
718,AF4111F0-6C11-4EF9-9343-076C63248852,,120.825,120.825,,ATIS,B3CD7C0A-9910-4975-8204-A84DDB3F2943,,,0,0,1,1,0,0
719,C2175FED-80A9-4DCC-B9E9-478EE10E2521,,269.9,269.9,,ATIS,E3F91FF5-913A-40B7-80C0-7D4ED2262D2C,,BLANK,0,0,1,1,1,0
720,509FDF67-8261-41EA-B689-1EF8F387A6C5,,360.825,360.825,,ATIS,8FF9D247-3566-4FF2-8C50-6DA7CA7F9A53,,BLANK,0,0,1,1,0,0
721,C5FEC0D9-DAF4-41CB-8AD0-3EA94D205887,,135.725,135.725,,ATIS,FFB02789-20D1-447B-BDAA-EAB57635FD99,,BLANK,0,0,1,1,0,0
722,AD288CCB-7939-48B8-BC13-DF02F41D22C3,,127.825,127.825,,ATIS,621A161A-89CD-473E-931E-5234D6D1109F,,BLANK,0,0,1,1,1,0
723,B3B6D0F3-A8EF-4825-9270-23198EA3D2CB,,118.125,118.125,,ATIS,9E0A10D4-D712-4700-AE8D-16071D906560,,BLANK,0,0,1,1,1,0
724,9BD7526C-404B-4F78-80CA-9A2D13BFE18B,,263.025,263.025,,ATIS,F6C8854A-2577-467D-AF22-366A7D06DCB4,,BLANK,0,0,1,1,0,0
725,ACFE8391-71D1-4DF8-B39A-96B624698413,,119.075,119.075,,ATIS,6C6E9DA1-BE48-492F-8E35-BFAE737FCB5A,,BLANK,0,0,1,1,0,0
726,0F549D2B-6F5C-4887-A66B-DF69EDCD087F,,132.75,132.75,,ATIS,7929E23B-FBC5-4CAA-9E3E-55E35609DE5B,,BLANK,0,0,1,1,0,0
727,64EB1E37-DFF4-4064-B7E0-981438A452C2,,124.65,124.65,,ATIS,82766C81-8F52-4460-A5CF-ED643144BB81,,BLANK,0,0,1,1,0,0
728,AEA5B8CA-9739-4512-BA68-CB0797704BC3,,133.675,133.675,,ATIS,D56CD566-FF98-4E76-A641-4B339F9C9A43,,BLANK,0,0,1,1,1,0
729,40AAA85A-FF7D-43F9-A312-9E919BA0D0D4,,270.275,270.275,,ATIS,5FFA1344-B607-42B3-B864-0DCA0B11827B,,BLANK,0,0,1,1,0,0
730,EE137D8B-6DD8-4024-998F-21A1256D0924,,124.475,124.475,,ATIS,84623CA9-2970-49B4-A96E-834EB37A6317,,BLANK,0,0,1,1,0,0
731,45D78A1B-68D8-4C6D-BF91-A04828757236,,127.425,127.425,,ATIS,04402DF0-3D03-49BB-B0DF-B1C970BBA6BB,,BLANK,0,0,1,1,0,0
732,49683F46-0688-415A-A6D8-1B214C2AAFEB,,120.65,120.65,,ATIS,1E9DCF78-7920-4F61-9B7D-418713C484FD,,BLANK,0,0,1,1,0,0
733,C5B92A3D-BA24-4AA8-A76D-47430E02B820,,124.35,124.35,,ATIS,4888877F-64A1-4FD7-ACDF-C91F51081D9F,,BLANK,0,0,1,1,1,0
734,71C66802-5EE9-443F-A9F3-27EB2B656424,,269.9,269.9,,ATIS,04402DF0-3D03-49BB-B0DF-B1C970BBA6BB,,BLANK,0,0,1,1,0,0
735,AE751180-5878-4322-9FB2-FBE9AA765FB2,,127.575,127.575,,ATIS,6EB41C1E-9526-4B25-968F-E487D236550B,,BLANK,0,0,0,0,0,0
736,CCE482B2-E227-4E99-BDC5-A206D74F1B04,,121.4,121.4,,ATIS,00E1A116-83B2-47DE-9925-DA59EBB1D89A,,BLANK,0,0,1,1,0,0
737,14A518EB-1C1C-44CC-88EB-EF96C958123F,,273.475,273.475,,ATIS,BE0827B6-9B97-4AF6-8BCC-87EE080881C6,,BLANK,0,0,1,1,0,0
738,D8143C25-2AFF-4ED7-AE88-968927C82AAF,,119.025,119.025,,ATIS,D01BB1C6-D860-47AC-805F-60CF0B20EF4B,,BLANK,0,0,1,1,1,0
739,4E755782-1AFD-4B3A-B1FD-CA3931385079,,119.825,119.825,,ATIS,5618D5C1-DC11-4F2E-B1BA-5C0117AD0F23,,BLANK,0,0,1,1,0,0
740,7C44FF48-B82C-4F8D-8ACC-FEA4B2D7F081,,124.15,124.15,,ATIS,B8981E9F-06C3-4AB7-9F78-336D1944A696,,BLANK,0,0,1,0,0,0
741,D17BEE70-EA3D-4E58-8426-150D7E24925F,,244.575,244.575,,ATIS,525522E3-D496-4519-8C75-F49C74CDE640,,BLANK,0,0,1,1,0,0
742,7A228583-7655-43CB-BD68-879AA75B8BB9,,135.825,135.825,,ATIS,9C90C6F2-9B20-4EFF-8E02-0D494E5E562A,,,0,1,1,1,0,0
743,F8FD8870-D751-4170-9303-EE0CCC7290D0,,135.075,135.075,,ATIS,2B1F79E7-1CB4-47E1-A455-83B69F6797C9,,BLANK,0,0,1,1,0,0
744,944A9071-D88F-4418-B53E-C95B264E3C60,,133.475,133.475,,ATIS,2E1ACBEB-4BE4-4FB3-945C-9995E7A166C5,,BLANK,0,0,1,1,0,0
745,3BAE624C-74EC-4BD6-9CF7-4E5875056A0C,,134.35,134.35,,ATIS,9FBC6369-7EA8-4CC8-BE25-9EA380AB78A6,,BLANK,0,0,1,1,0,0
746,C088E3C9-BE76-492C-84A5-F1519DC68ABA,,135.675,135.675,,ATIS,72B605D9-11BC-4D46-A186-393F9BA4F369,,BLANK,0,0,1,1,0,0
747,979F32D5-4236-456D-A8A9-3B3EDE6696E3,,128.225,128.225,,ATIS,619227DF-0ADF-4E78-A1A6-F663CF84D730,,BLANK,0,0,1,1,0,0
748,FEEDBBF7-D097-4F4A-BBEA-E7BD2DE7A82B,,134.325,134.325,,ATIS,065EDE2E-320B-4BFD-9F78-51C3669BC67A,,BLANK,0,0,1,1,0,0
749,21D9D0BD-EC6A-4A77-BBEF-CF34FE20CB17,,119.925,119.925,,ATIS,B2676E8A-D9A5-4652-BF0B-F15A476A6B51,,BLANK,0,0,1,1,1,0
750,69CF15E2-E6E8-4EC7-B11F-A25CEB96204E,,109.8,109.8,,ATIS,F3692AAF-03C7-4AEE-9EFF-CE21CD170610,,BLANK,0,0,1,1,0,0
751,20090D14-ADAC-4B98-8BF8-8AB5A89C92DF,,119.025,119.025,,ATIS,76378B5C-2F60-4209-8445-48D961363318,,BLANK,0,0,1,1,0,0
752,3D0B33CA-9424-46F5-8072-3DFD330DBD6B,,134.525,134.525,,ATIS,73130201-BD5A-45D3-84D2-E11B2273E8E7,,BLANK,0,0,1,1,0,0
753,F1C227C4-1D34-4541-9BF6-A765DD1C25DC,,127.075,127.075,,ATIS,5151E4FE-B5AA-408B-B50D-8E07C61527DA,,BLANK,0,0,1,1,0,0
754,96BC81B0-9ED0-4302-87EE-B8B2C99B899D,,282.25,282.25,,ATIS,54158569-B0F4-4EB7-850D-31D735EAC2FC,,BLANK,0,0,1,1,0,0
755,71D491D3-B60A-4678-B854-80E99795F859,,120.675,120.675,,ATIS,0B42C4C7-8123-47D1-8241-FFE9650CDFBB,,BLANK,0,0,1,1,0,0
756,9BF68D08-3185-4F13-B6CE-96C19A80EAE7,,327.05,327.05,,ATIS,0B42C4C7-8123-47D1-8241-FFE9650CDFBB,,BLANK,0,0,1,1,0,0
757,ABE76754-B78A-4424-A29E-D02E0810497A,,126.675,126.675,,ATIS,0288E3F9-4D7C-4C72-B6A6-F11CC263BF48,,BLANK,0,0,1,1,1,0
758,6D2C045C-7255-4BFC-BA15-9FF4AA11661A,,128,128,,ATIS,FFCF3203-E3EE-4700-AA72-937FB6919AF6,,BLANK,0,0,0,0,0,1
759,EA4C8922-0906-488C-8EFA-40B309C00852,,118,118,,ATIS,A0E40E2B-4DBF-49A8-8639-6EF49B53CF4D,,BLANK,0,0,1,1,0,0
760,D5B7E870-3F38-4FE7-A324-720F102F3297,,125.25,125.25,,ATIS,A5E476D4-1215-43FF-82C6-E016711106C5,,,1,1,0,0,0,0
761,5B3AC595-5382-4DFF-80F0-FE40C68A977C,,128.425,128.425,,ATIS,1AA6BBAD-9D60-4143-A86A-CAEABC71FA5E,,,1,1,1,1,0,0
762,58851C78-A2FF-47CC-9EA9-1AE27BDDC7F3, ,282.2,282.2,,ATIS,24883D89-2E0D-4198-B2C3-E56F152B3D56,,,1,1,0,0,0,0
763,40DD1EBD-A11F-485F-89FC-FE189EBC9DBD, ,118.6,118.6,,ATIS,24883D89-2E0D-4198-B2C3-E56F152B3D56,,,1,1,0,0,0,0
764,F77AFD08-A9D2-4A8F-AC8A-7F194CBC6E32,,124.6,124.6,,ATIS,DF48E5FE-A41A-4F45-87DB-19FB7E052E5B,,,1,1,1,1,0,0
765,800A99C8-0D39-40DE-8DEF-44F06679567E,,119.8,119.8,,ATIS,9220C5A9-8CB8-4FDC-ADA3-7A9C302348F9,,,0,1,1,1,0,0
766,7E2F6C36-E960-4210-87A0-DB9D63F22636,,124.4,124.4,,ATIS,AC240A0B-75D2-48CF-BF71-60C6C2399E44,,,0,0,0,1,0,0
767,B2408BAD-C52A-4025-AE25-247313BA90BF,,124.875,124.875,,ATIS,A21C1C42-095B-45A3-9BEF-2F1175D905B5,,,0,0,0,1,0,0
768,26D73C3C-F7AC-4B81-864A-580D7D01D448,,120.85,120.85,,ATIS,655FA8CA-DCCB-4904-9A7A-7B92961BF82D,,,0,0,0,1,0,0
769,DC4C0E24-17C4-46A3-863E-AD5E2EA55640,,120.2,120.2,,ATIS,581ABB49-8FBE-484E-8FE7-F6E5E66DD1A0,,,0,0,0,1,0,0
770,BAB25D8B-F138-43E9-9DD9-1087E18F822B,,118.8,118.8,,ATIS,22BAD80E-3352-40D2-A729-A25272FE655D,,,1,1,1,1,0,0
771,2DD0370B-EA33-4304-A646-3C027C955294,,125.5,125.5,,ATIS,7B2FB01C-215B-4046-8624-F4F49C7B6331,,,1,1,1,1,0,0
772,891E4693-A050-445F-8350-BB3359F3DDD0,,128.55,128.55,,ATIS,39CFD973-5EBB-474B-9280-959963140227,,,1,1,0,0,0,0
773,57547A06-C642-4D05-BC70-3359843F3915,,125,125,,ATIS,D924E285-3965-4F60-8F26-A4A0E23E8C3D,,,1,1,1,1,0,0
774,F75D8CC8-4BEB-4B7F-89A7-38F21EF610DE,,244.3,244.3,,ATIS,30919EC9-6520-4361-9DD7-21C03203B37B,,,0,0,1,1,0,0
775,7EA07D1F-82B7-4BFF-B31D-7B90715E20D5,,128.85,128.85,,ATIS,30919EC9-6520-4361-9DD7-21C03203B37B,,,0,0,1,1,0,0
776,90494714-8940-4CF4-A38C-A23A8E60C94A,,128.65,128.65,,ATIS,72758A3B-BD02-4460-A2FD-FA1653A05270,,,0,0,1,1,0,0
777,9082266C-C876-42EB-BCB3-DC592F3626D2,,128.8,128.8,,ATIS,B70BD700-7C0F-4A19-B438-A8B61A24633A,,,0,0,1,1,0,0
778,381EBDF5-003B-42BF-9205-E54439993DF9,,124.95,124.95,,ATIS,6B0ACFD7-4982-43BB-BA4B-6C2424F58F74,,,0,0,0,1,0,0
779,92E8759C-3BA7-4CF8-82D6-89DA8D359859,,308.8,308.8,,ATIS,8A829D3B-FF4F-41A4-8597-C5628CFA1B4C,,,0,0,1,0,0,0
780,4F327D2F-73D8-4292-9428-F64062F0BBD0,,129.175,129.175,,ATIS,8A829D3B-FF4F-41A4-8597-C5628CFA1B4C,,,0,0,1,0,0,0
781,380CD3D6-CFC5-49DE-B6C2-669C7554D35E,,127.55,127.55,,ATIS,6FFB9832-16B0-4A8B-8AF2-C4942C20C58E,,,0,0,1,1,0,0
782,7383542C-1D58-43EE-BC3B-087996693153,,121,121,,ATIS,29BEB305-E4D7-476B-BFAF-63E5BB807A4D,,,0,0,1,1,0,0
783,A68984B9-14ED-4AD8-AA9B-EE684D87DDDD,,134.6,134.6,,ATIS,0A6A995B-D88E-4C4D-B7E7-9C5844532C3C,,,0,0,1,1,0,0
784,9B516F82-98B9-4C14-9D75-C21850931290,,124.9,124.9,,ATIS,494335DE-5BF6-4F3F-9C5B-66A594DF7002,,,0,0,1,1,0,0
785,3D41E28D-6179-431D-BEA7-EFAE5BC85EDE,,121.15,121.15,,ATIS,AD519FB6-9DD5-4796-8220-84FA6BCD160A,,,0,0,1,1,0,0
786,E7D721C8-D1B3-4DBC-87E8-F8456E494707,,125.7,125.7,,ATIS,1EF6E093-2DA7-4249-A404-473B516BAEE1,,,0,0,1,1,0,0
787,F7612B2F-F2E7-4741-8AE7-AB7A1F614780,,127.4,127.4,,ATIS,80E307E1-6C51-44FA-BFE7-445625AA169B,,,0,0,1,1,0,0
788,22A0C682-7367-4E21-A185-EE65D4F5FE57,,133.05,133.05,,ATIS,19ADCE70-763E-4C77-A7B4-6ED9589E1F28,,,0,0,1,1,0,0
789,394C45DD-E01E-4576-BB91-FA562A0592F3,,121.15,121.15,,ATIS,4FFD9F67-1ECC-433C-9DCB-071AB906572C,,,0,0,1,0,0,0
790,5BD157A9-AB85-4275-B022-5BA95A68396A,,135.55,135.55,,ATIS,ACC76B85-4791-4BB1-BC55-15BB3A0AD608,,,0,0,1,1,0,0
791,AFC5B532-1F28-4212-A54E-293257E051B4,,133.7,133.7,,ATIS,8E689A67-9D41-428E-9CC9-55D2FA72EB25,,,0,0,1,1,0,0
792,154D8E57-FA98-47E9-897C-FC97C7ED93D7,,124.9,124.9,,ATIS,47E4A94B-0F04-4F64-AE33-BC6A009C335E,,,0,0,1,1,0,0
793,4F394440-AA1A-4641-A392-B16DEDBE0AAD,,257.7,257.7,,ATIS,1EDF2E4F-409C-4420-B67C-0983D3DCDC43,,,0,0,1,1,0,0
794,2976138B-E94D-4631-A491-46C62E03C4DF,,135.45,135.45,,ATIS,1EDF2E4F-409C-4420-B67C-0983D3DCDC43,,,0,0,1,1,0,0
795,0A314159-D271-419F-AEC1-35E5655F002F,,127.8,127.8,,ATIS,A6DDD38B-6DBE-4056-BBAF-F44015FEC586,,,0,0,1,1,0,0
796,816E6A63-31E0-4579-8DA2-E93893ABACD4,,133.1,133.1,,ATIS,D35C80CA-5B2A-4AC1-B49C-B77F427D2D34,,,0,0,1,1,0,0
797,4F0B7357-7A75-4150-A9A4-488B56111454,,120.825,120.825,,ATIS,D35C80CA-5B2A-4AC1-B49C-B77F427D2D34,,,0,0,1,1,0,0
798,98DBF107-7465-4898-AC67-FC2C13D427DE,,128.1,128.1,,ATIS,AC76E815-2A1E-407F-9A2F-4771AED569AD,,,0,0,1,1,0,0
799,F83D9B22-AF60-4439-B5F5-19F453A02743,,134.5,134.5,,ATIS,6F1D4E9B-CA48-488A-9460-1DDC18D4A02A,,,0,0,1,1,1,0
800,E7C580C3-C9B1-4B81-AB8B-771B10C94B75,,125.1,125.1,,ATIS,E972520B-7F46-450B-AE7A-08AD0B90A0E3,,,0,0,1,1,0,0
801,103AD1CA-185B-4E78-879F-713D9EB0F5EB,,125.675,125.675,,ATIS,FE0C186D-DCE3-4664-BC2C-648DC56BE28C,,,0,0,1,0,0,0
802,3A9C2614-85F8-4C5E-B1B0-4E01DF6BD41C,,128.525,128.525,,ATIS,D82E99DF-960F-4897-9B90-13911D0FF6FC,,,0,0,1,1,0,0
803,BFBD8CA9-545D-41D6-8508-45AF4ED6461C,,122.55,122.55,,ATIS,54EAF635-108D-498B-A12B-A335AFC96782,,,0,0,1,1,0,0
804,22777915-2011-4191-8DDE-18EC5A9E34D2,,133.6,133.6,,ATIS,5620A34F-3614-46B7-87A2-7B0420480F8D,,,0,0,1,0,0,0
805,D1F75370-3E0E-46AC-9CBA-91F5CA0A7A95,,122.55,122.55,,ATIS,89AC3EF0-1E4E-4C3C-A6D4-38C784CE41B2,,,0,0,1,0,0,0
806,84057CA4-2C96-41D3-A86C-CCDE06018724,,123.6,123.6,,ATIS,4E18711C-2108-4666-BCBD-F6C5891A70D0,,BLANK,0,0,1,1,0,0
807,0D03EF05-8637-4AC6-94A0-36F529446A66,,135.75,135.75,,ATIS,55B8CBF7-8B64-4AE8-8E3B-5A279FDAE3EE,,BLANK,0,0,1,1,0,0
808,375FC5E1-0930-4BF8-9415-61859F3B83B8,,338.225,338.225,,ATIS,9F54991D-1564-47CB-8727-8BF1FB92EC03,,BLANK,0,0,1,1,0,0
809,C5F30710-ACCC-43CB-B4E4-9DA702520918,,133.35,133.35,,ATIS,6DDB37D6-B15C-45EC-BDD3-5E99C131D5BE,,BLANK,0,0,1,1,0,0
810,7B6FF17A-7E18-4071-A003-65784224EEA0,,119.325,119.325,,ATIS,968322B8-36E5-4E24-B6A5-52BFE5C133D8,,BLANK,0,0,1,1,1,0
811,E2200862-AE9E-46AD-9E47-0C3FA213218F,,119.95,119.95,,ATIS,00D4377F-97D9-4B3C-8553-8CFDFBC11C4C,,BLANK,0,0,1,1,0,0
812,7CA101E4-73AA-4134-92AB-A8A18341999D,,124.775,124.775,,ATIS,7935988A-0D60-480D-816C-C5066A373AF9,,BLANK,0,0,1,1,0,0
813,1591C334-1478-4DD8-A083-A82BDB0B434B,,119.225,119.225,,ATIS,902B3790-D4E0-47CA-9F28-A6665F30B657,,BLANK,0,0,1,1,0,0
814,74A2143A-5FB7-4F8E-8066-FEEA9710AA08,,269.85,269.85,,ATIS,D3EA6E48-6C33-4357-8513-5A58418B3984,,BLANK,0,0,1,1,1,0
815,13651031-FC41-447B-AB61-D471A443C428,,119.575,119.575,,ATIS,3AD3A4BA-5ABC-4585-B2EF-73293AB41386,,BLANK,0,0,1,1,0,0
816,4B2BE999-5712-4AAA-AEA7-60CE426F6223,,126.2,126.2,,ATIS,6734F00F-98C1-488A-9EFB-6BE443E1CA1C,,BLANK,0,0,1,1,0,0
817,042E22CF-B479-4B64-956E-7C6E2EABC8F0,,114.4,114.4,,,1F0C2F0C-BD75-432C-A5CA-1707845533FE,,BLANK,0,0,1,1,0,0
818,EDBE4ED7-2337-49C0-9F06-50ABBAC5F09A,,108.6,108.6,,,63BFF60A-37F1-41CE-9CA0-59B8A3E436BA,,BLANK,0,0,1,1,0,0
819,65E6CFCD-9262-4183-853E-130875276AEA,,114.95,114.95,,,D528C4E4-C84E-45D6-88CD-8D3AF8AE3D86,,BLANK,0,0,1,1,0,0
820,4E5CD9E0-91DA-45D3-A6F8-9E754F5BF6C7,,121.5,121.5,,PRI,892A49C8-DEB7-4ABD-B316-56A3ED4CD2FC,2,BLANK,1,1,0,0,0,0
821,8643BD0C-E12C-4AC9-910E-4EB782877D77,,122.3,122.3,,PRI,892A49C8-DEB7-4ABD-B316-56A3ED4CD2FC,2,BLANK,1,1,0,0,0,0
822,A74A84F5-A936-4517-922A-C1700E682805,,123.6,123.6,,BOTH,892A49C8-DEB7-4ABD-B316-56A3ED4CD2FC,2,BLANK,1,1,0,0,0,0
823,5E4040B1-0471-4FE2-8890-382AAD16A2CA,,121.5,121.5,,PRI,8D288A78-FDFD-4E37-8BCE-AF50F193833E,2,BLANK,1,1,0,0,0,0
824,08EBB7E7-8D8F-477E-86C7-666C2608A565,,122.2,122.2,,PRI,8D288A78-FDFD-4E37-8BCE-AF50F193833E,2,BLANK,1,1,0,0,0,0
825,79B398EA-3AEE-4A57-BE30-66F94F92A153,,123.6,123.6,,BOTH,8D288A78-FDFD-4E37-8BCE-AF50F193833E,2,BLANK,1,1,0,0,0,0
826,2065B172-5483-448E-A058-764C94BCF83F,,243,243,,PRI,8D288A78-FDFD-4E37-8BCE-AF50F193833E,2,BLANK,1,1,0,0,0,0
827,D8D9CFFB-1425-4924-BC15-97EE77534119,,121.5,121.5,,PRI,ABDBDFF3-8256-482F-8A80-DE7442B21F87,2,BLANK,1,1,0,0,0,0
828,93D7CDB1-94CD-492E-9827-2F4A368FBBB8,,122.2,122.2,,PRI,ABDBDFF3-8256-482F-8A80-DE7442B21F87,2,BLANK,1,1,0,0,0,0
829,13DC4EF2-085E-49F6-A419-CE6F37DAB9A3,,243,243,,PRI,ABDBDFF3-8256-482F-8A80-DE7442B21F87,2,BLANK,1,1,0,0,0,0
830,16620D2F-16C7-40BB-9A7E-38CBAE53284F,,121.5,121.5,,PRI,2AE0A930-34FC-4BB2-9080-4951672156AE,2,BLANK,1,1,0,0,0,0
831,E6136E5D-0732-47D1-A2BC-EA042F0AD2C9,,122.2,122.2,,PRI,2AE0A930-34FC-4BB2-9080-4951672156AE,2,BLANK,1,1,0,0,0,0
832,A75D86BC-7034-4CD1-A861-6A3AC36EB230,,123.6,123.6,,PRI,2AE0A930-34FC-4BB2-9080-4951672156AE,2,BLANK,1,1,0,0,0,0
833,6CF2BA08-A4F3-46F8-9ADD-A10977639BCF,,243,243,,PRI,2AE0A930-34FC-4BB2-9080-4951672156AE,2,BLANK,1,1,0,0,0,0
834,8B33FBA6-3EFF-4330-AB14-3BAD63A983E1,,121.5,121.5,,PRI,0B572C01-316F-4AC5-BAAB-AA51D70B342F,2,BLANK,1,1,0,0,0,0
835,E96E9903-8B20-4CC9-9D41-D3B40D471070,,122.2,122.2,,PRI,0B572C01-316F-4AC5-BAAB-AA51D70B342F,2,BLANK,1,1,0,0,0,0
836,421EFEAB-E062-41E3-BEC4-3851AC2AE1D9,,122.65,122.65,,PRI,0B572C01-316F-4AC5-BAAB-AA51D70B342F,2,BLANK,1,1,0,0,0,0
837,42A7EB15-97D3-4321-A6A0-BC262F731622,,123.6,123.6,,BOTH,0B572C01-316F-4AC5-BAAB-AA51D70B342F,2,BLANK,1,1,0,0,0,0
838,75B214D3-2DF4-4105-9F86-E684FE969430,,132.65,132.65,,,49BE8645-1E04-4C53-AB12-96AAA967571D,2,D,0,0,1,1,0,0
839,0CDC1DC6-48C3-4528-989E-1BEB63C1F635,,257.6,257.6,,,49BE8645-1E04-4C53-AB12-96AAA967571D,2,D,0,0,1,1,0,0
840,9609C375-4D7B-4338-84EC-487F5AF992D0,,133,133,,,CA201628-9877-4EBF-84F9-8F0AC34B0867,1,BLANK,0,0,1,1,0,0
841,4105B15F-A585-4189-8F10-F2A83A9D5CBC,,133.725,133.725,,,CA201628-9877-4EBF-84F9-8F0AC34B0867,3,BLANK,0,0,1,1,0,0
842,A7A82C2B-5F88-46EF-B459-CB6607CAF60E,,134.45,134.45,,,CA201628-9877-4EBF-84F9-8F0AC34B0867,0,D,0,0,1,1,0,0
843,0A2C5988-7003-4A94-B05B-057D427E54F2,,281.5,281.5,,,CA201628-9877-4EBF-84F9-8F0AC34B0867,1,BLANK,0,0,1,1,0,0
844,1256EE2C-9646-4E3A-B7D4-4D5DC06D3AF9,,327.15,327.15,,,CA201628-9877-4EBF-84F9-8F0AC34B0867,0,D,0,0,1,1,0,0
845,C307EE00-7710-4008-B659-23B9C98C5C44,,341.7,341.7,,,CA201628-9877-4EBF-84F9-8F0AC34B0867,1,BLANK,0,0,1,1,0,0
846,C8EDC1A0-0D6B-4277-8834-B7C6EA670925,,135.875,135.875,,,88EBC177-E37A-4127-BA42-2F3FAC75316D,0,D,0,0,1,0,0,0
847,1EAC7F5B-5E3A-4E33-AB71-145D4FA866BF,,292.15,292.15,,,88EBC177-E37A-4127-BA42-2F3FAC75316D,0,D,0,0,1,0,0,0
848,9F0509A0-601B-4121-AF62-BDC283019CDB,,126.45,126.45,,,9CEFA468-6BA9-4096-9138-B56AE11FAB48,0,BLANK,0,0,1,1,0,0
849,A19D7009-61B7-47D5-BFED-87CBC5656B96,,132.45,132.45,,,9CEFA468-6BA9-4096-9138-B56AE11FAB48,1,BLANK,0,0,1,1,0,0
850,566B9E87-566F-418F-9551-45E210CBD1B8,,135.15,135.15,,,9CEFA468-6BA9-4096-9138-B56AE11FAB48,1,BLANK,0,0,1,1,0,0
851,E133766E-44FA-4F2F-A5A8-0C367D1DBAA1,,288.3,288.3,,,9CEFA468-6BA9-4096-9138-B56AE11FAB48,0,BLANK,0,0,1,1,0,0
852,E2A1D1F7-15D2-4FB5-BCB9-E88F60B97697,,350.2,350.2,,,9CEFA468-6BA9-4096-9138-B56AE11FAB48,1,BLANK,0,0,1,1,0,0
853,3499EAEE-9630-4ECE-8159-7C4AE57BED8F,,371.9,371.9,,,9CEFA468-6BA9-4096-9138-B56AE11FAB48,1,BLANK,0,0,1,1,0,0
854,A772E7D0-4ED9-4621-AAA5-583C4E319BD2,,125.075,125.075,,,31290114-C322-43EC-A314-D0B00844DD6B,1,BLANK,0,0,1,1,0,0
855,09CA45AD-1465-46AA-8A01-4CEA0383F4DF,,132.8,132.8,,,31290114-C322-43EC-A314-D0B00844DD6B,0,BLANK,0,0,1,1,0,0
856,09557069-8B4C-4D64-ADF6-2548B3F5C822,,133.65,133.65,,,31290114-C322-43EC-A314-D0B00844DD6B,2,BLANK,0,0,1,1,0,0
857,CF6B4E02-AE1A-4F70-B1D0-93BE96D9828D,,269.475,269.475,,,31290114-C322-43EC-A314-D0B00844DD6B,1,BLANK,0,0,1,1,0,0
858,2C16AFC1-3F50-40FD-84F8-9187CECF157F,,284.6,284.6,,,31290114-C322-43EC-A314-D0B00844DD6B,2,BLANK,0,0,1,1,0,0
859,59AB044D-2526-4729-A1A4-D873D0BFA125,,346.35,346.35,,,31290114-C322-43EC-A314-D0B00844DD6B,0,BLANK,0,0,1,1,0,0
860,0F944EC8-4F6E-4D8D-8493-B254056960F7,,120.975,120.975,,,CF36A9F3-1D9A-4DB9-9CE8-28380CD5DD5C,1,BLANK,0,0,1,1,0,0
861,C94B09C7-DB46-4FF3-B7C3-23078A3339F5,,135.875,135.875,,,CF36A9F3-1D9A-4DB9-9CE8-28380CD5DD5C,0,D,0,0,1,1,0,0
862,14AFC78C-3188-4141-BE53-E702C8767DFF,,278.3,278.3,,,CF36A9F3-1D9A-4DB9-9CE8-28380CD5DD5C,1,BLANK,0,0,1,1,0,0
863,A3DFD2A1-4B32-4B11-A907-43C8EA169E0D,,292.15,292.15,,,CF36A9F3-1D9A-4DB9-9CE8-28380CD5DD5C,0,D,0,0,1,1,0,0
864,859FF95E-5DF7-40E8-87A1-9AF5D1152359,,125.525,125.525,,,58512A54-6EBA-4487-B1A6-177323271659,1,BLANK,0,0,1,1,0,0
865,ABAA9628-7748-48F8-9BDB-F47ECDE25594,,128.2,128.2,,,58512A54-6EBA-4487-B1A6-177323271659,0,D,0,0,1,1,0,0
866,2DF6950E-D3B2-4229-BE15-2E14EDBCBFDD,,269.45,269.45,,,58512A54-6EBA-4487-B1A6-177323271659,1,BLANK,0,0,1,1,0,0
867,B3F896AD-DC92-44C7-AA98-7D4C2551B45D,,285.5,285.5,,,58512A54-6EBA-4487-B1A6-177323271659,0,D,0,0,1,1,0,0
868,BAEB6AFF-6D4F-4222-8387-5B6EF9A41735,,120.975,120.975,,,B1426AB8-AF1F-466A-9707-BE353DF3BC48,1,BLANK,0,0,1,1,0,0
869,F1434447-8A74-422B-AA8A-C0BF16722C39,,132.225,132.225,,,B1426AB8-AF1F-466A-9707-BE353DF3BC48,3,BLANK,0,0,1,1,0,0
870,F141002A-BDF8-4A56-B31B-D93637290DBA,,135.875,135.875,,,B1426AB8-AF1F-466A-9707-BE353DF3BC48,0,D,0,0,1,1,0,0
871,242BAFC6-B1EC-4B49-880D-5B6A42EF38D2,,243,243,,,B1426AB8-AF1F-466A-9707-BE353DF3BC48,2,BLANK,0,0,1,1,0,0
872,503B9A30-1B88-4379-B29F-DE0F5D2358C1,,270.35,270.35,,,B1426AB8-AF1F-466A-9707-BE353DF3BC48,1,BLANK,0,0,1,1,0,0
873,D47A1FA8-40E1-4480-BD4B-130F84FD7C12,,278.3,278.3,,,B1426AB8-AF1F-466A-9707-BE353DF3BC48,1,BLANK,0,0,1,1,0,0
874,CEE4D7DC-A3EE-4D51-9956-15B984709F13,,292.15,292.15,,,B1426AB8-AF1F-466A-9707-BE353DF3BC48,0,D,0,0,1,1,0,0
875,93E7944D-59F1-4954-99B6-BA53D498D7C3,,132.9,132.9,,,E0093DA1-A9E2-4274-8E21-E678AB7B603D,2,D,0,0,1,1,0,0
876,379A978B-0892-4C89-BA32-38F8E50D33C1,,135.725,135.725,,,E0093DA1-A9E2-4274-8E21-E678AB7B603D,1,BLANK,0,0,1,1,0,0
877,330A4C74-6852-4C47-A91A-C655FC5D0FCD,,239.05,239.05,,,E0093DA1-A9E2-4274-8E21-E678AB7B603D,2,D,0,0,1,1,0,0
878,F112087D-EABC-4785-B0BF-B1AE53BA4524,,339.8,339.8,,,E0093DA1-A9E2-4274-8E21-E678AB7B603D,0,BLANK,0,0,1,1,0,0
879,F8F3847B-D37E-43EB-8BB0-B5C832501626,,125.4,125.4,,,116CA489-271D-4556-B4D7-C10C6501FF7D,0,D,0,0,1,1,0,0
880,C13422C6-D4F7-4ECB-B350-F9413F181B6D,,135.15,135.15,,,116CA489-271D-4556-B4D7-C10C6501FF7D,1,BLANK,0,0,1,1,0,0
881,B0B7D6EA-5190-4776-A429-3A5FA9F19C54,,269.3,269.3,,,116CA489-271D-4556-B4D7-C10C6501FF7D,0,D,0,0,1,1,0,0
882,96B0A2FB-2DAE-48CB-A9CE-6CA9641C4F11,,350.2,350.2,,,116CA489-271D-4556-B4D7-C10C6501FF7D,1,BLANK,0,0,1,1,0,0
883,4077F99E-97A5-4B94-BEB3-1D423B9166E5,,125.075,125.075,,,4C5C73D0-9E7B-444A-981F-818E03B61187,1,BLANK,0,0,0,1,0,0
884,B025988B-47CC-4667-A5D7-98F7D86FAA8F,,128.675,128.675,,,4C5C73D0-9E7B-444A-981F-818E03B61187,1,BLANK,0,0,0,1,0,0
885,9273DDCC-949E-4796-B1D5-A17AA2B6EC0C,,279.5,279.5,,,4C5C73D0-9E7B-444A-981F-818E03B61187,1,BLANK,0,0,0,1,0,0
886,954F234B-7DDA-4A6E-9D14-BE91891267AE,,360.8,360.8,,,4C5C73D0-9E7B-444A-981F-818E03B61187,1,BLANK,0,0,0,1,0,0
887,83862B8F-1C61-4A2C-8280-B93BED158CB9,,127.85,127.85,,,4DD6317C-AE92-4582-8650-360138111EB0,0,BLANK,0,0,1,1,0,0
888,7C58DD48-3E5B-4353-9660-1998D02F459B,,128.225,128.225,,,4DD6317C-AE92-4582-8650-360138111EB0,1,BLANK,0,0,1,1,0,0
889,5B358372-C138-48D9-AEF5-98A52628BBEA,,133.05,133.05,,,4DD6317C-AE92-4582-8650-360138111EB0,1,BLANK,0,0,1,1,0,0
890,85723E37-0927-4647-835A-A72041C1258F,,269.35,269.35,,,4DD6317C-AE92-4582-8650-360138111EB0,1,BLANK,0,0,1,1,0,0
891,2B77A7AA-A03A-4DEB-9512-D74E0B6BC25D,,285.475,285.475,,,4DD6317C-AE92-4582-8650-360138111EB0,0,BLANK,0,0,1,1,0,0
892,419786D4-13F9-4058-A0B5-800F5A65D217,,291.6,291.6,,,4DD6317C-AE92-4582-8650-360138111EB0,1,BLANK,0,0,1,1,0,0
893,13C20350-0075-47A2-8347-447C7F2124D4,,128.45,128.45,,,232826CD-9E6A-419C-A7D5-5FA73A9BF720,0,D,0,0,1,1,0,0
894,1CA3E26E-B515-4671-8AEC-19AB92E01FD5,,298.9,298.9,,,232826CD-9E6A-419C-A7D5-5FA73A9BF720,0,D,0,0,1,1,0,0
895,C7C1B5AF-A25A-4592-8CEB-CFEC61B4A271,,370.9,370.9,,,232826CD-9E6A-419C-A7D5-5FA73A9BF720,1,BLANK,0,0,1,1,0,0
896,084A453A-0EEA-4923-A61A-61F72A6537D9,,132.8,132.8,,,58F6DCEB-408C-45CA-A81F-F09CFE380A3A,0,BLANK,0,0,1,0,0,0
897,462DC04D-3272-4565-AF70-AB37CBED275F,,346.35,346.35,,,58F6DCEB-408C-45CA-A81F-F09CFE380A3A,0,BLANK,0,0,1,0,0,0
898,1357173C-06A1-44D2-B348-F36535AF791A,,132.65,132.65,,,0242A0EC-7420-4430-AF93-90188EE04B02,2,D,0,0,1,1,0,0
899,ED030B7C-573D-43CF-91B8-2C345E7D1D80,,257.6,257.6,,,0242A0EC-7420-4430-AF93-90188EE04B02,2,D,0,0,1,1,0,0
900,A88EAE88-F095-4A5A-BBAB-08BC5C9D6235,,132.8,132.8,,,B639CF0E-DFE0-4C0F-B4DE-FDD3A5593ACD,0,D,0,0,1,0,0,0
901,6E06BF24-F27B-4C78-91AD-D3AA9922C055,,346.35,346.35,,,B639CF0E-DFE0-4C0F-B4DE-FDD3A5593ACD,0,D,0,0,1,0,0,0
902,FDEC5F30-7F19-460E-9F56-D554869322EC,,134.45,134.45,,,9E40373D-7BA6-44FD-B17C-D96CE8F7BF8E,0,BLANK,0,0,1,0,0,0
903,877F7E8E-726B-4571-82DF-6F7DDB69E382,,243,243,,,9E40373D-7BA6-44FD-B17C-D96CE8F7BF8E,2,BLANK,0,0,1,0,0,0
904,87E11CC6-3A6B-4762-BE60-0C22766E7800,,327.15,327.15,,,9E40373D-7BA6-44FD-B17C-D96CE8F7BF8E,0,BLANK,0,0,1,0,0,0
905,C1981BB2-17EF-400F-BFFD-6175ADF91474,,132.8,132.8,,,EF05B724-3F9F-4532-99E0-D42AAF048F44,0,D,0,0,1,0,0,0
906,F76F3BFB-4234-4B24-8C76-4812458D5590,,346.35,346.35,,,EF05B724-3F9F-4532-99E0-D42AAF048F44,0,D,0,0,1,0,0,0
907,CEEE1CB4-FC85-4283-A65B-6D0EE87FFB0A,,128.2,128.2,,,152E4ECA-8A38-40D9-A227-DAB6AE14C14A,0,D,0,0,1,0,0,0
908,AB285350-99A5-417E-ACCB-914AF08C7D48,,285.5,285.5,,,152E4ECA-8A38-40D9-A227-DAB6AE14C14A,0,D,0,0,1,0,0,0
909,085A64ED-3F76-4ACF-9F82-2CBD866CF2EA,,133,133,,,0935EACB-6673-443E-98C8-884490819EC6,1,BLANK,0,0,1,1,0,0
910,3104CFF0-BB4E-4E80-8E64-0D048A053C18,,134.45,134.45,,,0935EACB-6673-443E-98C8-884490819EC6,0,D,0,0,1,1,0,0
911,31DA4FBA-B748-4ED4-A3C8-26010CC2E4F0,,281.5,281.5,,,0935EACB-6673-443E-98C8-884490819EC6,1,BLANK,0,0,1,1,0,0
912,4AD94019-9D1A-4695-9CC5-10C3A445C0FC,,327.15,327.15,,,0935EACB-6673-443E-98C8-884490819EC6,0,D,0,0,1,1,0,0
913,F2B5C744-A793-4ECE-8071-BCDCD8823F3E,,126.85,126.85,,,D77E9268-BD41-439A-853B-1388962C6662,0,BLANK,0,0,1,1,0,0
914,B467CDE7-465E-45F2-940C-E97438503772,,251.1,251.1,,,D77E9268-BD41-439A-853B-1388962C6662,1,BLANK,0,0,1,1,0,0
915,387CFD9A-F9B1-45E8-B4C5-88A9481DD606,,267.9,267.9,,,D77E9268-BD41-439A-853B-1388962C6662,0,BLANK,0,0,1,1,0,0
916,406DBF99-2AA1-4070-9E87-BE8B0A867B72,,285.6,285.6,,,D77E9268-BD41-439A-853B-1388962C6662,0,BLANK,0,0,1,1,0,0
917,C55B0EBA-7858-47F6-B36A-D1091FE02EF2,,119.45,119.45,,,B01A61DF-B89B-4E18-99C5-FF0F29DFF074,3,BLANK,0,0,1,1,0,0
918,CC9D662C-C920-442D-B052-A1DF75ECEA33,,124.325,124.325,,,B01A61DF-B89B-4E18-99C5-FF0F29DFF074,0,BLANK,0,0,1,1,0,0
919,EB07C597-F2CC-49EE-90BF-CD1874581167,,133.65,133.65,,,B01A61DF-B89B-4E18-99C5-FF0F29DFF074,2,BLANK,0,0,1,1,0,0
920,2AE9897C-22E0-40B2-BA0F-97BBEDA6C3B5,,134.6,134.6,,,B01A61DF-B89B-4E18-99C5-FF0F29DFF074,1,BLANK,0,0,1,1,0,0
921,7899D5A4-E137-4EAC-9EF8-549025F0B6F6,,284.6,284.6,,,B01A61DF-B89B-4E18-99C5-FF0F29DFF074,0,BLANK,0,0,1,1,0,0
922,CE309F68-D87E-4B32-9630-7E0B76ECA9C1,,288.25,288.25,,,B01A61DF-B89B-4E18-99C5-FF0F29DFF074,0,BLANK,0,0,1,1,0,0
923,B1839447-C1A8-43BD-94E9-1331654C6C7D,,385.65,385.65,,,B01A61DF-B89B-4E18-99C5-FF0F29DFF074,3,BLANK,0,0,1,1,0,0
924,8462C23C-3BBC-4704-AE5F-608B87E5CFE2,,128.125,128.125,,,999E031B-2B0B-4DA6-A59E-73BDB319FBA2,1,BLANK,0,0,1,1,0,0
925,6202128A-E25C-47C0-ADB1-CEF7520AC70F,,306.2,306.2,,,999E031B-2B0B-4DA6-A59E-73BDB319FBA2,0,D,0,0,1,1,0,0
926,54DB82D6-8956-4528-9149-ED5AC0B9B2B8,,317.75,317.75,,,999E031B-2B0B-4DA6-A59E-73BDB319FBA2,1,BLANK,0,0,1,1,0,0
927,304A084B-32B1-4A70-83DD-DF81E78D3AB4,,120.55,120.55,,,252050AA-D1AF-4383-BADD-5042E32D71CC,1,BLANK,0,0,1,1,0,0
928,2BC8043A-F4C5-4820-AA0B-E748C4865212,,124.325,124.325,,,252050AA-D1AF-4383-BADD-5042E32D71CC,0,D,0,0,1,1,0,0
929,FE7D6236-3AB4-4F68-A049-246A391B03D7,,132.9,132.9,,,252050AA-D1AF-4383-BADD-5042E32D71CC,2,D,0,0,1,1,0,0
930,03A08418-405E-42BB-AAF5-1ECAB6B79381,,134.6,134.6,,,252050AA-D1AF-4383-BADD-5042E32D71CC,1,BLANK,0,0,1,1,0,0
931,3DB2EB2C-332E-4EA3-9B85-DBBD8B789E1A,,251.15,251.15,,,252050AA-D1AF-4383-BADD-5042E32D71CC,1,BLANK,0,0,1,1,0,0
932,0198200D-77EB-4FDD-A1B3-6ED3BE7B15CD,,285.4,285.4,,,252050AA-D1AF-4383-BADD-5042E32D71CC,1,BLANK,0,0,1,1,0,0
933,9F8DCB0C-ABFD-4805-98B8-A4FE041256A4,,288.25,288.25,,,252050AA-D1AF-4383-BADD-5042E32D71CC,0,D,0,0,1,1,0,0
934,C8F6141F-1648-4F67-853F-7F121F28FA10,,126.4,126.4,,,0C6FFD15-E259-4E16-92A4-53633B242F43,1,BLANK,0,1,0,0,0,0
935,A6E927CC-3363-4A91-92AE-96EF08A1798F,,254.3,254.3,,,0C6FFD15-E259-4E16-92A4-53633B242F43,1,BLANK,0,1,0,0,0,0
936,28628722-CD24-4F89-A179-98C715810759,,118.15,118.15,,,65903B4A-D002-4D03-AC16-0204C4F535A1,0,BLANK,1,0,0,0,0,0
937,EC59DA0A-35BE-4767-9A63-F7DA6153248F,,251.05,251.05,,,65903B4A-D002-4D03-AC16-0204C4F535A1,0,BLANK,1,0,0,0,0,0
938,0A75EBB1-4521-454F-9118-8C2DB6C2F1B9,,118.5,118.5,,,8C1BE306-E1F8-48A8-9A61-85785E5B6330,0,BLANK,1,1,0,0,0,0
939,9FAB23D0-E2CA-40B9-8BA8-7E1BBAC0CB66,,127.3,127.3,,,8C1BE306-E1F8-48A8-9A61-85785E5B6330,1,BLANK,1,1,0,0,0,0
940,5F52EC41-8B14-4BB8-8567-EE127841D8E7,,256.7,256.7,,,8C1BE306-E1F8-48A8-9A61-85785E5B6330,1,BLANK,1,1,0,0,0,0
941,461A2629-F5BF-4568-B641-9A8C59ADDB45,,284.6,284.6,,,8C1BE306-E1F8-48A8-9A61-85785E5B6330,0,BLANK,1,1,0,0,0,0
942,0D148758-7826-415C-B070-74D904FBB303,,135.3,135.3,,,7BB7DC63-83A6-464D-8CEB-F999A57F1705,2,BLANK,1,1,0,0,0,0
943,EAA09B79-299A-4C37-88A4-25AFA20CFCCE,,239.25,239.25,,,7BB7DC63-83A6-464D-8CEB-F999A57F1705,2,BLANK,1,1,0,0,0,0
944,67ADFE38-932F-4B80-91A1-0967EFDDE901,,120.6,120.6,,,AE502D11-AF85-41D7-A996-7AF74A3074FF,2,BLANK,1,1,0,0,0,0
945,7DFF9FCA-5A44-4A6B-9DB9-95BC81FFB875,,125.2,125.2,,,90D802F1-8190-4518-9C1B-E86645069F02,0,BLANK,1,1,0,0,0,0
946,6A517AFF-617C-4B75-92C3-ED0155B02C03,,127.5,127.5,,,90D802F1-8190-4518-9C1B-E86645069F02,1,BLANK,1,1,0,0,0,0
947,C08199E7-058C-4E36-8F5A-06AE8988F268,,351.85,351.85,,,90D802F1-8190-4518-9C1B-E86645069F02,1,BLANK,1,1,0,0,0,0
948,F95D80F0-12B0-4246-BECA-3F6C71E309DE,,372,372,,,90D802F1-8190-4518-9C1B-E86645069F02,0,BLANK,1,1,0,0,0,0
949,D8521902-A80E-49F6-950A-EE7118753054,,124.6,124.6,,,A00640BC-223F-4599-8663-93D2F888ABEC,2,BLANK,1,1,0,0,0,0
950,00A0D6F8-BFA9-4B37-9833-3F46C0A760B9,,352,352,,,A00640BC-223F-4599-8663-93D2F888ABEC,2,BLANK,1,1,0,0,0,0
951,DD5576BA-4B52-4F76-B068-C2602CE88EF0,,135.3,135.3,,,A89F4F1D-6415-42BC-83B3-83E97A832542,0,BLANK,1,0,0,0,0,0
952,554BAFFB-2B9C-4E9B-84F3-3E209CEE98F9,,322.5,322.5,,,A89F4F1D-6415-42BC-83B3-83E97A832542,0,BLANK,1,0,0,0,0,0
953,9C52F053-AA48-4522-86E7-04B569D004D6,,133.7,133.7,,,CA1F6C73-E4EF-4D7D-A32D-A014E535C797,2,BLANK,1,1,0,0,0,0
954,A876269F-AB13-4A33-B92C-67A6E3C9DE2A,,279.6,279.6,,,CA1F6C73-E4EF-4D7D-A32D-A014E535C797,2,BLANK,1,1,0,0,0,0
955,9ABCF36B-FAF3-43AA-AFAE-AA327CCD0811,,120.55,120.55,,,81CB031C-5B64-4A7C-BD25-D6C983E1A6AA,1,BLANK,1,1,0,0,0,0
956,70653B2E-3B2E-494D-B4BD-CDA41C729951,,126.1,126.1,,,81CB031C-5B64-4A7C-BD25-D6C983E1A6AA,0,BLANK,1,1,0,0,0,0
957,D8C4CB44-74FC-4EF5-963F-F8EA926B9B91,,323.25,323.25,,,81CB031C-5B64-4A7C-BD25-D6C983E1A6AA,1,BLANK,1,1,0,0,0,0
958,EAEB86F7-6172-4CDC-A1E5-5ED95F84B164,,335.5,335.5,,,81CB031C-5B64-4A7C-BD25-D6C983E1A6AA,0,BLANK,1,1,0,0,0,0
959,0C09B0AA-8250-4026-AAD2-D1F3D19437DE,,119.65,119.65,,,F1F8C7F9-510E-4856-9397-8AA22A38E813,2,BLANK,1,1,0,0,0,0
960,10A30D7B-B0E9-45D7-8F19-0F785353D2BB,,363.25,363.25,,,F1F8C7F9-510E-4856-9397-8AA22A38E813,2,BLANK,1,1,0,0,0,0
961,ED132A9C-DBFE-4961-B608-41C4C33BA141,,124.2,124.2,,,8FA0705A-ACDA-4600-822B-B728EF066DE7,0,BLANK,1,1,0,0,0,0
962,A9132918-2F67-4BAB-9A85-8E7A522192B7,,127.6,127.6,,,8FA0705A-ACDA-4600-822B-B728EF066DE7,1,BLANK,1,1,0,0,0,0
963,845D2C9B-1623-4A99-BAF3-3EDCF0F87A0E,,251.1,251.1,,,8FA0705A-ACDA-4600-822B-B728EF066DE7,0,BLANK,1,1,0,0,0,0
964,9B186D37-306A-44CA-A775-C32799F8102A,,273.6,273.6,,,8FA0705A-ACDA-4600-822B-B728EF066DE7,1,BLANK,1,1,0,0,0,0
965,8DC9A845-095E-498D-B8E9-5571256E99E9,,124.5,124.5,,,6A84F20B-FCDB-4E79-877E-6ABD5A33A7F9,2,BLANK,1,1,0,0,0,0
966,6AB646B9-AD21-41FD-83B1-40F10F290653,,132.5,132.5,,,6A84F20B-FCDB-4E79-877E-6ABD5A33A7F9,1,BLANK,1,1,0,0,0,0
967,18A0EC93-B2C4-413B-A1B0-491260E8CBC6,,266.8,266.8,,,6A84F20B-FCDB-4E79-877E-6ABD5A33A7F9,1,BLANK,1,1,0,0,0,0
968,BD499CB4-F2DA-4E53-B325-97F26D096E4A,,118.5,118.5,,,FA91CB1E-8A93-4DB3-909B-25F1E1ABDBFE,0,BLANK,1,1,0,0,0,0
969,6624AC7E-3B11-4DF3-8EA5-1D743A44A286,,125.45,125.45,,,FA91CB1E-8A93-4DB3-909B-25F1E1ABDBFE,1,BLANK,1,1,0,0,0,0
970,B933ECC7-8C0B-47E5-8E47-C336CB470035,,278.3,278.3,,,FA91CB1E-8A93-4DB3-909B-25F1E1ABDBFE,0,BLANK,1,1,0,0,0,0
971,304BCF37-7B92-48D7-A8B7-50E8239D69C2,,322.4,322.4,,,FA91CB1E-8A93-4DB3-909B-25F1E1ABDBFE,1,BLANK,1,1,0,0,0,0
972,154F84DC-AEB3-40DE-99D7-CC86D9A7984F,,134.4,134.4,,,48054045-66DD-4BBD-B044-F680E871090B,2,BLANK,1,1,0,0,0,0
973,11A39006-7FDD-45E0-BBF5-A11839F59CF6,,370.9,370.9,,,48054045-66DD-4BBD-B044-F680E871090B,2,BLANK,1,1,0,0,0,0
974,9395FC3F-C381-4CD7-BD0F-B530E4C316BB,,132.75,132.75,,,07DFD774-9934-4089-9A37-2FEADBEDE187,0,BLANK,1,0,0,0,0,0
975,BBD96A81-C843-4C3F-ADB1-33B1978B0737,,282.35,282.35,,,07DFD774-9934-4089-9A37-2FEADBEDE187,0,BLANK,1,0,0,0,0,0
976,B3A6EFAC-E556-48C8-BD06-2F3974868DE4,,121.4,121.4,,,0EB7CA34-7E93-4367-8857-B75B85682355,0,BLANK,1,1,0,0,0,0
977,59574D0D-87DE-4140-A147-D84E8BFDBCCE,,132.15,132.15,,,0EB7CA34-7E93-4367-8857-B75B85682355,1,BLANK,1,1,0,0,0,0
978,BC1FB391-A6EC-480D-99A1-97DAD3DB98D0,,268.7,268.7,,,0EB7CA34-7E93-4367-8857-B75B85682355,1,BLANK,1,1,0,0,0,0
979,5B6917F7-2478-47E9-A0A4-0FC45D2FEF2E,,132.7,132.7,,,6C562C40-2AFA-4B10-ABEB-DC779CB6670D,0,BLANK,1,1,0,0,0,0
980,467DB52E-C069-47FE-A144-33CF2FFFD15F,,135,135,,,6C562C40-2AFA-4B10-ABEB-DC779CB6670D,2,BLANK,1,1,0,0,0,0
981,679D19DF-2D9E-4FA1-8B92-A5172D945DAF,,225.4,225.4,,,6C562C40-2AFA-4B10-ABEB-DC779CB6670D,2,BLANK,1,1,0,0,0,0
982,25305AAA-DC4B-459A-A43E-CB38C65FA70D,,284.7,284.7,,,6C562C40-2AFA-4B10-ABEB-DC779CB6670D,1,BLANK,1,1,0,0,0,0
983,A00F0C48-0389-4620-A48B-FD03527B1F13,,134.6,134.6,,,45997C74-BAEF-4E74-8CD2-8BF727691C13,0,BLANK,1,0,0,0,0,0
984,3EC60064-D0AA-45DA-A5F3-85472C014F0F,,127,127,,,1F085F86-80E2-42A7-A4C9-72AB29A595D8,0,BLANK,1,1,0,0,0,0
985,59ADC00C-5D0E-4B33-B1F0-3D35BC8F25F6,,134.55,134.55,,,1F085F86-80E2-42A7-A4C9-72AB29A595D8,1,BLANK,1,1,0,0,0,0
986,8A2EDF3B-7A35-4ED9-8951-E0A2191CD5CE,,278.8,278.8,,,1F085F86-80E2-42A7-A4C9-72AB29A595D8,1,BLANK,1,1,0,0,0,0
987,73158D00-0CFF-412B-9B4B-189F8BCD5404,,290.2,290.2,,,1F085F86-80E2-42A7-A4C9-72AB29A595D8,0,BLANK,1,1,0,0,0,0
988,D63A9691-CC08-489B-810C-3A4710BF4FAF,,132.2,132.2,,,333C4C90-BBEE-4462-88BD-455A5C9A28E9,2,BLANK,1,1,0,0,0,0
989,806CCB0C-6719-4C73-BFFE-99CF031BBE8D,,281.4,281.4,,,333C4C90-BBEE-4462-88BD-455A5C9A28E9,2,BLANK,1,1,0,0,0,0
990,228CB13D-A270-4CBF-A0CB-38DBD8B7DEB6,,119.5,119.5,,,A79B4F36-AB19-4B20-B0F4-2DEE2B3B2269,2,BLANK,1,1,0,0,0,0
991,697A2DC0-CB8F-414F-8FEE-DEAA1C466127,,127.9,127.9,,,A79B4F36-AB19-4B20-B0F4-2DEE2B3B2269,2,BLANK,1,1,0,0,0,0
992,9F7D6FBB-42D8-455C-8355-BAE74764B2C2,,317.5,317.5,,,A79B4F36-AB19-4B20-B0F4-2DEE2B3B2269,2,BLANK,1,1,0,0,0,0
993,0ACEA5F4-092E-4DAB-9622-412A1FD93706,,360.8,360.8,,,A79B4F36-AB19-4B20-B0F4-2DEE2B3B2269,2,BLANK,1,1,0,0,0,0
994,1EB3618B-02D6-47CE-8094-5CBA8D8109CC,,132.175,132.175,,,FADC680A-8C6A-4581-A6E9-F8C84A7EB5BE,2,BLANK,1,1,0,0,0,0
995,FBFF4571-21FA-4F1C-923A-F26E47CEDFED,,285.5,285.5,,,FADC680A-8C6A-4581-A6E9-F8C84A7EB5BE,2,BLANK,1,1,0,0,0,0
996,BEC93DCC-E64A-4217-A9E4-6CF845545493,,133.2,133.2,,,513D82D3-BABA-4FB1-A62F-1EA1D392931F,2,BLANK,1,1,0,0,0,0
997,E84F86F8-D8B3-49F2-BE98-D27C6C399A8B,,360.65,360.65,,,513D82D3-BABA-4FB1-A62F-1EA1D392931F,2,BLANK,1,1,0,0,0,0
998,AB2029BD-AEFC-45A0-AE62-047E33F16127,,135.6,135.6,,,588E5C59-8076-4BD5-9B0C-8DDD01891D6B,2,BLANK,1,1,0,0,0,0
999,6E1EE6B1-A02A-46A1-A98A-3BDF94E5CC06,,233.7,233.7,,,588E5C59-8076-4BD5-9B0C-8DDD01891D6B,2,BLANK,1,1,0,0,0,0
1000,3F04B885-001F-4A68-9960-80F4D0305BA4,,125.9,125.9,,,EDF3660C-E246-42A5-8B8D-14383C4AC635,0,BLANK,1,1,0,0,0,0
1001,9980F4EE-4D1A-434C-8A7A-30AEA75AFA77,,133.8,133.8,,,EDF3660C-E246-42A5-8B8D-14383C4AC635,1,BLANK,1,1,0,0,0,0
1002,36AF9342-27AF-4FF8-B5E0-1882EEF8191C,,270.3,270.3,,,EDF3660C-E246-42A5-8B8D-14383C4AC635,0,BLANK,1,1,0,0,0,0
1003,FE5F50E7-4F5E-44D0-97E9-A3D4293788FC,,316.1,316.1,,,EDF3660C-E246-42A5-8B8D-14383C4AC635,1,BLANK,1,1,0,0,0,0
1004,04CFBF6B-AA0C-4F7A-A537-FB509FBF2053,,118.8,118.8,,,059DE52F-E1CE-4C4A-B5BD-0F003BD0B9C9,0,BLANK,1,0,0,0,0,0
1005,E4668A19-69CE-486E-BE17-3DE943B09A79,,119.3,119.3,,,EDC94670-50D2-408D-8D25-4F1D93309BEC,2,BLANK,1,1,0,0,0,0
1006,794F5542-529A-45DF-889B-3C9DB85824AF,,119.7,119.7,,,C1A46A14-B387-405E-8E1C-E61074DA56F6,2,BLANK,1,1,0,0,0,0
1007,59249E19-4F16-4CF7-80E5-CDE8CF6E4017,,123.9,123.9,,,C1A46A14-B387-405E-8E1C-E61074DA56F6,2,BLANK,1,1,0,0,0,0
1008,E41E43B1-8842-48B8-9E6D-0223A4E19CD9,,125.7,125.7,,,C1A46A14-B387-405E-8E1C-E61074DA56F6,2,BLANK,1,1,0,0,0,0
1009,C7C5638D-4DED-4262-9288-EDBCF6D1378C,,269,269,,,C1A46A14-B387-405E-8E1C-E61074DA56F6,2,BLANK,1,1,0,0,0,0
1010,93C1BE82-2C68-4435-AB7A-A886492AEA82,,273.45,273.45,,,C1A46A14-B387-405E-8E1C-E61074DA56F6,2,BLANK,1,1,0,0,0,0
1011,FBF48A38-7750-4000-96A3-74BC8654A3DD,,379.1,379.1,,,C1A46A14-B387-405E-8E1C-E61074DA56F6,2,BLANK,1,1,0,0,0,0
1012,BAD842D8-5EFE-48DE-B1DF-1B3CA644ADF9,,124.8,124.8,,,600398E5-FD34-4244-8CC6-2E613B66E270,0,BLANK,1,1,0,0,0,0
1013,5F31E927-F189-4663-8909-3FB21A8CA719,,132.85,132.85,,,600398E5-FD34-4244-8CC6-2E613B66E270,1,BLANK,1,1,0,0,0,0
1014,69B8B6F9-6CFD-486F-848C-1F6B83C7FBCC,,322.35,322.35,,,600398E5-FD34-4244-8CC6-2E613B66E270,1,BLANK,1,1,0,0,0,0
1015,4CB6CCA8-08D5-451A-B22C-9FEAFD25D6AE,,354,354,,,600398E5-FD34-4244-8CC6-2E613B66E270,0,BLANK,1,1,0,0,0,0
1016,E41F9AF5-073F-4ED1-9209-C4C8F270D524,,125.1,125.1,,,71FE1B4F-2029-4BAF-A384-8EAE880E37E0,0,BLANK,1,1,0,0,0,0
1017,1D56E753-C9BE-4E03-A850-FDB746853F55,,132.65,132.65,,,71FE1B4F-2029-4BAF-A384-8EAE880E37E0,1,BLANK,1,1,0,0,0,0
1018,A5DEFCDF-2B1B-4C3A-82EE-BA237F42E32B,,273.55,273.55,,,71FE1B4F-2029-4BAF-A384-8EAE880E37E0,1,BLANK,1,1,0,0,0,0
1019,D3A8D7DE-7599-4F89-AADF-294A661FFCBD,,281.4,281.4,,,71FE1B4F-2029-4BAF-A384-8EAE880E37E0,0,BLANK,1,1,0,0,0,0
1020,AB834744-269D-4E92-BAE7-A42222F75363,,119.2,119.2,,,344DE62C-E594-4636-9BB1-622FF38FDC18,0,BLANK,1,1,0,0,0,0
1021,F4F5FC81-0D75-418A-81D4-D137597949FB,,132.35,132.35,,,344DE62C-E594-4636-9BB1-622FF38FDC18,1,BLANK,1,1,0,0,0,0
1022,72566DAD-2845-4663-B58B-A3B97E9F84A1,,263,263,,,344DE62C-E594-4636-9BB1-622FF38FDC18,0,BLANK,1,1,0,0,0,0
1023,A8FF448F-F8F5-4FAD-8D13-B5E5C78C8EAF,,281.5,281.5,,,344DE62C-E594-4636-9BB1-622FF38FDC18,1,BLANK,1,1,0,0,0,0
1024,97210775-AC1D-4A3A-99E8-E2028A777A35,,118,118,,,FFED8779-10C9-4B34-BD1C-0DDA348321C1,0,BLANK,1,0,0,0,0,0
1025,9139D9D8-B708-4614-8FE2-76C45A414EA9,,128.1,128.1,,,9EB16D30-3A10-4B1F-8BF5-A3A267F01426,0,BLANK,1,1,0,0,0,0
1026,61B5B1F2-CEC9-4BC6-8080-D0D72D769F56,,133.05,133.05,,,9EB16D30-3A10-4B1F-8BF5-A3A267F01426,1,BLANK,1,1,0,0,0,0
1027,29DB7647-9FAB-4959-BC01-D0DE04D522FB,,319.15,319.15,,,9EB16D30-3A10-4B1F-8BF5-A3A267F01426,1,BLANK,1,1,0,0,0,0
1028,D1249A64-6572-4AB5-8027-F5ADE7B3E7D4,,353.8,353.8,,,9EB16D30-3A10-4B1F-8BF5-A3A267F01426,0,BLANK,1,1,0,0,0,0
1029,6CE2EE96-D434-4E58-993B-2C787819BC2A,,124.05,124.05,,,A6592AE8-B0DF-48BD-831A-FBA8425449B8,1,BLANK,1,1,0,0,0,0
1030,3DBD78A6-834A-4409-AEA7-7EB7C56BF01A,,133.6,133.6,,,A6592AE8-B0DF-48BD-831A-FBA8425449B8,0,BLANK,1,1,0,0,0,0
1031,D79EB433-E137-4A2A-A3E7-5AF3B4CC3890,,269.4,269.4,,,A6592AE8-B0DF-48BD-831A-FBA8425449B8,0,BLANK,1,1,0,0,0,0
1032,274AA646-24C7-474E-9539-A65A151E4786,,279.55,279.55,,,A6592AE8-B0DF-48BD-831A-FBA8425449B8,1,BLANK,1,1,0,0,0,0
1033,786A437B-EEB8-49BF-9100-A41496DB88A2,,133.9,133.9,,,586B1E05-2175-4279-81B5-BA457A5A0DB6,2,BLANK,1,1,0,0,0,0
1034,16F1B626-ED1F-464F-B794-4C8385E16EE3,,120.9,120.9,,,C9CC1B7A-C1A2-4D76-ACDE-B7BBD130F663,2,BLANK,1,1,0,0,0,0
1035,FE98EC19-CC0B-43D7-8DED-768DB1F2E044,,133.1,133.1,,,C9CC1B7A-C1A2-4D76-ACDE-B7BBD130F663,2,BLANK,1,1,0,0,0,0
1036,AFD36A2C-6D60-4A30-9E9E-5B283F4B0B25,,285.4,285.4,,,C9CC1B7A-C1A2-4D76-ACDE-B7BBD130F663,2,BLANK,1,1,0,0,0,0
1037,1C382E2A-FA47-40BA-AFD0-A9D195810161,,319.2,319.2,,,C9CC1B7A-C1A2-4D76-ACDE-B7BBD130F663,2,BLANK,1,1,0,0,0,0
1038,3EAC7325-AAE5-4096-A37C-E7201716AEB9,,118,118,,,D1CD77C9-038A-4D48-9EF5-946994B1EFA8,2,BLANK,1,0,0,0,0,0
1039,FF577B9D-83F7-4C2B-859C-246E1CB9950D,,254.3,254.3,,,ABEB6020-F620-4D6B-923C-F2BE3DFB39A6,2,BLANK,1,1,0,0,0,0
1040,DA35EC4D-75A3-44DC-9A4A-3E18A2C70957,,135.7,135.7,,,8A275C4A-9F2A-4D36-8502-5A705B26D5A3,2,BLANK,1,1,0,0,0,0
1041,E547C4E6-49B2-481E-868E-CA93CA7457AF,,335.5,335.5,,,8A275C4A-9F2A-4D36-8502-5A705B26D5A3,2,BLANK,1,1,0,0,0,0
1042,1AA139AF-4F44-43CC-A77A-CC1502513516,,119,119,,,BE1D23CC-B8AD-444B-B910-82EF4BB865BC,2,BLANK,1,1,0,0,0,0
1043,A1A980DE-5946-4767-ABF0-DA297C88B1AF,,263.1,263.1,,,BE1D23CC-B8AD-444B-B910-82EF4BB865BC,2,BLANK,1,1,0,0,0,0
1044,AAB4FF19-3975-41E2-AA15-505EA0E175C1,,135.6,135.6,,,7857923F-E03C-44C8-8EC5-34AE10CEC1B7,0,BLANK,0,0,1,0,0,0
1045,BCA747EA-870C-4E56-8D83-0D9A64CEB468,,370.95,370.95,,,7857923F-E03C-44C8-8EC5-34AE10CEC1B7,0,BLANK,0,0,1,0,0,0
1046,FAFFAC21-A7EC-4978-8F59-9A437C14A0C0,,132.8,132.8,,,002C5D6E-ECCA-4DE5-9EE4-6775917B7D77,0,BLANK,0,0,1,0,0,0
1047,DED0AF11-467B-43BF-809E-C50FA766967B,,328.4,328.4,,,002C5D6E-ECCA-4DE5-9EE4-6775917B7D77,0,BLANK,0,0,1,0,0,0
1048,5059C534-6022-435D-BD90-1DE17D124BBD,,132.95,132.95,,,4DBA16BA-AE87-49AD-A4A9-CABBF53A701F,0,BLANK,0,0,1,0,1,0
1049,E91C9E2F-3FEE-4126-BBFD-7DF95C1913EC,,135.75,135.75,,,BBF605D4-636A-4DD6-9097-50FC32F9219E,0,BLANK,0,0,1,0,0,0
1050,D9B8E74D-1086-425E-BD4B-E979FDDA541D,,353.95,353.95,,,BBF605D4-636A-4DD6-9097-50FC32F9219E,0,BLANK,0,0,1,0,0,0
1051,E233141F-37D8-4C46-B707-BAB722306012,,128.65,128.65,,,18D8CBC7-2BD6-4A55-BEED-F93A61FF196E,0,BLANK,0,0,0,0,1,0
1052,96E42316-790E-4CF7-858F-2F0872180ECD,,123.85,123.85,,,CFC0C7F1-1469-4BBE-901E-FC9644D20CC8,0,BLANK,0,0,1,0,0,0
1053,5B52C6B5-A9EA-46AF-A93B-B40A1B019BAD,,133.3,133.3,,,B578F27E-22B2-44B6-A7E2-664F7DD3EFFA,0,BLANK,0,0,1,0,0,0
1054,42104697-EB38-4FEE-BCC6-6FA90813CA89,,128.5,128.5,,,973CA539-B369-48D6-A70E-66FA3316000D,0,BLANK,0,0,1,1,0,0
1055,AF10743A-E57B-4902-91C6-0E60523D4B3E,,273.525,273.525,,,973CA539-B369-48D6-A70E-66FA3316000D,2,BLANK,0,0,1,1,0,0
1056,25DE4E47-041B-4785-A040-99C1E11CE724,,120.975,120.975,,,135B0F42-CCDC-4954-BA10-D85E61C553B9,0,BLANK,0,0,1,1,0,0
1057,08EEEAAE-9325-4A59-8461-96A7BA431BFE,,125.375,125.375,,,135B0F42-CCDC-4954-BA10-D85E61C553B9,1,BLANK,0,0,1,1,0,0
1058,F6FD28ED-3EA1-4F98-BDA4-47EA9B692C3D,,128.75,128.75,,,855FFB1D-2D97-4651-AF15-57A9A5256F51,0,BLANK,0,0,1,0,0,0
1059,BF1E841A-8411-40E6-8854-0EBE44DCF16C,,132.9,132.9,,,855FFB1D-2D97-4651-AF15-57A9A5256F51,0,BLANK,0,0,1,0,0,0
1060,B83000C2-2426-48CB-B07D-9D71DB7B191E,,243,243,,,855FFB1D-2D97-4651-AF15-57A9A5256F51,2,BLANK,0,0,1,0,0,0
1061,1A76A9E0-EA87-4237-9075-6A554D48DD15,,338.2,338.2,,,A166F322-EDAB-4525-865C-7911008B8823,0,BLANK,0,0,1,0,0,0
1062,8C5F766D-B0BF-414F-A451-E70048C38DCE,,120.25,120.25,,,80CE3FA5-1095-43FE-8011-2313DB83CD0E,0,BLANK,0,0,1,0,0,0
1063,1653C40B-6387-441C-9D7E-C414AE5F21FD,,128.05,128.05,,,80CE3FA5-1095-43FE-8011-2313DB83CD0E,1,BLANK,0,0,1,0,0,0
1064,A5A95012-498F-422F-89C0-B691CC289CF5,,319.1,319.1,,,80CE3FA5-1095-43FE-8011-2313DB83CD0E,1,BLANK,0,0,1,0,0,0
1065,47A61F78-11F9-4E9C-830C-06AB7E1BA942,,346.4,346.4,,,80CE3FA5-1095-43FE-8011-2313DB83CD0E,0,BLANK,0,0,1,0,0,0
1066,6231BB97-6056-4FF1-8DEA-FB7078A618C2,,133.45,133.45,,,DA96A0D8-4F48-48D1-BF94-1F849AE6AD99,2,BLANK,0,0,1,1,0,0
1067,E7E41C84-C41D-470D-9C86-0D443507EC01,,269.3,269.3,,,DA96A0D8-4F48-48D1-BF94-1F849AE6AD99,2,BLANK,0,0,1,1,0,0
1068,E92B352C-F9BC-4A81-88FD-AF6497D42475,,121.35,121.35,,,4C79C0D7-FE94-413D-9B78-7AA401379EC1,0,BLANK,0,0,1,0,0,0
1069,5196FB8B-F9D4-4775-BA1C-00A27EE26463,,128.325,128.325,,,4C79C0D7-FE94-413D-9B78-7AA401379EC1,1,BLANK,0,0,1,0,0,0
1070,03C3C197-1FD6-4D97-8D87-C789F758B693,,133.625,133.625,,,4C79C0D7-FE94-413D-9B78-7AA401379EC1,1,BLANK,0,0,1,0,0,0
1071,05D3651F-E4C8-4D10-B04F-6AE1FF072581,,135.325,135.325,,,4C79C0D7-FE94-413D-9B78-7AA401379EC1,1,BLANK,0,0,1,0,0,0
1072,163C42B9-A595-4A16-AF05-20D5A168D8C0,,348.7,348.7,,,4C79C0D7-FE94-413D-9B78-7AA401379EC1,1,BLANK,0,0,1,0,0,0
1073,369A725E-77D5-401B-9792-966140AFCC1C,,354.1,354.1,,,4C79C0D7-FE94-413D-9B78-7AA401379EC1,1,BLANK,0,0,1,0,0,0
1074,E7238DFE-91AA-4CAB-A443-4AE9418D8C6D,,360.6,360.6,,,4C79C0D7-FE94-413D-9B78-7AA401379EC1,1,BLANK,0,0,1,0,0,0
1075,A786671C-4C74-41A0-A42C-350B62088F6B,,134.7,134.7,,,57FF3E67-6DFC-4CD2-B680-72685A046F9D,0,BLANK,0,0,1,0,0,0
1076,67A6E0AA-EEA5-42CF-B59D-CBB25104207D,,317.7,317.7,,,05BE0F9E-0AB1-471C-970B-F183DD4284B6,0,BLANK,0,0,1,0,0,0
1077,100FE12C-1F28-4D0B-B89F-936994231B57,,120.35,120.35,,,3EAD735A-55D0-4E6D-9A2D-DEE95DB65FBA,1,BLANK,0,0,1,0,0,0
1078,10E99A65-24B4-44EB-9B04-3E0DD9245FD9,,123.875,123.875,,,3EAD735A-55D0-4E6D-9A2D-DEE95DB65FBA,1,BLANK,0,0,1,0,0,0
1079,56D5C6E0-A57C-44E4-919B-243A298A99AE,,133.25,133.25,,,3EAD735A-55D0-4E6D-9A2D-DEE95DB65FBA,0,BLANK,0,0,1,0,0,0
1080,A010C7EF-F576-452B-A68E-7A52BEC0DBC2,,135.25,135.25,,,3EAD735A-55D0-4E6D-9A2D-DEE95DB65FBA,0,BLANK,0,0,1,0,0,0
1081,79426945-E244-4D93-B789-4606253D95F9,,243,243,,,3EAD735A-55D0-4E6D-9A2D-DEE95DB65FBA,2,BLANK,0,0,1,0,0,0
1082,BE4C8DC5-7F13-40AB-B9DF-5E4866DE30FF,,279.5,279.5,,,3EAD735A-55D0-4E6D-9A2D-DEE95DB65FBA,0,BLANK,0,0,1,0,0,0
1083,44D7844A-DC16-4067-AE63-A9953AE60043,,321.3,321.3,,,3EAD735A-55D0-4E6D-9A2D-DEE95DB65FBA,1,BLANK,0,0,1,0,0,0
1084,BDA0DC6C-30A9-4E88-932D-2ED1E897E4C3,,323,323,,,3EAD735A-55D0-4E6D-9A2D-DEE95DB65FBA,1,BLANK,0,0,1,0,0,0
1085,EB878AE7-0AFA-4548-BCDF-C20CE100735C,,342.25,342.25,,,3EAD735A-55D0-4E6D-9A2D-DEE95DB65FBA,2,BLANK,0,0,1,0,0,0
1086,4C069854-8373-4417-BC8A-99361BA3B5D6,,377.1,377.1,,,3EAD735A-55D0-4E6D-9A2D-DEE95DB65FBA,2,BLANK,0,0,1,0,0,0
1087,30AE9D79-189D-430C-B9D8-556DA4661353,,118.425,118.425,,,6058CA69-6A7D-47BC-8DBD-251766D6301C,1,BLANK,0,0,1,1,0,0
1088,788EAF86-59C5-4293-B68A-902CE2177C1C,,124.85,124.85,,,6058CA69-6A7D-47BC-8DBD-251766D6301C,0,BLANK,0,0,1,1,0,0
1089,A8F0CBA4-04AE-4EC9-9C65-F2983F9B8E68,,127.65,127.65,,,6058CA69-6A7D-47BC-8DBD-251766D6301C,0,BLANK,0,0,1,1,0,0
1090,0E58E032-BD00-4011-BE3C-98E1004B5CA8,,133.425,133.425,,,6058CA69-6A7D-47BC-8DBD-251766D6301C,2,BLANK,0,0,1,1,0,0
1091,B2F71026-CA2A-472D-A2EC-B36748020002,,135.325,135.325,,,6058CA69-6A7D-47BC-8DBD-251766D6301C,1,BLANK,0,0,1,1,0,0
1092,C578D44A-B421-4CFF-B844-A1233D45575C,,269.2,269.2,,,6058CA69-6A7D-47BC-8DBD-251766D6301C,0,BLANK,0,0,1,1,0,0
1093,E2EA9F7B-4729-4064-AB15-1340D6A621D8,,277.4,277.4,,,6058CA69-6A7D-47BC-8DBD-251766D6301C,1,BLANK,0,0,1,1,0,0
1094,95AAD493-1CC1-4E8C-AE43-B11B96AD2047,,128.6,128.6,,,9C544E94-8464-418B-B6AE-0CD7BE029CC2,0,BLANK,0,0,1,0,0,0
1095,9BD93C0B-102B-4EFC-A471-8BDCF48FE238,,133.65,133.65,,,A59C61C9-A304-46D2-AFBA-D6506C6437CB,0,BLANK,0,0,1,0,0,0
1096,56CBD9E6-ED85-4B8C-A4BF-E6421F1766DB,,285.6,285.6,,,A59C61C9-A304-46D2-AFBA-D6506C6437CB,0,BLANK,0,0,1,0,0,0
1097,3885FD60-485E-4114-B317-F8AE55B59055,,118.75,118.75,,,1FCB308C-7B97-4042-A140-C8DF1BCA5FE5,0,BLANK,0,0,1,0,0,0
1098,F41DC62B-4E85-4DE1-BB3B-0AD9A8595600,,127.75,127.75,,,1FCB308C-7B97-4042-A140-C8DF1BCA5FE5,0,BLANK,0,0,1,0,0,0
1099,760AE556-A661-494A-8E95-A9EC622EA92E,,133.725,133.725,,,1FCB308C-7B97-4042-A140-C8DF1BCA5FE5,1,BLANK,0,0,1,0,0,0
1100,CDA8B7A7-BCC4-489A-8583-33CCB5DA81E1,,351.9,351.9,,,1FCB308C-7B97-4042-A140-C8DF1BCA5FE5,1,BLANK,0,0,1,0,0,0
1101,8D6AB242-C052-49B6-B300-D75FA0192D58,,377.1,377.1,,,1FCB308C-7B97-4042-A140-C8DF1BCA5FE5,0,BLANK,0,0,1,0,0,0
1102,1A9C7842-B18F-4619-87B2-E1582AB1D29A,,134.15,134.15,,,8CD6BE72-E095-436C-831D-E4EFED0C94D0,2,BLANK,0,0,1,1,1,0
1103,2C27AD14-F943-4E6B-B20B-C67C6F403BDD,,227.125,227.125,,,8CD6BE72-E095-436C-831D-E4EFED0C94D0,2,BLANK,0,0,1,1,1,0
1104,189D410B-32C8-4E27-A290-131817D3CEFB,,118.925,118.925,,,1A29A294-E6DA-4F55-A665-75C47CB96E50,1,BLANK,0,0,1,0,0,0
1105,0F6AC95C-E172-4A6C-BC86-8D886E6E32CC,,135.2,135.2,,,1A29A294-E6DA-4F55-A665-75C47CB96E50,0,BLANK,0,0,1,0,0,0
1106,069B6CE4-C0CF-458F-8E9D-32CC76320A26,,322.45,322.45,,,1A29A294-E6DA-4F55-A665-75C47CB96E50,1,BLANK,0,0,1,0,0,0
1107,D6FA8C14-D907-4330-A0F9-8A17EFEB9916,,348.65,348.65,,,1A29A294-E6DA-4F55-A665-75C47CB96E50,0,BLANK,0,0,1,0,0,0
1108,5963FD6D-91D6-41D8-84F9-A9B99FDA39D2,,285.5,285.5,,,93D4FAB1-F0EB-46E8-AC52-A208CA65C970,0,BLANK,0,0,1,0,0,0
1109,D12998BC-64B2-45F6-B801-E811C99D0C49,,127.7,127.7,,,41DF27D7-AFFD-45B2-9FA4-661DC9DA7DFB,0,BLANK,0,0,1,0,1,0
1110,BB3EF4CC-1778-4E9A-B413-6F77BE015729,,285.4,285.4,,,41DF27D7-AFFD-45B2-9FA4-661DC9DA7DFB,0,BLANK,0,0,1,0,1,0
1111,5ACD7599-9FF0-4D93-908E-865E137CA0C3,,124.05,124.05,,,E6F651E7-3E67-4452-8B58-1861F8A2FC3D,0,BLANK,0,0,1,0,0,0
1112,51AB2DCF-C148-4CF3-A213-74DECC082C49,,120.75,120.75,,,3701B7DF-39FD-4F98-A970-B5D9940CDE18,1,BLANK,0,0,1,0,0,0
1113,869A06FC-28B1-4BD1-952C-59BF1399AB04,,123.85,123.85,,,3701B7DF-39FD-4F98-A970-B5D9940CDE18,0,BLANK,0,0,1,0,0,0
1114,B888DF95-C482-4050-9F87-697A4DD78749,,128.525,128.525,,,3701B7DF-39FD-4F98-A970-B5D9940CDE18,3,BLANK,0,0,1,0,0,0
1115,2E0AB7E4-167A-46A9-B03D-E3442B8D3EC8,,133.825,133.825,,,3701B7DF-39FD-4F98-A970-B5D9940CDE18,1,BLANK,0,0,1,0,0,0
1116,3A568830-607A-4878-896D-0DA12D8B6123,,296.7,296.7,,,3701B7DF-39FD-4F98-A970-B5D9940CDE18,1,BLANK,0,0,1,0,0,0
1117,A707D6E8-4EE5-403F-A7E9-24D9161E2DBF,,327.8,327.8,,,3701B7DF-39FD-4F98-A970-B5D9940CDE18,1,BLANK,0,0,1,0,0,0
1118,EC1168DD-A4A2-4209-A56F-132D172E3025,,387.05,387.05,,,3701B7DF-39FD-4F98-A970-B5D9940CDE18,3,BLANK,0,0,1,0,0,0
1119,95125BDF-9F00-46AD-8275-55DE0CBFE13E,,398.85,398.85,,,3701B7DF-39FD-4F98-A970-B5D9940CDE18,3,BLANK,0,0,1,0,0,0
1120,138FD068-DE18-4A3A-8423-568087890035,,124.025,124.025,,,683F2AA0-7B05-4211-B4F5-141901FBA790,1,BLANK,0,0,0,1,0,0
1121,68C4259F-31CE-4B51-84EC-E0ADDCB71C19,,135.75,135.75,,,683F2AA0-7B05-4211-B4F5-141901FBA790,1,BLANK,0,0,0,1,0,0
1122,761AC555-A713-470B-ADC5-9A9BD2C1DE02,,269.15,269.15,,,683F2AA0-7B05-4211-B4F5-141901FBA790,1,BLANK,0,0,0,1,0,0
1123,6113A5EB-EDC2-49F4-BF20-35B5D0C1CFA1,,125.95,125.95,,,B86CEFFE-7CC3-4FF6-AC24-95F8A44F638B,1,BLANK,1,1,0,0,0,0
1124,E5E31E3F-82D0-4C4F-A565-D7D3225A447A,,133.3,133.3,,,B86CEFFE-7CC3-4FF6-AC24-95F8A44F638B,0,BLANK,1,1,0,0,0,0
1125,DB9EBEF8-15FF-41AE-89C9-3883335210A0,,269.2,269.2,,,B86CEFFE-7CC3-4FF6-AC24-95F8A44F638B,1,BLANK,1,1,0,0,0,0
1126,52D41D7C-721D-481E-A789-65B83A96D679,,290.4,290.4,,,B86CEFFE-7CC3-4FF6-AC24-95F8A44F638B,0,BLANK,1,1,0,0,0,0
1127,0D107205-28A5-4B3B-9E4B-190EEDB92E5C,,126.55,126.55,,,1C83F423-AE21-432D-8BF6-57E90E2E6B96,2,BLANK,1,1,0,0,0,0
1128,CB1B535E-09DB-4552-AB28-F90A246CCA50,,323,323,,,1C83F423-AE21-432D-8BF6-57E90E2E6B96,2,BLANK,1,1,0,0,0,0
1129,ECE1D7AB-2A6B-4C11-A577-0EBAE2C98F5D,,119.4,119.4,,,87AD94A4-7631-42C3-87AA-2C1CF31081E5,0,BLANK,1,0,0,0,0,0
1130,DB7F5AD4-AE5B-42C4-9705-788AA1CE3BC0,,132.9,132.9,,,0B777BE6-F847-4D7B-8C0C-3C52BEA224F7,2,BLANK,1,1,0,0,0,0
1131,79443471-6868-4614-98C4-25A431C3DF18,,288.3,288.3,,,0B777BE6-F847-4D7B-8C0C-3C52BEA224F7,2,BLANK,1,1,0,0,0,0
1132,D4934487-D633-462C-AE84-8B724476D9A2,,124,124,,,9E4108F1-E551-47CF-96FD-C0CC7A380553,0,BLANK,1,0,0,0,0,0
1133,9BDCFE5B-4611-4B39-8D7F-DA7018F334D8,,119.1,119.1,,,4049A0DB-8BC1-4D23-82E3-167EC27733E2,2,BLANK,1,1,0,0,0,0
1134,5062000B-CA93-4587-84E1-5C14FB73651B,,128.2,128.2,,,4049A0DB-8BC1-4D23-82E3-167EC27733E2,2,BLANK,1,1,0,0,0,0
1135,14819826-C693-4B4C-B574-67C7AA5A01D2,,338.3,338.3,,,4049A0DB-8BC1-4D23-82E3-167EC27733E2,2,BLANK,1,1,0,0,0,0
1136,9AD932CE-1919-44CD-AE37-D89DFD7D38FA,,339.8,339.8,,,4049A0DB-8BC1-4D23-82E3-167EC27733E2,2,BLANK,1,1,0,0,0,0
1137,8614F8CC-F2C3-4CC9-96B5-CF7A5614EC9D,,125.35,125.35,,,A56B2AA0-4EC8-48E6-94D9-B78EC18BB076,0,BLANK,1,0,0,0,0,0
1138,F344F866-3A88-4DC6-98AC-C7F0722BBD0F,,346.3,346.3,,,A56B2AA0-4EC8-48E6-94D9-B78EC18BB076,0,BLANK,1,0,0,0,0,0
1139,142FAFB7-C768-4349-91D0-0345617DA982,,119.1,119.1,,,A0922B4C-4162-49B7-A687-9772FA69721F,2,BLANK,1,1,0,0,0,0
1140,46C7B5C1-A2A6-4850-B6A1-F17FAD549E50,,128.2,128.2,,,A0922B4C-4162-49B7-A687-9772FA69721F,2,BLANK,1,1,0,0,0,0
1141,1A9F8CD1-0284-4B0E-996F-15DF9EC2583F,,338.3,338.3,,,A0922B4C-4162-49B7-A687-9772FA69721F,2,BLANK,1,1,0,0,0,0
1142,C16B8620-7280-42D9-A26F-4E03A5A7167B,,339.8,339.8,,,A0922B4C-4162-49B7-A687-9772FA69721F,2,BLANK,1,1,0,0,0,0
1143,3D70971A-7FD9-42BF-96C6-6BFC9C2839B7,,128.5,128.5,,,3413A241-8F80-4172-9296-EDCDD8E902B0,0,BLANK,1,1,0,0,0,0
1144,584756FE-CD75-4060-87BA-55BD7EE1CBDE,,134.3,134.3,,,3413A241-8F80-4172-9296-EDCDD8E902B0,1,BLANK,1,1,0,0,0,0
1145,74432221-CECE-441A-91CD-FAB7BE443F04,,351.8,351.8,,,3413A241-8F80-4172-9296-EDCDD8E902B0,1,BLANK,1,1,0,0,0,0
1146,1015427C-DDC3-44D2-8944-9E36F909E8B6,,379.9,379.9,,,3413A241-8F80-4172-9296-EDCDD8E902B0,0,BLANK,1,1,0,0,0,0
1147,0994FBF6-FC8B-4727-98C4-B0F099B988EC,,125.55,125.55,,,ABEB6020-F620-4D6B-923C-F2BE3DFB39A6,2,BLANK,1,1,0,0,0,0
1148,537B001F-BEDD-4E03-8BF5-DB0CC9DD1E21,,125.225,125.225,,,8E2A39C2-E805-4AB5-9367-6D36A8CCA287,1,BLANK,0,0,1,0,0,0
1149,A20243BB-C562-4E33-8C25-85A555F04F4C,,127.775,127.775,,,8E2A39C2-E805-4AB5-9367-6D36A8CCA287,1,BLANK,0,0,1,0,0,0
1150,49DFCD27-7605-4AC1-A29C-650DB27C7749,,133.95,133.95,,,8E2A39C2-E805-4AB5-9367-6D36A8CCA287,0,BLANK,0,0,1,0,0,0
1151,79F9129C-2639-41FB-A195-EA18CC18E188,,263.1,263.1,,,8E2A39C2-E805-4AB5-9367-6D36A8CCA287,1,BLANK,0,0,1,0,0,0
1152,3F081EE6-AEE0-4927-BE50-30E4F08C8769,,281.4,281.4,,,8E2A39C2-E805-4AB5-9367-6D36A8CCA287,0,BLANK,0,0,1,0,0,0
1153,909216A4-A9F9-48AF-84DC-CE19B54F6874,,119.85,119.85,,,E9CAD443-309B-4FB9-B09B-D57D5F331E9D,0,BLANK,0,0,1,0,0,0
1154,E4C2A3B1-9275-44DF-9419-710568C795F0,,126.325,126.325,,,E9CAD443-309B-4FB9-B09B-D57D5F331E9D,1,BLANK,0,0,1,0,0,0
1155,63FC1455-1BF2-4AB4-A18F-2259C5371906,,127.55,127.55,,,59E61850-37B5-471D-9566-1DA028F736F8,0,BLANK,0,0,1,0,0,0
1156,FB0DDBC1-6D2F-4BA8-AB70-A78F3482153A,,135.9,135.9,,,59E61850-37B5-471D-9566-1DA028F736F8,0,BLANK,0,0,1,0,0,0
1157,CC649E97-BEA7-49B0-AD61-3E6D860BACD6,,125.1,125.1,,,3048444E-BCFE-4172-8472-8E044978D670,0,BLANK,0,0,1,0,1,0
1158,A7F21CDE-D91C-4D66-AB7B-AEFA9D4F7459,,254.35,254.35,,,1405CBFC-7565-4DD2-A798-289E6E5C967F,1,BLANK,0,0,0,1,0,0
1159,66D71B97-5440-48DF-A786-62974FFCC6E8,,118.15,118.15,,,52A826EB-B2EB-4660-9752-6BFB4276A4CA,0,BLANK,0,0,1,0,0,0
1160,0CE4B3AA-374E-4B05-B65D-493861F7EEF6,,290.3,290.3,,,855FFB1D-2D97-4651-AF15-57A9A5256F51,0,BLANK,0,0,1,0,0,0
1161,FE44765E-4224-4A5F-8D31-BDE4DDB46040,,307.3,307.3,,,855FFB1D-2D97-4651-AF15-57A9A5256F51,1,BLANK,0,0,1,0,0,0
1162,3B351FDA-5CC6-409A-8EE5-01FFC88D88F9,,321.3,321.3,,,855FFB1D-2D97-4651-AF15-57A9A5256F51,1,BLANK,0,0,1,0,0,0
1163,76E805B9-8CE4-4D40-83CB-7EB8C4DE0C46,,370.9,370.9,,,855FFB1D-2D97-4651-AF15-57A9A5256F51,1,BLANK,0,0,1,0,0,0
1164,0E9E3CFF-D661-4DDB-A020-4D15F38D0259,,124.525,124.525,,,8BA09D32-354E-46E0-9327-5996392DCA45,0,BLANK,0,0,1,0,0,0
1165,3B0150A1-0759-4155-886A-E13A4C03DCE4,,121.5,121.5,,,22701965-5D25-4B25-AA45-03357EE2C092,0,BLANK,0,0,1,0,0,0
1166,AA78D2B9-66B9-4BDA-B4D9-185111527F2F,,124.75,124.75,,,22701965-5D25-4B25-AA45-03357EE2C092,0,BLANK,0,0,1,0,0,0
1167,D9E5C9CF-94BF-49AC-9424-F1B978A38577,,239.05,239.05,,,22701965-5D25-4B25-AA45-03357EE2C092,0,BLANK,0,0,1,0,0,0
1168,0D9249E0-3DDE-4E5C-9449-18CC91868D0A,,243,243,,,22701965-5D25-4B25-AA45-03357EE2C092,0,BLANK,0,0,1,0,0,0
1169,4227ADF6-6027-433B-8086-1DAAA7E81E16,,128.325,128.325,,,94848C8A-6FE6-4388-8C86-1EEC9D76C49E,0,BLANK,0,0,1,0,0,0
1170,BE3F6428-0999-47A6-94ED-D0773642868C,,348.7,348.7,,,94848C8A-6FE6-4388-8C86-1EEC9D76C49E,0,BLANK,0,0,1,0,0,0
1171,2D912FA6-79C6-4878-A652-39D99F84E42D,,132.65,132.65,,,4DA123CA-D756-46CA-9BC3-DE0002764CC4,0,BLANK,0,0,1,0,0,0
1172,46E93D84-F8AB-4DB2-8A62-A4D983A7108A,,379.1,379.1,,,4DA123CA-D756-46CA-9BC3-DE0002764CC4,0,BLANK,0,0,1,0,0,0
1173,00830247-6C2D-4FD7-9377-4A2733200768,,123.75,123.75,,,A166F322-EDAB-4525-865C-7911008B8823,0,BLANK,0,0,1,0,0,0
1174,754BDBDB-7AC2-4A4C-AF82-DF361C080872,,134.7,134.7,,,A166F322-EDAB-4525-865C-7911008B8823,0,BLANK,0,0,1,0,0,0
1175,840B5EB2-57C8-46E4-9EAA-C4658F468B5E,,353.7,353.7,,,E38F87BA-875A-4E86-B501-652C17932AB7,0,BLANK,0,0,1,0,0,0
1176,60A6AB20-E808-4E59-88A0-2A6FC3825611,,135.7,135.7,,,2040A81C-4359-4987-826E-161C71008C10,2,BLANK,0,0,1,1,0,0
1177,CD84B1A8-29EA-4F25-A2C2-66E6DB4CFB18,,282.2,282.2,,,2040A81C-4359-4987-826E-161C71008C10,2,BLANK,0,0,1,1,0,0
1178,4AD0630B-F8B9-4DAF-BF74-661BA0599DDC,,125.575,125.575,,,05BE0F9E-0AB1-471C-970B-F183DD4284B6,1,BLANK,0,0,1,0,0,0
1179,5348CE03-29DF-48E1-A63E-31C4E82FE316,,128.1,128.1,,,05BE0F9E-0AB1-471C-970B-F183DD4284B6,0,BLANK,0,0,1,0,0,0
1180,0D09B94D-C70D-4EE3-96FE-78BFDFB8415E,,134,134,,,05BE0F9E-0AB1-471C-970B-F183DD4284B6,0,BLANK,0,0,1,0,0,0
1181,877B66CB-A035-454A-A80A-8808CFB196C8,,306.3,306.3,,,05BE0F9E-0AB1-471C-970B-F183DD4284B6,0,BLANK,0,0,1,0,0,0
1182,4F3D686E-584D-42DA-82B7-7A2F5319E666,,307.9,307.9,,,6058CA69-6A7D-47BC-8DBD-251766D6301C,0,BLANK,0,0,1,1,0,0
1183,C38DF93C-457B-4E7E-9D5F-9C7841A91947,,360.6,360.6,,,6058CA69-6A7D-47BC-8DBD-251766D6301C,1,BLANK,0,0,1,1,0,0
1184,65A5C823-49A0-4113-98D0-CAFBA4DF9E85,,121.675,121.675,,,4040A782-E155-40DD-89FA-15388A4D260B,1,BLANK,0,0,1,1,0,0
1185,78110317-7D1C-4F64-B2E8-A399B87D0384,,133.2,133.2,,,4040A782-E155-40DD-89FA-15388A4D260B,2,BLANK,0,0,1,1,0,0
1186,95F37272-E737-4E60-BB30-77846559F845,,135.4,135.4,,,4040A782-E155-40DD-89FA-15388A4D260B,0,BLANK,0,0,1,1,0,0
1187,CF30F6CF-F792-42E3-B4FA-B3E43D499CED,,263.1,263.1,,,4040A782-E155-40DD-89FA-15388A4D260B,0,BLANK,0,0,1,1,0,0
1188,06A110B3-4B01-4FF7-9BAF-2A086845EF9C,,282.2,282.2,,,4040A782-E155-40DD-89FA-15388A4D260B,2,BLANK,0,0,1,1,0,0
1189,20AEEBD5-52D9-4C22-8734-D11D939B1D48,,284.7,284.7,,,4040A782-E155-40DD-89FA-15388A4D260B,1,BLANK,0,0,1,1,0,0
1190,39959BA8-FF25-4254-9F20-B2BF2BF4E6C1,,127.925,127.925,,,BFA4B9C1-6B62-4072-9746-F3ED1D2A348E,0,BLANK,0,0,1,0,0,0
1191,7FA19555-E4FE-4F10-A5F3-2FE2E4BF8FF2,,133.025,133.025,,,BFA4B9C1-6B62-4072-9746-F3ED1D2A348E,1,BLANK,0,0,1,0,0,0
1192,F5248139-58C0-4365-A56D-5ED434BD4F90,,134.4,134.4,,,BFA4B9C1-6B62-4072-9746-F3ED1D2A348E,0,BLANK,0,0,1,0,0,0
1193,B4E1E03E-6127-4BBF-98CE-783CD0037EBD,,269.375,269.375,,,BFA4B9C1-6B62-4072-9746-F3ED1D2A348E,1,BLANK,0,0,1,0,0,0
1194,12EF6AB5-E2E7-433B-86EF-0FDBEC27409E,,319,319,,,BFA4B9C1-6B62-4072-9746-F3ED1D2A348E,1,BLANK,0,0,1,0,0,0
1195,2CD2988F-34E7-4570-BA19-007D72893ED2,,353.9,353.9,,,BFA4B9C1-6B62-4072-9746-F3ED1D2A348E,0,BLANK,0,0,1,0,0,0
1196,D4F14328-29D6-4677-A5A5-EA06F6066B03,,133.55,133.55,,,536FF5E9-E86B-4257-953F-A3C953495AC5,0,BLANK,0,0,1,0,1,0
1197,2315C029-E579-47CE-A2B9-742560E2B6F7,,322.55,322.55,,,536FF5E9-E86B-4257-953F-A3C953495AC5,0,BLANK,0,0,1,0,1,0
1198,3FC33FB6-7600-4BE8-AC4F-99571D035B6F,,132.525,132.525,,,CB8505CA-ECBB-40FB-A3CA-9C0FD535C267,0,BLANK,0,0,1,0,1,0
1199,54DE9419-F653-422F-AB0A-9610ED8BC757,,118.825,118.825,,,C71B0CB3-598B-4F16-9F22-AEFF3370D0E4,3,BLANK,0,0,1,0,0,0
1200,738C75AC-8ACD-4FE8-9F82-B44C1D16DE62,,360.65,360.65,,,C71B0CB3-598B-4F16-9F22-AEFF3370D0E4,3,BLANK,0,0,1,0,0,0
1201,17A1C565-67D8-4E84-8203-4E47C1448F9F,,135.3,135.3,,,93D4FAB1-F0EB-46E8-AC52-A208CA65C970,0,BLANK,0,0,1,0,0,0
1202,80B1A32B-7B44-4108-BD7A-47A3BDFD6D17,,127.95,127.95,,,68DF29BA-9EA9-4889-8BA2-B8516AE43737,2,BLANK,0,0,1,1,0,0
1203,171B3B63-E110-4F37-8E8C-42082F8976D7,,338.2,338.2,,,68DF29BA-9EA9-4889-8BA2-B8516AE43737,2,BLANK,0,0,1,1,0,0
1204,58A3B2F8-9018-45BA-A33D-41A9E250160A,,128.375,128.375,,,7FFD0B58-0F60-4912-B2E7-719874F55B12,0,D,0,0,1,1,0,0
1205,2308D2B7-289F-4291-8B84-C659E2151162,,132.225,132.225,,,7FFD0B58-0F60-4912-B2E7-719874F55B12,1,D,0,0,1,1,0,0
1206,EDBC4B69-A824-42CC-A103-81C4E00CA1A5,,354.15,354.15,,,7FFD0B58-0F60-4912-B2E7-719874F55B12,1,D,0,0,1,1,0,0
1207,E8552081-4E85-41C2-8C8D-5BAC431A17ED,,377.05,377.05,,,7FFD0B58-0F60-4912-B2E7-719874F55B12,1,BLANK,0,0,1,1,0,0
1208,B592427B-5BD2-4FD4-9ABD-06ED73ACE335,,379.95,379.95,,,7FFD0B58-0F60-4912-B2E7-719874F55B12,0,D,0,0,1,1,0,0
1209,C7C679F1-611A-4ADB-9904-0AA7F8BDDE23,,119.85,119.85,,,E55EA474-6766-4536-AC15-4652354770D7,0,BLANK,0,0,1,1,0,0
1210,3F79633B-FB84-4171-BCA6-FB68916A0CDF,,363.15,363.15,,,E55EA474-6766-4536-AC15-4652354770D7,0,BLANK,0,0,1,1,0,0
1211,5853B887-BDF3-437A-82A3-212B768E3454,,133.95,133.95,,,EB237AB5-180C-4195-8F06-A1D98C6CD6C3,2,D,0,0,1,1,0,0
1212,5162225F-7681-4201-8B07-FA48E85AA79A,,317.55,317.55,,,EB237AB5-180C-4195-8F06-A1D98C6CD6C3,2,D,0,0,1,1,0,0
1213,54A5629E-D8A4-43B4-BF0A-D32A2940ED68,,118.475,118.475,,,1DB658ED-6F80-46CA-B184-32A23745F861,2,D,0,0,1,1,0,0
1214,635C5E86-D945-41EE-AD36-CBD47CF49D31,,225.4,225.4,,,1DB658ED-6F80-46CA-B184-32A23745F861,2,D,0,0,1,1,0,0
1215,10174B3F-5803-432A-B6AE-E0AAAA264962,,133.675,133.675,,,34F9A658-C57D-4CA4-9A59-77F6D39DD1BD,1,D,0,0,1,1,0,0
1216,52B7B2DE-9DD3-4AC5-AB46-11BDFF7AA2F6,,135.6,135.6,,,34F9A658-C57D-4CA4-9A59-77F6D39DD1BD,0,D,0,0,1,1,0,0
1217,909926AF-9EC8-48E2-A2BD-21A9E0DDF65E,,296.7,296.7,,,34F9A658-C57D-4CA4-9A59-77F6D39DD1BD,1,BLANK,0,0,1,1,0,0
1218,5C15F718-EF6A-4F63-B25C-63532C82B3CE,,322.5,322.5,,,34F9A658-C57D-4CA4-9A59-77F6D39DD1BD,1,D,0,0,1,1,0,0
1219,E50E4CE7-AF21-4AEB-986B-4DFF50B18AEA,,363.025,363.025,,,34F9A658-C57D-4CA4-9A59-77F6D39DD1BD,0,D,0,0,1,1,0,0
1220,55119534-2C07-4D51-A0C6-FE99089C859E,,132.1,132.1,,,44F71C7E-A867-4363-B621-9AF2FED897C3,2,D,0,0,1,1,0,0
1221,803A64CD-D14F-4AA9-8F0F-35481493ABF7,,254.35,254.35,,,44F71C7E-A867-4363-B621-9AF2FED897C3,2,D,0,0,1,1,0,0
1222,E063C1E2-FCB3-4399-B1A5-FDD6888FBDE6,,125.9,125.9,,,4E52981A-FBEC-4CFB-B753-EF07F3821C60,0,D,0,0,1,1,0,0
1223,FD13054A-3222-4F93-BF28-DE0B28805010,,133.175,133.175,,,4E52981A-FBEC-4CFB-B753-EF07F3821C60,1,D,0,0,1,1,0,0
1224,C5C2D480-6754-468C-87AA-F22164A6F00D,,134.575,134.575,,,4E52981A-FBEC-4CFB-B753-EF07F3821C60,1,BLANK,0,0,1,1,0,0
1225,7E388724-F542-4E61-9859-A259CE3A4CD6,,284.7,284.7,,,4E52981A-FBEC-4CFB-B753-EF07F3821C60,0,D,0,0,1,1,0,0
1226,D6264B36-E59D-4910-8FFE-D9CFC0B43022,,307.1,307.1,,,4E52981A-FBEC-4CFB-B753-EF07F3821C60,1,BLANK,0,0,1,1,0,0
1227,2806706B-3FB2-4EE3-84F9-A2778155E9C7,,350.3,350.3,,,4E52981A-FBEC-4CFB-B753-EF07F3821C60,1,D,0,0,1,1,0,0
1228,4AEB74F2-FF0E-4D3E-B0D2-91CEBD192E2B,,127.65,127.65,,,8A6B509E-F1D3-4235-8544-8309D298B9CC,2,D,0,0,1,1,0,0
1229,5AC42627-DEF8-4185-8BB1-8EF1F95928C5,,132.175,132.175,,,8A6B509E-F1D3-4235-8544-8309D298B9CC,1,BLANK,0,0,1,1,0,0
1230,096187F2-7DC8-4F0D-9EB1-5D13F8C29891,,360.65,360.65,,,8A6B509E-F1D3-4235-8544-8309D298B9CC,2,D,0,0,1,1,0,0
1231,93B05126-E30F-45BE-97DD-D0048DE9AF3D,,118.575,118.575,,,DC9527AF-FD5D-409C-8CCD-D7EF71DE829B,0,D,0,0,1,0,0,0
1232,FE76BF37-6007-4E37-A65D-948823B01DE5,,348.7,348.7,,,DC9527AF-FD5D-409C-8CCD-D7EF71DE829B,0,D,0,0,1,0,0,0
1233,2DBBDDEE-1CD8-44AF-8323-BD6DFD26D267,,127.95,127.95,,,FCC86DDA-CC69-4A8C-B49C-B1A62AA330DD,0,D,0,0,1,1,0,0
1234,94558698-07CA-4DC6-85A8-744F10BE9C93,,135.025,135.025,,,FCC86DDA-CC69-4A8C-B49C-B1A62AA330DD,1,D,0,0,1,1,0,0
1235,648973B1-946F-4215-867D-C66EC5FC0AD9,,239.05,239.05,,,FCC86DDA-CC69-4A8C-B49C-B1A62AA330DD,1,D,0,0,1,1,0,0
1236,4E00EF63-28CF-46E7-B82C-C1176CAAA2C4,,296.7,296.7,,,FCC86DDA-CC69-4A8C-B49C-B1A62AA330DD,1,BLANK,0,0,1,1,0,0
1237,9A77F3F9-534D-480F-A3DF-0119EDFBA91C,,338.2,338.2,,,FCC86DDA-CC69-4A8C-B49C-B1A62AA330DD,0,D,0,0,1,1,0,0
1238,3804485E-0405-43F2-B7D0-DAE559A904C8,,126.875,126.875,,,0B6D0673-E293-4DCC-A444-3ACAFFCA5D83,1,D,0,0,0,1,1,0
1239,5B80C20F-9FB5-40EB-A5BD-D14B4426AB1B,,128.65,128.65,,,0B6D0673-E293-4DCC-A444-3ACAFFCA5D83,0,D,0,0,0,1,1,0
1240,C1319F25-746D-4EEE-8114-19A2D1FB7445,,379.15,379.15,,,9CEF0C77-DC02-4E4E-B71D-15F87B5092C4,2,BLANK,0,0,1,1,0,0
1241,E3B432C8-56FA-4A18-B005-C761D5C1591C,,132.7,132.7,,,2A7D8D76-66CF-4AA3-9CFB-8383DCDB0AE7,2,D,0,0,1,1,0,0
1242,AB45CA6F-7C59-4FCB-9B16-5280302AD3A1,,226.675,226.675,,,2A7D8D76-66CF-4AA3-9CFB-8383DCDB0AE7,0,D,0,0,1,1,0,0
1243,F8158D5D-0166-4406-A5D8-37B8503C4B77,,296.7,296.7,,,2A7D8D76-66CF-4AA3-9CFB-8383DCDB0AE7,1,BLANK,0,0,1,1,0,0
1244,98811D8D-2A1C-43AF-A6FB-FD6B1C787335,,125.675,125.675,,,40263627-B660-44C5-AAC2-1FF7CFB78BD1,1,BLANK,0,0,1,1,0,0
1245,491D875C-04C3-49B2-B8BF-560C54650BBF,,126.725,126.725,,,40263627-B660-44C5-AAC2-1FF7CFB78BD1,1,BLANK,0,0,1,1,0,0
1246,9C253713-2B9E-4A06-89FC-0A962336521B,,135.125,135.125,,,40263627-B660-44C5-AAC2-1FF7CFB78BD1,2,D,0,0,1,1,0,0
1247,FA6F6D28-3C1D-4375-926A-E4E356873B62,,296.7,296.7,,,40263627-B660-44C5-AAC2-1FF7CFB78BD1,1,BLANK,0,0,1,1,0,0
1248,152D9540-A10F-41FA-AF4E-E87FC4585BA6,,316.125,316.125,,,40263627-B660-44C5-AAC2-1FF7CFB78BD1,1,BLANK,0,0,1,1,0,0
1249,B1A25349-0609-481C-B930-45F40BFCE527,,323.25,323.25,,,40263627-B660-44C5-AAC2-1FF7CFB78BD1,2,D,0,0,1,1,0,0
1250,6F5ADF8E-94EF-47D8-B710-7EBADC02EDDF,,134.5,134.5,,,46649CD5-60A0-4F0D-BD4A-D3735B2FFE95,2,D,0,0,1,1,0,0
1251,0036251F-802B-4A01-A60E-447CC2E71DD9,,327.8,327.8,,,46649CD5-60A0-4F0D-BD4A-D3735B2FFE95,2,D,0,0,1,1,0,0
1252,403D6A05-5135-496B-ABEA-48DA11B14299,,133.525,133.525,,,4B31C035-7CF3-4946-8E11-284AED044CDD,1,D,0,0,1,1,0,0
1253,4074F5DE-F32E-4C9E-9181-8386FBC15479,,319,319,,,4B31C035-7CF3-4946-8E11-284AED044CDD,1,D,0,0,1,1,0,0
1254,763C98FF-7AAF-4027-A07C-032FA41B6FE8,,127.55,127.55,,,077909CB-9BF6-4E96-AA09-5DE25F29D35A,2,D,0,0,1,1,0,0
1255,EE0A8AFB-FB30-4AC2-B9BC-986C6F9D14E8,,135.6,135.6,,,DB1CBC8E-B9F0-475E-9FF3-E25C8977015F,2,D,0,0,1,1,0,0
1256,82D19823-AA6B-4BA8-B23E-579CAFCD576D,,363.025,363.025,,,DB1CBC8E-B9F0-475E-9FF3-E25C8977015F,2,D,0,0,1,1,0,0
1257,14C7C279-0530-43F4-BB7B-F5287C7D52C8,,132.1,132.1,,,67D06207-8FDC-46E2-8832-9A67D19ABD79,0,D,0,0,1,1,0,0
1258,04F614EE-0DB2-4715-BE60-DA144B752B42,,133.175,133.175,,,67D06207-8FDC-46E2-8832-9A67D19ABD79,1,D,0,0,1,1,0,0
1259,87CB14EA-99F3-4636-922D-724361408C8A,,254.35,254.35,,,67D06207-8FDC-46E2-8832-9A67D19ABD79,0,D,0,0,1,1,0,0
1260,19CB080E-C88A-412D-89F1-2BFA470887A6,,350.3,350.3,,,67D06207-8FDC-46E2-8832-9A67D19ABD79,1,D,0,0,1,1,0,0
1261,FC096AC7-2155-47C8-BB74-41E6540A74CC,,124.225,124.225,,,A99ED97D-FB42-47E0-B728-0D3AA7A152EA,3,D,0,0,1,0,0,0
1262,4B5F478D-CE38-41E7-A8D3-58881BE61F2A,,132.7,132.7,,,A99ED97D-FB42-47E0-B728-0D3AA7A152EA,0,D,0,0,1,0,0,0
1263,5753361F-009D-4D71-94F4-ED40DE5933A9,,226.675,226.675,,,A99ED97D-FB42-47E0-B728-0D3AA7A152EA,0,D,0,0,1,0,0,0
1264,EBE6AD35-9EFA-4BD6-A9C7-299696DACFBA,,282.225,282.225,,,A99ED97D-FB42-47E0-B728-0D3AA7A152EA,3,D,0,0,1,0,0,0
1265,2BCEDE50-A231-4046-B915-F68B68C5E258,,135.025,135.025,,,75380643-225B-443A-AED5-34D16563C02B,1,D,0,0,1,1,0,0
1266,B4072C08-5593-4A35-B003-7FBB48F610C7,,239.05,239.05,,,75380643-225B-443A-AED5-34D16563C02B,1,D,0,0,1,1,0,0
1267,A45ADD33-96E2-4D66-B78B-89FFB82A9348,,126.325,126.325,,,B1D4905A-DAC0-4958-9D8A-24F92D537DC8,1,D,0,0,1,1,0,0
1268,3DB80A32-CD60-4255-BDF3-809F984A13AD,,132.7,132.7,,,B1D4905A-DAC0-4958-9D8A-24F92D537DC8,0,D,0,0,1,1,0,0
1269,DC95F27C-2EDD-4CB2-BD6E-EAFDBCCC6F0A,,257.75,257.75,,,B1D4905A-DAC0-4958-9D8A-24F92D537DC8,1,D,0,0,1,1,0,0
1270,32235FB1-C6FA-4938-B103-7A98FD0DE1DE,,397.85,397.85,,,B1D4905A-DAC0-4958-9D8A-24F92D537DC8,0,D,0,0,1,1,0,0
1271,B97F37D4-6AAA-49E5-AE71-4F8A9B510D95,,282.2,282.2,,,48C87905-F3D2-433B-A847-2409C8A2CFCB,0,BLANK,0,0,1,0,0,0
1272,49FA1442-6385-4EB6-BDA1-AE74996DB312,,290.3,290.3,,,48C87905-F3D2-433B-A847-2409C8A2CFCB,0,BLANK,0,0,1,0,0,0
1273,DE6A124B-98E2-4838-9558-588AC7663DCE,,317.7,317.7,,,48C87905-F3D2-433B-A847-2409C8A2CFCB,0,BLANK,0,0,1,0,0,0
1274,3A453879-B343-4FF4-80CF-F9783896AF29,,124.75,124.75,,,B7FAB2EC-D8E4-40D6-993E-A8BA692D3647,0,BLANK,0,0,1,1,0,0
1275,1B391F16-A447-49B5-AB00-51CA68E6031B,,132.975,132.975,,,B7FAB2EC-D8E4-40D6-993E-A8BA692D3647,1,BLANK,0,0,1,1,0,0
1276,C83D5B4D-96D4-4A8A-A43D-950244EAF011,,323,323,,,B7FAB2EC-D8E4-40D6-993E-A8BA692D3647,0,BLANK,0,0,1,1,0,0
1277,8F86E3D8-8711-45F1-9D82-BE1E9D200025,,351.85,351.85,,,B7FAB2EC-D8E4-40D6-993E-A8BA692D3647,1,BLANK,0,0,1,1,0,0
1278,59964085-16C4-4F18-8C26-7EFB94CE6253,,133.7,133.7,,,A47844B0-2DC8-4283-850C-5891E11B93A6,0,D,0,0,1,0,0,0
1279,FE62B90D-6E5F-49F9-9BDB-59252BDEE565,,350.2,350.2,,,A47844B0-2DC8-4283-850C-5891E11B93A6,0,D,0,0,1,0,0,0
1280,17A46C8B-D4E7-450A-A769-35295863DC59,,127.45,127.45,,,C9D0C8D6-C1C1-4EFB-9D54-F5102F8247DC,0,BLANK,0,0,1,0,0,0
1281,78B1D720-EF5A-4243-A78A-22D26F5A65EF,,290.3,290.3,,,C9D0C8D6-C1C1-4EFB-9D54-F5102F8247DC,0,BLANK,0,0,1,0,0,0
1282,9EFD7E41-C72F-4489-8942-5D96065AFBC0,,346.3,346.3,,,C9D0C8D6-C1C1-4EFB-9D54-F5102F8247DC,0,BLANK,0,0,1,0,0,0
1283,558563BF-A151-4660-958A-36A638DBF468,,126.3,126.3,,,A8517EA2-AC9C-4E73-8FEF-96FAAB0AE087,0,BLANK,0,0,1,1,0,0
1284,41F5D7E1-656A-4340-8BB0-F847622AEE87,,132.45,132.45,,,A8517EA2-AC9C-4E73-8FEF-96FAAB0AE087,1,BLANK,0,0,1,1,0,0
1285,6C7C98F5-A4DE-4C22-8A7C-E263E3F21ACC,,339.8,339.8,,,A8517EA2-AC9C-4E73-8FEF-96FAAB0AE087,0,BLANK,0,0,1,1,0,0
1286,B5E1B84B-D332-44B9-8D9B-7DE721852CFA,,363.1,363.1,,,A8517EA2-AC9C-4E73-8FEF-96FAAB0AE087,1,BLANK,0,0,1,1,0,0
1287,55607B32-3734-4228-9AC8-8E41EFBF933E,,126.575,126.575,,,564D9974-A18D-4E5C-A763-2CC9655B0A35,1,BLANK,0,0,1,1,0,0
1288,0BF3AC57-8E44-4E90-8BB5-3B321B96F039,,120.775,120.775,,,A0B17274-ACB7-471F-B5E4-3544D3F2031B,1,BLANK,0,0,1,1,0,0
1289,D0F08F29-83F7-4CF9-8E8E-6AE1C57EBB82,,132.6,132.6,,,A0B17274-ACB7-471F-B5E4-3544D3F2031B,0,D,0,0,1,1,0,0
1290,FD82890D-C7A7-438B-867F-E93E661F5151,,269.05,269.05,,,A0B17274-ACB7-471F-B5E4-3544D3F2031B,0,D,0,0,1,1,0,0
1291,7A66FC9C-54B8-457D-96F5-A78DB455B603,,274.5,274.5,,,A0B17274-ACB7-471F-B5E4-3544D3F2031B,1,BLANK,0,0,1,1,0,0
1292,7D72B8D6-6351-42AB-A4F3-CCE017F9B951,,292.1,292.1,,,A0B17274-ACB7-471F-B5E4-3544D3F2031B,1,BLANK,0,0,1,1,0,0
1293,80992DC0-CBB2-4FA0-9FB5-CBD29AB06BE8,,295.9,295.9,,,A0B17274-ACB7-471F-B5E4-3544D3F2031B,1,BLANK,0,0,1,1,0,0
1294,6473EB60-6E60-4D07-B7BA-CAB3F29CDBC9,,327.1,327.1,,,A0B17274-ACB7-471F-B5E4-3544D3F2031B,1,BLANK,0,0,1,1,0,0
1295,67B47827-CD2D-4433-9FF2-6A21CDAFCBD9,,120.475,120.475,,,60F91384-F577-4D01-801A-1E2F4C938121,1,BLANK,0,0,0,1,0,0
1296,02E016E4-F2E8-4377-A55E-A2CCFBFBC658,,128.125,128.125,,,60F91384-F577-4D01-801A-1E2F4C938121,3,BLANK,0,0,0,1,0,0
1297,6E0DD396-E616-43C1-A5D4-21136C547053,,281.55,281.55,,,60F91384-F577-4D01-801A-1E2F4C938121,3,BLANK,0,0,0,1,0,0
1298,CAD48C20-D68B-4DF1-B040-4C6B537F353E,,323.3,323.3,,,60F91384-F577-4D01-801A-1E2F4C938121,1,BLANK,0,0,0,1,0,0
1299,BD0C2FA9-3C31-40B4-BE76-79B0B9893786,,132.2,132.2,,,480D4F0E-A671-4C47-AD50-7EB9450AFAC8,0,BLANK,0,0,1,1,0,0
1300,663785B0-5C38-495B-A507-DED8DBDFA1DD,,135.45,135.45,,,480D4F0E-A671-4C47-AD50-7EB9450AFAC8,1,BLANK,0,0,1,1,0,0
1301,48DF1B4D-6031-4F47-9606-10C0B72BDA2A,,257.925,257.925,,,480D4F0E-A671-4C47-AD50-7EB9450AFAC8,1,BLANK,0,0,1,1,0,0
1302,3D9D1F0A-765E-46B1-818A-E079C0CA7C82,,338.35,338.35,,,480D4F0E-A671-4C47-AD50-7EB9450AFAC8,0,BLANK,0,0,1,1,0,0
1303,50ED636E-637B-43B1-9DFA-EBA5D3B08A51,,132.075,132.075,,,4B3C79A8-6DED-40D7-845C-DBE7C5279390,1,BLANK,0,0,1,1,0,0
1304,3A7E0B9A-FE2B-4033-A5E8-7AC4CB3BFFD8,,134.475,134.475,,,B6F98B44-69B8-48B5-925F-6E3889B703CB,1,BLANK,0,0,0,1,0,0
1305,99EA2B17-0F20-4FA8-8278-F45B58C795B0,,352.05,352.05,,,B6F98B44-69B8-48B5-925F-6E3889B703CB,1,BLANK,0,0,0,1,0,0
1306,35BD01F9-ED52-44C8-AC6C-58673E5CCF7D,,126.45,126.45,,,B5B30482-65A7-428A-A529-6C077F5F3F81,0,D,0,0,1,0,0,0
1307,E7738A20-D540-4C75-8143-621BB432FC22,,316.1,316.1,,,B5B30482-65A7-428A-A529-6C077F5F3F81,0,D,0,0,1,0,0,0
1308,111A97E7-8110-4483-B96F-B0A26010FFB2,,120.275,120.275,,,2E672987-10F1-41BC-A318-98B771D0963D,1,BLANK,0,0,1,1,0,0
1309,6C732E90-FAA8-423D-BFD2-A0D31CC4842C,,126.15,126.15,,,2E672987-10F1-41BC-A318-98B771D0963D,0,BLANK,0,0,1,1,0,0
1310,B13EBD5D-6E17-4075-B8F7-A2F3F67EA8EC,,319.25,319.25,,,2E672987-10F1-41BC-A318-98B771D0963D,1,BLANK,0,0,1,1,0,0
1311,036DB048-904D-4CFE-8AA0-CD05B08B3936,,322.55,322.55,,,2E672987-10F1-41BC-A318-98B771D0963D,0,BLANK,0,0,1,1,0,0
1312,A2E0C5E1-107F-45D2-9163-51BB4C04073F,,126.325,126.325,,,E0B6DEEC-970F-4BB4-81FB-B4582DB45345,0,BLANK,0,0,1,1,0,0
1313,B6BB30A2-09D9-4403-B22D-235E14DAF5DC,,132.275,132.275,,,E0B6DEEC-970F-4BB4-81FB-B4582DB45345,1,BLANK,0,0,1,1,0,0
1314,2B5A3AAD-4C44-48CD-9C10-F50F71C23877,,243,243,,,E0B6DEEC-970F-4BB4-81FB-B4582DB45345,2,BLANK,0,0,1,1,0,0
1315,069A2573-4181-4B05-8BC9-43F7C0895101,,269.275,269.275,,,E0B6DEEC-970F-4BB4-81FB-B4582DB45345,1,BLANK,0,0,1,1,0,0
1316,9261EFB3-59E9-4731-A8CD-D78F7A9DDE72,,285.65,285.65,,,E0B6DEEC-970F-4BB4-81FB-B4582DB45345,1,BLANK,0,0,1,1,0,0
1317,CD7C45C0-BC21-4479-8CFB-5B06C801DA4C,,346.25,346.25,,,E0B6DEEC-970F-4BB4-81FB-B4582DB45345,0,BLANK,0,0,1,1,0,0
1318,3DAFDDA1-BC88-4A61-9166-DB7A102E70D6,,364.8,364.8,,,E0B6DEEC-970F-4BB4-81FB-B4582DB45345,1,BLANK,0,0,1,1,0,0
1319,24E14B44-5062-4BA1-9483-1B84E689B1A2,,123.925,123.925,,,0934A599-914E-49F3-91DA-2A77B7DD100F,0,BLANK,0,0,1,1,0,0
1320,4F8CE0F7-5331-4612-8EC2-391BAB2EB22E,,126.6,126.6,,,029330B2-C026-4BB9-9876-18F7C2E13691,2,BLANK,0,0,0,0,0,1
1321,0B068872-F3F1-48B2-AD3A-7494BCE7931E,,284.6,284.6,,,029330B2-C026-4BB9-9876-18F7C2E13691,2,BLANK,0,0,0,0,0,1
1322,2FD7FD74-F987-4642-9D6F-3A85AA20AAC3,,119.9,119.9,,,97ABB143-0FB2-4F7B-8F7F-9B9E8920DFE3,2,BLANK,0,0,0,0,0,1
1323,A77FCA47-4F5A-409F-A57C-0AAC55605BEA,,306.9,306.9,,,97ABB143-0FB2-4F7B-8F7F-9B9E8920DFE3,2,BLANK,0,0,0,0,0,1
1324,2114AA0B-D479-4EDB-AF8B-11897EC5CA17,,126.5,126.5,,,193E6210-C538-427E-BE2C-4E2CBC6D161F,2,BLANK,0,0,0,0,0,1
1325,D9303365-6346-48A2-8CC0-1D33C00D83E4,,135.4,135.4,,,193E6210-C538-427E-BE2C-4E2CBC6D161F,2,BLANK,0,0,0,0,0,1
1326,55F410DF-F4FE-4BEB-B389-B20DE4E81DE8,,269.4,269.4,,,193E6210-C538-427E-BE2C-4E2CBC6D161F,2,BLANK,0,0,0,0,0,1
1327,628ED708-2499-4AC8-B1B2-3D29BB1F765A,,327.1,327.1,,,193E6210-C538-427E-BE2C-4E2CBC6D161F,2,BLANK,0,0,0,0,0,1
1328,9C32463E-3E01-4A5A-92D5-5225FC6D701A,,119.3,119.3,,,7D28AFF8-718A-46A7-B5FE-938DE4735ED5,2,BLANK,0,0,0,0,0,1
1329,C594A1AE-E65B-4BF1-BEBE-629BB52B0DF1,,124.1,124.1,,,7D28AFF8-718A-46A7-B5FE-938DE4735ED5,2,BLANK,0,0,0,0,0,1
1330,F7FDB2DA-5F78-4F0E-AA06-5E0CE1F28900,,127.6,127.6,,,7D28AFF8-718A-46A7-B5FE-938DE4735ED5,2,BLANK,0,0,0,0,0,1
1331,8D0D6490-ABF1-4EBF-B821-9E2E53A576E9,,278.3,278.3,,,7D28AFF8-718A-46A7-B5FE-938DE4735ED5,2,BLANK,0,0,0,0,0,1
1332,0B88FF21-01E2-436C-98B7-782680F78FE2,,291.6,291.6,,,7D28AFF8-718A-46A7-B5FE-938DE4735ED5,2,BLANK,0,0,0,0,0,1
1333,97AFBB6F-927D-41C8-B56A-5F74463C1C91,,307.1,307.1,,,7D28AFF8-718A-46A7-B5FE-938DE4735ED5,2,BLANK,0,0,0,0,0,1
1334,22E994F5-B28D-415C-A4C8-4A9310C156C4,,317.5,317.5,,,7D28AFF8-718A-46A7-B5FE-938DE4735ED5,2,BLANK,0,0,0,0,0,1
1335,CA08856F-BAA5-422D-BA22-B139E929AC41,,119.9,119.9,,,12D6A639-2C1A-4ECC-8CF2-70363D7F76AF,2,BLANK,0,0,0,0,0,1
1336,78C25389-1C6A-4FF6-95A5-C1E2475A8708,,126.5,126.5,,,12D6A639-2C1A-4ECC-8CF2-70363D7F76AF,2,BLANK,0,0,0,0,0,1
1337,355AE1FA-6463-4A19-8303-7ED49730752A,,135.4,135.4,,,12D6A639-2C1A-4ECC-8CF2-70363D7F76AF,2,BLANK,0,0,0,0,0,1
1338,D8F2E03F-2BD7-4D2C-8ECB-13994E77A645,,269.4,269.4,,,12D6A639-2C1A-4ECC-8CF2-70363D7F76AF,2,BLANK,0,0,0,0,0,1
1339,4AABCCD5-3104-4E48-A00D-92548D7F2B11,,306.9,306.9,,,12D6A639-2C1A-4ECC-8CF2-70363D7F76AF,2,BLANK,0,0,0,0,0,1
1340,C27D57E9-FE09-41F4-BE7C-CDFDB17FC287,,327.1,327.1,,,12D6A639-2C1A-4ECC-8CF2-70363D7F76AF,2,BLANK,0,0,0,0,0,1
1341,D6ABF4F5-5C10-4B71-9D50-9185A30A61C5,,119.3,119.3,,,C78F8AB2-B9C1-435D-8B0D-C62C625397D0,2,BLANK,0,0,0,0,0,1
1342,C3FD77D8-D47C-4343-87EC-3371EA0F1508,,124.1,124.1,,,C78F8AB2-B9C1-435D-8B0D-C62C625397D0,2,BLANK,0,0,0,0,0,1
1343,4CECA7B2-BB8C-47EA-8B5B-BB0A8A1DAADE,,133.8,133.8,,,1F314315-5598-483A-BD5F-A0E14EDBD590,0,BLANK,0,0,1,1,0,0
1344,0138DEB8-4D75-4A34-B117-41785F19FF0A,,279.625,279.625,,,1F314315-5598-483A-BD5F-A0E14EDBD590,1,D,0,0,1,1,0,0
1345,ED9AAED5-8DE7-49D6-B3FB-3C618C27C2A5,,351.8,351.8,,,1F314315-5598-483A-BD5F-A0E14EDBD590,0,BLANK,0,0,1,1,0,0
1346,A47BFD7D-9F6E-453C-8F74-25E37A36D53E,,363.05,363.05,,,1F314315-5598-483A-BD5F-A0E14EDBD590,0,D,0,0,1,1,0,0
1347,7436C731-E75C-4701-A416-BD667E6A6B39,,120.35,120.35,,,DE933A6F-C561-44BC-BDE5-8B1C9269C567,0,D,0,0,1,1,0,0
1348,CCD77B5C-EFA2-49BC-A32F-794746D4242F,,132.65,132.65,,,DE933A6F-C561-44BC-BDE5-8B1C9269C567,2,D,0,0,1,1,0,0
1349,F7DB2959-9E28-453E-8E3E-E46B04892CAA,,132.65,132.65,,,3A923346-D80D-433D-BF46-E181AF39AAC4,2,BLANK,0,0,1,1,0,0
1350,DDD1E657-87F8-42D8-959E-D0BBDB90084E,,123.725,123.725,,,F2123578-D952-4F19-8157-768155A67396,1,BLANK,0,0,1,1,0,0
1351,72EEACE6-1C58-4ED8-85A4-A6015AC48C34,,125.15,125.15,,,F2123578-D952-4F19-8157-768155A67396,0,BLANK,0,0,1,1,0,0
1352,B16185FE-7B96-44F0-A306-0320DBDBA0C6,,128.075,128.075,,,F2123578-D952-4F19-8157-768155A67396,0,BLANK,0,0,1,1,0,0
1353,A525F967-A61E-4D3A-AE04-244670F91B47,,134.8,134.8,,,F2123578-D952-4F19-8157-768155A67396,0,D,0,0,1,1,0,0
1354,5402DFCF-60E1-45A9-9EBC-58EDC6C9EA57,,269.6,269.6,,,F2123578-D952-4F19-8157-768155A67396,0,D,0,0,1,1,0,0
1355,5E2AF174-0F73-4042-8712-25D3CD244A07,,319.15,319.15,,,F2123578-D952-4F19-8157-768155A67396,1,BLANK,0,0,1,1,0,0
1356,F651C1C4-F81B-422A-A389-57F6D66FE561,,351.95,351.95,,,F2123578-D952-4F19-8157-768155A67396,0,BLANK,0,0,1,1,0,0
1357,F4AEC330-8AED-4068-B85C-ECFF5224F352,,120.35,120.35,,,CD7C25E9-931B-45F4-B67F-65B6961FB3CF,0,D,0,0,1,1,0,0
1358,16C3BE38-9C70-4837-AB81-E77C897D0FA4,,132.85,132.85,,,0B6D0673-E293-4DCC-A444-3ACAFFCA5D83,1,BLANK,0,0,0,1,1,0
1359,818F4C09-C892-40FF-A45E-96E63905F149,,133.4,133.4,,,0B6D0673-E293-4DCC-A444-3ACAFFCA5D83,0,BLANK,0,0,0,1,1,0
1360,80A7B84C-925F-4ED6-AB05-8FB7C624E43D,,282.2,282.2,,,0B6D0673-E293-4DCC-A444-3ACAFFCA5D83,0,D,0,0,0,1,1,0
1361,0B3441F7-FFD8-4E56-8FDF-FCE1844570E8,,296.7,296.7,,,0B6D0673-E293-4DCC-A444-3ACAFFCA5D83,1,BLANK,0,0,0,1,1,0
1362,7265CBD0-AC97-4920-AF5B-9F0FB2ED2C4C,,306.9,306.9,,,0B6D0673-E293-4DCC-A444-3ACAFFCA5D83,1,BLANK,0,0,0,1,1,0
1363,EE315443-CABD-4599-80A3-5BB98498D625,,353.65,353.65,,,0B6D0673-E293-4DCC-A444-3ACAFFCA5D83,1,D,0,0,0,1,1,0
1364,2FFF6811-F120-4E59-AD23-77CC40C433CC,,377.175,377.175,,,0B6D0673-E293-4DCC-A444-3ACAFFCA5D83,0,BLANK,0,0,0,1,1,0
1365,9615741C-E78E-42A4-B44D-9A178BFDC8B6,,126.5,126.5,,,F3A98D6D-083B-42B3-9EA2-6EC3EB1EA729,2,D,0,0,1,1,1,0
1366,DCF7A537-025A-4A00-95EC-6E30C76D11A8,,371.85,371.85,,,F3A98D6D-083B-42B3-9EA2-6EC3EB1EA729,2,D,0,0,1,1,1,0
1367,26084341-3A12-48BC-AEE4-3D8C7797295B,,119.85,119.85,,,E9053C01-B40E-4055-97D7-0521BA1DCA17,2,D,0,0,1,1,1,0
1368,6DAABFB7-C8E5-4504-BBE3-F9E10DF8F953,,363.15,363.15,,,E9053C01-B40E-4055-97D7-0521BA1DCA17,2,D,0,0,1,1,1,0
1369,84C513C8-A1F3-4763-9264-8F368971F00A,,118.575,118.575,,,3A7D52E0-193C-4B19-BC23-FDC3FD54FF03,2,D,0,0,1,1,0,0
1370,437F042A-3AAA-49A4-B451-6C70F6014DA4,,348.7,348.7,,,3A7D52E0-193C-4B19-BC23-FDC3FD54FF03,2,D,0,0,1,1,0,0
1371,6582E55E-A5E1-478E-9614-4CEDF7EA8541,,128.375,128.375,,,1DB5DB45-FF9A-4495-989A-35A1BFBDFE1D,0,D,0,0,1,0,0,0
1372,EFE81BB8-D3ED-4A24-A12B-17ED433312BE,,379.95,379.95,,,1DB5DB45-FF9A-4495-989A-35A1BFBDFE1D,0,D,0,0,1,0,0,0
1373,DB63B95B-D391-4B62-881A-0037BD56C4C5,,118.575,118.575,,,D0486F7F-BC20-4AA2-84D7-1F45931897DA,0,D,0,0,1,1,0,0
1374,10417525-6378-4055-8C8E-80B71A656B90,,125.675,125.675,,,D0486F7F-BC20-4AA2-84D7-1F45931897DA,1,D,0,0,1,1,0,0
1375,E0682158-B30E-4FA3-957C-0BE8D8B35C41,,257.775,257.775,,,D0486F7F-BC20-4AA2-84D7-1F45931897DA,1,D,0,0,1,1,0,0
1376,C11B82F0-DA48-457A-9AC6-66AF6F6ECB17,,348.7,348.7,,,D0486F7F-BC20-4AA2-84D7-1F45931897DA,0,D,0,0,1,1,0,0
1377,0DB6B1BE-DC0E-4F76-AB99-4861668C4434,,120.475,120.475,,,D38E8F93-3154-47B8-8A67-A981E8D0A01B,0,D,0,0,1,1,0,0
1378,5AFA4E91-FC35-44A2-8D40-FFB88C0170A9,,128.325,128.325,,,D38E8F93-3154-47B8-8A67-A981E8D0A01B,1,D,0,0,1,1,0,0
1379,73BE1FF4-6800-4699-993B-0A78B118C181,,235.975,235.975,,,D38E8F93-3154-47B8-8A67-A981E8D0A01B,0,D,0,0,1,1,0,0
1380,E66D926A-9249-485C-A4AF-1C58DFAEC38B,,377.075,377.075,,,D38E8F93-3154-47B8-8A67-A981E8D0A01B,1,D,0,0,1,1,0,0
1381,B5FA12FB-9110-4C36-874B-6F1258B437E2,,127.025,127.025,,,DBA1FBD2-A79C-4EE0-AE40-0DFCABD79CAF,2,D,0,0,1,1,0,0
1382,63B6B1CA-1C2A-45D3-A688-AC8274AFB4E4,,288.35,288.35,,,DBA1FBD2-A79C-4EE0-AE40-0DFCABD79CAF,2,D,0,0,1,1,0,0
1383,DEE67163-57F4-4BB2-BA9B-2935C4A0950F,,132.225,132.225,,,8E940B71-A8D0-4215-9E75-7B89B91E579F,1,D,0,0,1,1,0,0
1384,5BFDB688-66AE-4F75-94BE-1F2E16652A76,,133.4,133.4,,,8E940B71-A8D0-4215-9E75-7B89B91E579F,0,D,0,0,1,1,0,0
1385,0F301676-072E-4F61-AA23-EA11522151BC,,243,243,,,8E940B71-A8D0-4215-9E75-7B89B91E579F,2,BLANK,0,0,1,1,0,0
1386,00DDB18A-FDBD-43F3-AF64-08EC633645CF,,346.25,346.25,,,8E940B71-A8D0-4215-9E75-7B89B91E579F,1,BLANK,0,0,1,1,0,0
1387,8CDD2F14-8E3D-4F3B-8855-27D023A67955,,354.15,354.15,,,8E940B71-A8D0-4215-9E75-7B89B91E579F,1,D,0,0,1,1,0,0
1388,4C3760E2-1694-4502-BCCF-42DFED6D80C2,,370.925,370.925,,,8E940B71-A8D0-4215-9E75-7B89B91E579F,1,BLANK,0,0,1,1,0,0
1389,95C34AF2-0C3B-4D58-A72C-B382B40705FD,,377.175,377.175,,,8E940B71-A8D0-4215-9E75-7B89B91E579F,0,D,0,0,1,1,0,0
1390,E32631BA-6CE8-4BB1-B80F-19278E5EDB0C,,379.95,379.95,,,8E940B71-A8D0-4215-9E75-7B89B91E579F,0,BLANK,0,0,1,1,0,0
1391,0C6B8A3B-5629-4C17-A164-2D17265A4AFE,,125.9,125.9,,,3AD579BC-67CA-4B9E-8014-158722D2BC79,2,D,0,0,1,1,0,0
1392,F6A52D49-C84A-42A2-9129-4CB1E7DEB2D1,,284.7,284.7,,,3AD579BC-67CA-4B9E-8014-158722D2BC79,2,BLANK,0,0,1,1,0,0
1393,B00A843F-B2CB-46C4-B818-99057FB04635,,128.375,128.375,,,637AF09D-CE39-4CEA-8714-224AD2C7CCB6,0,D,0,0,1,1,0,0
1394,4312B004-EECE-40A8-967D-DD11FD97C2CC,,135.4,135.4,,,637AF09D-CE39-4CEA-8714-224AD2C7CCB6,3,D,0,0,1,1,0,0
1395,30C375F7-FF81-4694-85F0-36951AA18359,,377.05,377.05,,,637AF09D-CE39-4CEA-8714-224AD2C7CCB6,1,BLANK,0,0,1,1,0,0
1396,5A468FE9-4494-4D05-BE95-FE38F4A1B18C,,379.95,379.95,,,637AF09D-CE39-4CEA-8714-224AD2C7CCB6,0,D,0,0,1,1,0,0
1397,CE9BFD0C-AAC9-4B78-9177-A4991D28DB9D,,127.95,127.95,,,8C272E9E-F3E0-4D5D-80BD-78CD57BD940A,2,D,0,0,1,1,0,0
1398,0E5BD39A-DD4C-4951-A21D-E06FC2A2BC3A,,338.2,338.2,,,8C272E9E-F3E0-4D5D-80BD-78CD57BD940A,2,D,0,0,1,1,0,0
1399,51FA0107-EB35-4B08-AD1C-A4A1AA90AB84,,127.95,127.95,,,E90B3070-76BB-447F-A5DD-39BA74B2EF94,2,D,0,0,1,1,0,0
1400,AFF2FEEE-D1A4-4250-9D71-7E246D323FFD,,133.675,133.675,,,80190BD7-35A9-4B6F-A954-4554ABC8A925,1,D,0,0,1,1,0,0
1401,A9763670-0E4E-41B8-A1A5-DD6166EB0C96,,135.6,135.6,,,80190BD7-35A9-4B6F-A954-4554ABC8A925,0,D,0,0,1,1,0,0
1402,26AC13CD-A2C2-4E2A-8480-C6F8C14ABAB3,,322.5,322.5,,,80190BD7-35A9-4B6F-A954-4554ABC8A925,1,D,0,0,1,1,0,0
1403,6F2B52B6-F161-489F-96D4-0F4D22A37223,,363.025,363.025,,,80190BD7-35A9-4B6F-A954-4554ABC8A925,0,D,0,0,1,1,0,0
1404,14B0637D-E333-4653-A996-027281C8C504,,118.225,118.225,,,2806EB34-3D1D-4FD8-ABA2-A3D8C827261B,1,D,0,0,1,1,0,0
1405,FE28D468-CE29-4BC9-AA82-3B579C72800F,,127.55,127.55,,,2806EB34-3D1D-4FD8-ABA2-A3D8C827261B,0,D,0,0,1,1,0,0
1406,E65374E4-C471-47E4-89B0-699B70D6B0A7,,132.875,132.875,,,2806EB34-3D1D-4FD8-ABA2-A3D8C827261B,1,BLANK,0,0,1,1,0,0
1407,392B52DD-F2FB-4687-8BD7-B2A15F1C5820,,296.7,296.7,,,2806EB34-3D1D-4FD8-ABA2-A3D8C827261B,1,BLANK,0,0,1,1,0,0
1408,4DAB75A6-8361-4C90-8B0F-8EC451BF3DA8,,335.65,335.65,,,2806EB34-3D1D-4FD8-ABA2-A3D8C827261B,1,D,0,0,1,1,0,0
1409,2AB28294-7B6C-47DB-BDE7-5E3B5A698C46,,353.95,353.95,,,2806EB34-3D1D-4FD8-ABA2-A3D8C827261B,1,BLANK,0,0,1,1,0,0
1410,BAC53E44-F5EB-4438-84FD-4D4CC1A153E5,,126.5,126.5,,,5F97070E-0D7A-4541-B047-3F9282ADF30F,2,D,0,0,1,1,0,0
1411,EB984870-9A68-449F-A6D2-905F8E2D1901,,371.85,371.85,,,5F97070E-0D7A-4541-B047-3F9282ADF30F,2,D,0,0,1,1,0,0
1412,3C0BD3B0-F75C-48DD-8F8B-0C322551F60F,,127.45,127.45,,,48C87905-F3D2-433B-A847-2409C8A2CFCB,0,BLANK,0,0,1,0,0,0
1413,C4796969-84AB-4D1B-BCB5-7E4C4AC3F931,,132.85,132.85,,,564D9974-A18D-4E5C-A763-2CC9655B0A35,0,BLANK,0,0,1,1,0,0
1414,03E0AA03-FEF7-491C-9638-022FF4FEF807,,317.75,317.75,,,564D9974-A18D-4E5C-A763-2CC9655B0A35,0,BLANK,0,0,1,1,0,0
1415,056E9887-B3AA-4007-80D4-A5AB837EE3EE,,322.45,322.45,,,564D9974-A18D-4E5C-A763-2CC9655B0A35,1,BLANK,0,0,1,1,0,0
1416,B74703F9-0DDD-4B32-8F4D-B104F9820E8D,,360.75,360.75,,,564D9974-A18D-4E5C-A763-2CC9655B0A35,0,BLANK,0,0,1,1,0,0
1417,99503911-6B69-4701-9EBE-E96EFC86156A,,128.325,128.325,,,3F8C1C16-D321-4C6E-84D9-EED24733D3F7,1,BLANK,0,0,0,1,0,0
1418,3F3317F9-41CA-4BF9-8F86-71BF0691229A,,290.55,290.55,,,3F8C1C16-D321-4C6E-84D9-EED24733D3F7,1,BLANK,0,0,0,1,0,0
1419,CD7645A0-9875-4DF6-9876-B7360BBC33B6,,351.9,351.9,,,3F8C1C16-D321-4C6E-84D9-EED24733D3F7,1,BLANK,0,0,0,1,0,0
1420,C78D488E-B3BB-43C8-9190-548D73E3C1D2,,135.375,135.375,,,D57AD0C3-A8EF-4394-A0B3-644D40579633,0,BLANK,0,0,1,0,0,0
1421,BE675BDC-E723-4188-8C5F-E454CCD04052,,354.05,354.05,,,D57AD0C3-A8EF-4394-A0B3-644D40579633,0,BLANK,0,0,1,0,0,0
1422,1BAF2B4F-C561-48BC-9448-5343A59F6DFC,,127.15,127.15,,,F328BE5E-A765-419E-B153-4DBF4EA3511E,0,BLANK,0,0,1,0,0,0
1423,DEFF3728-DC8F-4312-A59F-4D84A4F05A19,,128.2,128.2,,,FE6CB60F-6629-4B77-AB4A-6B40E62E0019,0,BLANK,0,0,1,0,0,0
1424,0A57D9A1-386D-4E38-B72D-F855C8B09DBA,,269.1,269.1,,,FE6CB60F-6629-4B77-AB4A-6B40E62E0019,0,BLANK,0,0,1,0,0,0
1425,53013F8E-A416-4327-8657-A2E95DA7FC6A,,134.025,134.025,,,C5996E7D-C1B2-4EDB-A424-B8C05072DB4C,1,BLANK,0,0,1,0,0,0
1426,2BF5512D-5F33-4316-8178-D33C0FE75051,,135.25,135.25,,,C5996E7D-C1B2-4EDB-A424-B8C05072DB4C,0,BLANK,0,0,1,0,0,0
1427,81B4D0D6-862B-4D44-BC28-A74E7A864322,,227.4,227.4,,,C5996E7D-C1B2-4EDB-A424-B8C05072DB4C,1,BLANK,0,0,1,0,0,0
1428,F37C6CA1-994F-4408-87CB-02CDB3122559,,265.1,265.1,,,C5996E7D-C1B2-4EDB-A424-B8C05072DB4C,0,BLANK,0,0,1,0,0,0
1429,829DFAC1-AEA9-4D7A-B325-65E29AA77235,,124.75,124.75,,,933EFD4E-5CAF-41A7-BFA6-F8D74599F06E,0,BLANK,0,0,1,0,1,0
1430,51EB11F4-DE02-40DE-BF78-194BEF2AB3E5,,126.775,126.775,,,933EFD4E-5CAF-41A7-BFA6-F8D74599F06E,0,BLANK,0,0,1,0,1,0
1431,E3753114-D6FC-4C04-BC36-FB060F28E4B7,,323,323,,,933EFD4E-5CAF-41A7-BFA6-F8D74599F06E,0,BLANK,0,0,1,0,1,0
1432,A12B69FA-24DB-476B-82FA-3EF247B98430,,328.4,328.4,,,933EFD4E-5CAF-41A7-BFA6-F8D74599F06E,0,BLANK,0,0,1,0,1,0
1433,43AC8788-5955-4F5E-8075-93E8384B77A2,,133.1,133.1,,,1DD12F6C-E5FC-4300-A106-EF2FE8774954,0,D,0,0,1,0,0,0
1434,77444B17-B1CE-449C-A6BE-E7F5FED38419,,298.95,298.95,,,1DD12F6C-E5FC-4300-A106-EF2FE8774954,0,D,0,0,1,0,0,0
1435,A8E4C4D5-976D-4190-867E-A73B14D8A041,,133.1,133.1,,,4B3C79A8-6DED-40D7-845C-DBE7C5279390,0,D,0,0,1,1,0,0
1436,827540AD-956C-4A69-96E4-0C225F2F599F,,278.8,278.8,,,4B3C79A8-6DED-40D7-845C-DBE7C5279390,1,BLANK,0,0,1,1,0,0
1437,4C11209C-BE7B-4025-9CCB-098E83E06599,,298.95,298.95,,,4B3C79A8-6DED-40D7-845C-DBE7C5279390,0,D,0,0,1,1,0,0
1438,178031C3-4FF3-4A8F-85AF-3B441E7A919A,,120.35,120.35,,,CA81370F-CA1F-48D2-900D-932C78AE2863,1,BLANK,0,0,1,1,1,0
1439,BD3C22BE-42EA-48EF-BFE2-386846F95120,,127,127,,,CA81370F-CA1F-48D2-900D-932C78AE2863,0,BLANK,0,0,1,1,1,0
1440,66FF1017-9436-429E-A29C-1FC7B7AE10DD,,307.35,307.35,,,CA81370F-CA1F-48D2-900D-932C78AE2863,1,BLANK,0,0,1,1,1,0
1441,0D99C40C-07B5-4202-9945-0F263EBC32F9,,360.6,360.6,,,CA81370F-CA1F-48D2-900D-932C78AE2863,0,BLANK,0,0,1,1,1,0
1442,EA1C2A12-C83A-4EAA-87D3-B6D5B0731BC1,,126.325,126.325,,,DBBF972E-39CE-4EDB-9F7D-C72C0C05723D,0,BLANK,0,0,1,0,0,0
1443,F871229B-AA4D-4A6D-9811-40930A676810,,346.25,346.25,,,DBBF972E-39CE-4EDB-9F7D-C72C0C05723D,0,BLANK,0,0,1,0,0,0
1444,654BA938-8237-4062-9876-5ED5439AD400,,132.45,132.45,,,4053F251-55F4-4A0A-AFD2-F6FB5386AAF5,1,BLANK,0,0,0,1,0,0
1445,8B08D97B-477E-49B8-80F1-A1D4334D17AF,,298.9,298.9,,,4053F251-55F4-4A0A-AFD2-F6FB5386AAF5,0,BLANK,0,0,0,1,0,0
1446,64DC0253-E4EC-4ED6-9429-3205E337C6BA,,363.1,363.1,,,4053F251-55F4-4A0A-AFD2-F6FB5386AAF5,1,BLANK,0,0,0,1,0,0
1447,A8289BB6-FB4F-46DA-85DA-8EB4A3124D9D,,120.775,120.775,,,04ACFAB3-D469-4386-9343-0F8E27FC55AD,1,BLANK,0,0,1,1,0,0
1448,B9685FDB-BED7-4E46-A39C-9BC7FB684EE1,,124.525,124.525,,,04ACFAB3-D469-4386-9343-0F8E27FC55AD,1,BLANK,0,0,1,1,0,0
1449,BE5EE357-79A8-4855-9F7F-A3B25BEFE812,,126.45,126.45,,,04ACFAB3-D469-4386-9343-0F8E27FC55AD,0,BLANK,0,0,1,1,0,0
1450,F2EFE14B-2CA8-424A-B721-81DDABB4EEC9,,133.5,133.5,,,04ACFAB3-D469-4386-9343-0F8E27FC55AD,0,BLANK,0,0,1,1,0,0
1451,5807F0FC-CD51-4FD1-B59F-B8265DC96D05,,316.1,316.1,,,04ACFAB3-D469-4386-9343-0F8E27FC55AD,0,BLANK,0,0,1,1,0,0
1452,327A734C-B104-493F-82F6-4F08F155B03B,,327.1,327.1,,,04ACFAB3-D469-4386-9343-0F8E27FC55AD,1,BLANK,0,0,1,1,0,0
1453,62790829-3101-4617-B897-9D8AF69EA9C0,,348.65,348.65,,,04ACFAB3-D469-4386-9343-0F8E27FC55AD,1,BLANK,0,0,1,1,0,0
1454,4CD1D587-3BDF-4623-AE8D-3BA7A437D4C8,,350.35,350.35,,,04ACFAB3-D469-4386-9343-0F8E27FC55AD,0,BLANK,0,0,1,1,0,0
1455,877B041D-C0E1-4DCA-99A1-97E0E5309BB4,,126.575,126.575,,,0934A599-914E-49F3-91DA-2A77B7DD100F,1,BLANK,0,0,1,1,0,0
1456,E980CC36-25B9-4F49-8179-E2F633BA8C7F,,134.475,134.475,,,0934A599-914E-49F3-91DA-2A77B7DD100F,1,BLANK,0,0,1,1,0,0
1457,9B2B1CAC-E28C-492F-A285-C1FC0658F1FE,,269.475,269.475,,,0934A599-914E-49F3-91DA-2A77B7DD100F,0,BLANK,0,0,1,1,0,0
1458,167328CA-523B-4BF1-8EAA-DEE01134DEAA,,322.45,322.45,,,0934A599-914E-49F3-91DA-2A77B7DD100F,1,BLANK,0,0,1,1,0,0
1459,7FBFAD0B-5EB4-4B34-8A5C-C9431F49B9AC,,352.05,352.05,,,0934A599-914E-49F3-91DA-2A77B7DD100F,1,BLANK,0,0,1,1,0,0
1460,2BD56DCB-2E04-4D54-97DE-F95EFB3BEDA0,,134.025,134.025,,,F23C5991-5927-43C6-B75A-69E7C5FFBC91,1,BLANK,0,0,1,1,0,0
1461,D4BC705C-2503-4E3A-8B19-65CE18D70C64,,135.25,135.25,,,F23C5991-5927-43C6-B75A-69E7C5FFBC91,0,BLANK,0,0,1,1,0,0
1462,624E59E9-8CD5-4097-9C97-83512813DB52,,251.15,251.15,,,F23C5991-5927-43C6-B75A-69E7C5FFBC91,1,BLANK,0,0,1,1,0,0
1463,06C82064-E37A-4A63-9BE3-1F1F8472E7EE,,279.65,279.65,,,F23C5991-5927-43C6-B75A-69E7C5FFBC91,0,BLANK,0,0,1,1,0,0
1464,DD94C374-2B99-4A79-9185-D005BD023F1E,,133.3,133.3,,,567057C8-35C5-4916-886F-E3C47D84C769,0,BLANK,0,0,1,0,1,0
1465,AD8185B1-7181-4DEB-A6D2-7341C2D1F733,,269.5,269.5,,,567057C8-35C5-4916-886F-E3C47D84C769,0,BLANK,0,0,1,0,1,0
1466,B1BB9DE6-B42D-4B05-80EF-BCB3786E54D2,,124.525,124.525,,,229A55A2-5095-411E-9D80-CADF8269611F,1,BLANK,0,0,0,1,0,0
1467,0321558C-F6E3-4DEE-B85B-23272A4BE6D6,,132.925,132.925,,,229A55A2-5095-411E-9D80-CADF8269611F,1,BLANK,0,0,0,1,0,0
1468,DD613A3A-1C16-4F1D-8907-B08036CD9C22,,269.25,269.25,,,229A55A2-5095-411E-9D80-CADF8269611F,1,BLANK,0,0,0,1,0,0
1469,9F8A6AF1-09A1-43F3-B772-81BDAF385CA6,,348.65,348.65,,,229A55A2-5095-411E-9D80-CADF8269611F,1,BLANK,0,0,0,1,0,0
1470,5B01D054-ACD4-444C-97C8-C43ECAAC556C,,364.8,364.8,,,229A55A2-5095-411E-9D80-CADF8269611F,1,BLANK,0,0,0,1,0,0
1471,BCD9319C-DAFC-494C-B840-BE4FCDE4B65D,,127.95,127.95,,,4B523C59-05BB-44A2-ACC1-36FC31F87ACA,0,BLANK,0,0,1,0,0,0
1472,2528B380-7D3C-4CC2-A82A-8026490D1EE6,,133.5,133.5,,,4B523C59-05BB-44A2-ACC1-36FC31F87ACA,0,BLANK,0,0,1,0,0,0
1473,DFCAF244-E409-4BA0-9C32-12CD2C1E9905,,322.325,322.325,,,4B523C59-05BB-44A2-ACC1-36FC31F87ACA,0,BLANK,0,0,1,0,0,0
1474,E1245843-1F61-4F0A-B231-9F39D8349048,,350.35,350.35,,,4B523C59-05BB-44A2-ACC1-36FC31F87ACA,0,BLANK,0,0,1,0,0,0
1475,0259B31C-00C7-4C73-8B38-FFA32E1204D1,,127.6,127.6,,,C78F8AB2-B9C1-435D-8B0D-C62C625397D0,2,BLANK,0,0,0,0,0,1
1476,893385D3-F4A4-4D0F-AF92-F27197B516E7,,278.3,278.3,,,C78F8AB2-B9C1-435D-8B0D-C62C625397D0,2,BLANK,0,0,0,0,0,1
1477,EFB89659-FB07-4F4F-B0D5-A16DC8855572,,291.6,291.6,,,C78F8AB2-B9C1-435D-8B0D-C62C625397D0,2,BLANK,0,0,0,0,0,1
1478,525A4F74-B056-4F36-A844-1EE6D07C1BCE,,307.1,307.1,,,C78F8AB2-B9C1-435D-8B0D-C62C625397D0,2,BLANK,0,0,0,0,0,1
1479,A77B29B9-EDB9-4BA3-81D8-882EF93669AC,,317.5,317.5,,,C78F8AB2-B9C1-435D-8B0D-C62C625397D0,2,BLANK,0,0,0,0,0,1
1480,03DBE423-5D7E-4593-B111-513DA8D2D6EE,,120.975,120.975,,,C4918738-FEA8-41F0-B671-7BCFA9DCD730,0,D,0,0,1,1,0,0
1481,C29AA04B-6299-4149-9557-9D898EF7A14A,,132.7,132.7,,,C4918738-FEA8-41F0-B671-7BCFA9DCD730,1,D,0,0,1,1,0,0
1482,C2595FDD-8EBC-4B83-A5A7-0AF42FE11FCA,,134.425,134.425,,,C4918738-FEA8-41F0-B671-7BCFA9DCD730,1,BLANK,0,0,1,1,0,0
1483,D31DC67E-5052-45DD-84A7-7D72B08286C6,,288.1,288.1,,,C4918738-FEA8-41F0-B671-7BCFA9DCD730,2,BLANK,0,0,1,1,0,0
1484,18AE569C-6E89-4686-ADD9-0DD29AE2F9B4,,299.6,299.6,,,C4918738-FEA8-41F0-B671-7BCFA9DCD730,0,D,0,0,1,1,0,0
1485,2DFDF104-ABB4-4AC5-B84E-F16249F575BE,,335.525,335.525,,,C4918738-FEA8-41F0-B671-7BCFA9DCD730,1,BLANK,0,0,1,1,0,0
1486,2D5441FE-98EC-47E9-9917-8DE52136083E,,348.75,348.75,,,C4918738-FEA8-41F0-B671-7BCFA9DCD730,1,D,0,0,1,1,0,0
1487,FF85CADD-D307-46F6-ABED-A90ADA60AD12,,120.35,120.35,,,A1B7132D-19F9-4F97-A826-814C51049D94,0,D,0,0,1,1,0,0
1488,7EC4D5C1-C66D-4CA7-B8F0-4BA846D8F26C,,132.65,132.65,,,A1B7132D-19F9-4F97-A826-814C51049D94,2,BLANK,0,0,1,1,0,0
1489,52B1A201-89F1-4966-B6EA-67C8D2ADBB58,,134.9,134.9,,,A1B7132D-19F9-4F97-A826-814C51049D94,0,D,0,0,1,1,0,0
1490,52512F1E-E579-48F2-BC11-3B9A4C0C973B,,135.775,135.775,,,A1B7132D-19F9-4F97-A826-814C51049D94,2,D,0,0,1,1,0,0
1491,C20D3FB2-5257-4FBB-B35D-4BF469CCD1FD,,126.425,126.425,,,E0EA30B6-9FFF-481A-A3CE-E6E462A64E1E,1,D,0,0,1,1,0,0
1492,783A46F2-E35D-48B5-853D-7C7368346E8F,,132.15,132.15,,,E0EA30B6-9FFF-481A-A3CE-E6E462A64E1E,0,BLANK,0,0,1,1,0,0
1493,6A911716-8156-4002-ADAE-43CF906216C3,,273.55,273.55,,,E0EA30B6-9FFF-481A-A3CE-E6E462A64E1E,0,D,0,0,1,1,0,0
1494,4EF95D2F-C075-4C0B-AB12-FED99696AA85,,279.6,279.6,,,E0EA30B6-9FFF-481A-A3CE-E6E462A64E1E,0,D,0,0,1,1,0,0
1495,78275124-AC98-489B-95DF-14DAE2AC223A,,371.85,371.85,,,E0EA30B6-9FFF-481A-A3CE-E6E462A64E1E,1,D,0,0,1,1,0,0
1496,9B66A706-9F3E-45DE-8836-A62E65104885,,123.825,123.825,,,1F314315-5598-483A-BD5F-A0E14EDBD590,1,D,0,0,1,1,0,0
1497,63443A20-E81D-40AC-87F3-A4695171B3ED,,126.95,126.95,,,1F314315-5598-483A-BD5F-A0E14EDBD590,0,D,0,0,1,1,0,0
1498,3EB18E40-5CAA-4AE0-A89C-8FE5F06EB610,,134.2,134.2,,,4C98FE7B-0903-48C9-ACD5-943B98396EBD,0,D,0,0,1,1,0,0
1499,FFDBCE5A-3CD3-48EC-B9D2-981ED758C5AD,,307.3,307.3,,,4C98FE7B-0903-48C9-ACD5-943B98396EBD,0,D,0,0,1,1,0,0
1500,10B3F2D7-22F5-4A8B-A1CE-D77E54F898C7,,363.25,363.25,,,4C98FE7B-0903-48C9-ACD5-943B98396EBD,1,D,0,0,1,1,0,0
1501,C710CC79-340F-4FE7-A8F5-C7366AFE93C4,,132.65,132.65,,,8F5A9E6D-0B3B-4622-9DAD-5EFC3C922CDF,0,BLANK,0,0,1,0,0,0
1502,17508DFA-CE6B-4C30-A6CA-076FE04A6A9A,,133.8,133.8,,,8F5A9E6D-0B3B-4622-9DAD-5EFC3C922CDF,0,BLANK,0,0,1,0,0,0
1503,1F6990E3-45BD-4F1D-B13F-8D931005111D,,269.55,269.55,,,8F5A9E6D-0B3B-4622-9DAD-5EFC3C922CDF,2,BLANK,0,0,1,0,0,0
1504,416256DA-8CD2-43D8-8B0C-9413AF308C32,,351.8,351.8,,,8F5A9E6D-0B3B-4622-9DAD-5EFC3C922CDF,0,D,0,0,1,0,0,0
1505,2188FA7C-3E69-43C6-8821-C323F2E18D91,,132.175,132.175,,,4959ABB3-BDCA-4506-BBB5-4D58B86E8B76,2,BLANK,0,0,1,1,0,0
1506,7A53FF23-64EB-4DF5-83F7-7BE9C4F7A441,,132.65,132.65,,,4959ABB3-BDCA-4506-BBB5-4D58B86E8B76,2,BLANK,0,0,1,1,0,0
1507,BDA0D88C-1062-4B71-B037-4FE4B37E6215,,134.9,134.9,,,4959ABB3-BDCA-4506-BBB5-4D58B86E8B76,0,D,0,0,1,1,0,0
1508,0F3FF9F7-6D63-461D-8E8A-E1BAC54F585F,,135.775,135.775,,,4959ABB3-BDCA-4506-BBB5-4D58B86E8B76,2,BLANK,0,0,1,1,0,0
1509,9385F3C2-3829-45EE-B625-6CF35B2EE749,,251.05,251.05,,,4959ABB3-BDCA-4506-BBB5-4D58B86E8B76,2,BLANK,0,0,1,1,0,0
1510,84BD6079-F4DC-409D-815D-FDDD119696DF,,290.45,290.45,,,4959ABB3-BDCA-4506-BBB5-4D58B86E8B76,0,BLANK,0,0,1,1,0,0
1511,6D3EF977-8C16-4119-84F5-56C5433F9807,,353.55,353.55,,,4959ABB3-BDCA-4506-BBB5-4D58B86E8B76,2,BLANK,0,0,1,1,0,0
1512,1110FD14-EBC0-41FE-A1DA-D02E7512DBDA,,370.9,370.9,,,4959ABB3-BDCA-4506-BBB5-4D58B86E8B76,1,BLANK,0,0,1,1,0,0
1513,BA3D5F8A-3060-497C-B6CC-8ECA5F6D2D03,,119.725,119.725,,,0928A728-47B2-4E4E-80C3-37724C94F4C1,1,D,0,0,1,1,0,0
1514,F84620BF-D2D3-4226-B74A-0B272E86E186,,126.8,126.8,,,0928A728-47B2-4E4E-80C3-37724C94F4C1,0,D,0,0,1,1,0,0
1515,ED61646D-D9FC-4AE3-9E27-76279E4CBC59,,285.6,285.6,,,0928A728-47B2-4E4E-80C3-37724C94F4C1,1,D,0,0,1,1,0,0
1516,FDC27417-65E1-4815-8B92-34B1A18AA038,,327.8,327.8,,,0928A728-47B2-4E4E-80C3-37724C94F4C1,0,D,0,0,1,1,0,0
1517,B69A301A-6886-4E62-BD70-0AFC76F2E430,,120.35,120.35,,,A367A60A-8AB7-4B7B-BFE7-94D9AB9BE392,0,D,0,0,1,0,0,0
1518,4B44F728-2D3D-4013-B6FA-D651C60FA29A,,127.85,127.85,,,A367A60A-8AB7-4B7B-BFE7-94D9AB9BE392,0,D,0,0,1,0,0,0
1519,A37259B4-C776-4070-BA72-B26DA1C551DD,,134.95,134.95,,,8460C042-B05D-4947-96FA-7474E8B11676,0,D,0,0,1,0,0,0
1520,01DFBE6A-9AB6-4077-81D1-59AA6927E55F,,269.4,269.4,,,8460C042-B05D-4947-96FA-7474E8B11676,0,D,0,0,1,0,0,0
1521,BB82A770-2614-41C4-AC71-71C244DE94A6,,128.15,128.15,,,809E6745-DEF2-4AB8-9D3C-31360F43E957,0,D,0,0,1,1,0,0
1522,D189DB7B-13B8-4AC7-AC9B-E9672C701115,,133.4,133.4,,,809E6745-DEF2-4AB8-9D3C-31360F43E957,0,D,0,0,1,1,0,0
1523,133B9C39-B085-43BF-A0C2-91F71E13694D,,133.75,133.75,,,809E6745-DEF2-4AB8-9D3C-31360F43E957,1,D,0,0,1,1,0,0
1524,31A49132-D530-46D1-929B-9C4F8162C9ED,,350.3,350.3,,,809E6745-DEF2-4AB8-9D3C-31360F43E957,0,D,0,0,1,1,0,0
1525,B93F58DA-24BD-4792-B58C-BD460BACEA5E,,354,354,,,809E6745-DEF2-4AB8-9D3C-31360F43E957,1,D,0,0,1,1,0,0
1526,4FFEA34C-112F-41E2-AA38-1205BB513848,,121.025,121.025,,,E2A85202-A6E6-4187-B378-2F9FADEDB26D,0,D,0,0,1,1,0,0
1527,5ACD8427-40AB-442C-8A0E-A310A495A974,,126.35,126.35,,,E2A85202-A6E6-4187-B378-2F9FADEDB26D,0,D,0,0,1,1,0,0
1528,5964C4CD-B2D1-43E4-BED8-F811BB2C4A81,,126.875,126.875,,,E2A85202-A6E6-4187-B378-2F9FADEDB26D,1,D,0,0,1,1,0,0
1529,308D8404-A24B-40B3-B969-43B41E6CA485,,317.775,317.775,,,E2A85202-A6E6-4187-B378-2F9FADEDB26D,0,D,0,0,1,1,0,0
1530,91D76F82-3E10-491D-8848-9D40183BA595,,327.05,327.05,,,E2A85202-A6E6-4187-B378-2F9FADEDB26D,1,D,0,0,1,1,0,0
1531,7C748333-6624-4126-B799-0F78827F3486,,338.25,338.25,,,E2A85202-A6E6-4187-B378-2F9FADEDB26D,0,D,0,0,1,1,0,0
1532,A8CC3E2A-8A85-43AB-918A-98A18A69AA5B,,126.35,126.35,,,2F6505CA-89CA-486B-B32B-917F5BDF3501,0,D,0,0,1,1,0,0
1533,5F570733-2A06-4990-9433-B8E2F5F4FB2A,,327.8,327.8,,,BA8C4B0F-2244-4E2D-A01E-EC1678B17451,0,D,0,0,1,0,0,0
1534,ABE40B10-83B8-4A8F-9483-6B8E009C82D6,,125.775,125.775,,,53595160-FA79-4685-BB80-20F02B4965E3,1,D,0,0,1,1,0,0
1535,6870B0A1-164F-4884-B3D9-4AF5F733479D,,127.65,127.65,,,53595160-FA79-4685-BB80-20F02B4965E3,0,D,0,0,1,1,0,0
1536,8D2AD280-7D4E-4D58-B4EF-DB57BA9010F0,,132.6,132.6,,,53595160-FA79-4685-BB80-20F02B4965E3,0,D,0,0,1,1,0,0
1537,2F3DC190-5B3C-4C45-B801-E2DF2213962D,,277.4,277.4,,,53595160-FA79-4685-BB80-20F02B4965E3,1,BLANK,0,0,1,1,0,0
1538,9267D2BF-5932-4A33-87E4-CDD3B410A655,,285.475,285.475,,,53595160-FA79-4685-BB80-20F02B4965E3,0,D,0,0,1,1,0,0
1539,A411E89D-3FEB-4C54-8544-273F2DAF79BE,,316.075,316.075,,,53595160-FA79-4685-BB80-20F02B4965E3,0,D,0,0,1,1,0,0
1540,C28E86D8-7116-4B1D-A5AC-1959AF1DCA1F,,322.4,322.4,,,53595160-FA79-4685-BB80-20F02B4965E3,1,D,0,0,1,1,0,0
1541,74D0F0A0-B036-4BC0-8873-00390592FE3F,,120.975,120.975,,,96795ADA-A195-45CB-9325-8F38A0ED1D46,0,D,0,0,1,0,0,0
1542,31B58210-8D5E-40B4-8998-C88E66C41540,,299.6,299.6,,,96795ADA-A195-45CB-9325-8F38A0ED1D46,0,D,0,0,1,0,0,0
1543,206EF64E-110A-462B-BBD7-50A1B5407833,,128.175,128.175,,,E4A00799-FC91-4B4F-9B3F-F3C25F707CC2,1,D,0,0,0,1,0,0
1544,89C05D75-29BC-4DE9-9A7E-9CAD60C1D194,,353.85,353.85,,,E4A00799-FC91-4B4F-9B3F-F3C25F707CC2,1,D,0,0,0,1,0,0
1545,13C81C30-8A24-4870-B70F-795EE818C8E0,,128.6,128.6,,,ADBC5A89-ABDD-4121-A01E-AA85C85C42D3,0,D,0,0,1,0,0,0
1546,4C23E878-31B2-43AA-B1F1-73A2FCA73097,,360.8,360.8,,,ADBC5A89-ABDD-4121-A01E-AA85C85C42D3,0,D,0,0,1,0,0,0
1547,C9C695B4-F40E-4CC8-971B-4439295D65D4,,125.75,125.75,,,36FDD880-59F8-4101-8E07-E919B62CBD4B,0,D,0,0,1,1,0,0
1548,DC3BCBF8-F220-4900-BD49-30E095B7C404,,132.4,132.4,,,36FDD880-59F8-4101-8E07-E919B62CBD4B,1,D,0,0,1,1,0,0
1549,6AE5466E-E416-43F0-BB78-8CB6526459B0,,267.9,267.9,,,36FDD880-59F8-4101-8E07-E919B62CBD4B,1,BLANK,0,0,1,1,0,0
1550,43284862-7AFB-4B37-814D-4AAF51C913F8,,299.2,299.2,,,36FDD880-59F8-4101-8E07-E919B62CBD4B,1,D,0,0,1,1,0,0
1551,1A37DCD1-6648-4681-B828-4D64D8BD5437,,322.7,322.7,,,36FDD880-59F8-4101-8E07-E919B62CBD4B,1,BLANK,0,0,1,1,0,0
1552,9F92CCEB-C13F-48A1-BCBA-1794A350EB5A,,346.4,346.4,,,36FDD880-59F8-4101-8E07-E919B62CBD4B,0,D,0,0,1,1,0,0
1553,AEFDC197-09B9-4FC1-9C1E-7B31A171C7C1,,134.95,134.95,,,0C1C5CC7-BC79-4B29-B691-1D87B83AC1E3,1,BLANK,0,0,1,1,0,0
1554,E4D11146-21EA-46D4-A86F-1C91FA83AAF2,,269.4,269.4,,,0C1C5CC7-BC79-4B29-B691-1D87B83AC1E3,1,BLANK,0,0,1,1,0,0
1555,7E4E06BF-069F-438D-AB13-48E7835472EE,,135.775,135.775,,,B160B12B-266F-4CEC-AF2A-D2E5AB8F31D2,2,D,0,0,1,1,0,0
1556,4F82C397-04A9-483C-B387-E3152D5E796B,,124.725,124.725,,,C6472447-7648-43BD-9E10-B9FFABFFB6F6,1,D,0,0,1,1,0,0
1557,F4F86093-A780-4632-8BDF-235A127316BA,,135.05,135.05,,,C6472447-7648-43BD-9E10-B9FFABFFB6F6,0,D,0,0,1,1,0,0
1558,92FB14AC-CA0E-416E-BF5E-B684AEA483EE,,291.75,291.75,,,C6472447-7648-43BD-9E10-B9FFABFFB6F6,1,D,0,0,1,1,0,0
1559,D68A5C7A-0059-4233-AF02-A38879BBBF70,,353.6,353.6,,,C6472447-7648-43BD-9E10-B9FFABFFB6F6,0,D,0,0,1,1,0,0
1560,8DE86340-E6DA-4C1E-890E-C4916AC5E4B2,,134.9,134.9,,,999CE346-CEB9-49FB-B113-CF9011544B11,0,D,0,0,1,0,0,0
1561,B3E0BB94-2831-4E37-A77D-8AE44179BAE5,,126.575,126.575,,,EF493190-5C94-4A1F-B65E-6071C274DA8B,0,BLANK,0,0,1,0,0,0
1562,80DB7B2C-E415-4D77-AE3A-346D5A1661F5,,257.85,257.85,,,EF493190-5C94-4A1F-B65E-6071C274DA8B,0,BLANK,0,0,1,0,0,0
1563,18E88D26-87E7-4F09-85EE-EEF436F5D360,,128.3,128.3,,,F64A791D-347F-43A7-AE22-70172B222778,0,BLANK,0,0,1,0,0,0
1564,9C1029A3-0533-4511-B4CD-29C3DCF39585,,371.925,371.925,,,E5840715-7798-4C0F-9A33-EE3131DFB333,0,BLANK,0,0,1,0,0,0
1565,5B935CAE-3EEF-4908-B649-D3E2AE310054,,134.7,134.7,,,9CCEC1F6-9EF8-4AF5-A9F6-35D90CBB45EF,1,BLANK,0,0,1,0,0,0
1566,F3204293-946B-476D-AE70-8F81BD04467F,,135.575,135.575,,,9CCEC1F6-9EF8-4AF5-A9F6-35D90CBB45EF,0,BLANK,0,0,1,0,0,0
1567,4F6B40CB-AA20-45E3-B39E-CB33C61EEB19,,290.5,290.5,,,9CCEC1F6-9EF8-4AF5-A9F6-35D90CBB45EF,0,BLANK,0,0,1,0,0,0
1568,4E4D4FFD-D077-4FDF-992C-F417601C231F,,121.175,121.175,,,1EF68203-0FED-4DD6-8F0B-73AE6BFE238B,0,BLANK,0,0,1,0,0,0
1569,84235FCC-4824-4C85-A8B7-974B84531EF2,,124.625,124.625,,,1EF68203-0FED-4DD6-8F0B-73AE6BFE238B,0,BLANK,0,0,1,0,0,0
1570,02BB8685-DAFB-4087-B07E-EB87A4382197,,353.65,353.65,,,1EF68203-0FED-4DD6-8F0B-73AE6BFE238B,0,BLANK,0,0,1,0,0,0
1571,595CA566-5C3A-430D-A867-DEA4C5ADFBD8,,371.925,371.925,,,1EF68203-0FED-4DD6-8F0B-73AE6BFE238B,0,BLANK,0,0,1,0,0,0
1572,FC0E33FE-BE01-47F7-8835-C838221CAC96,,120.275,120.275,,,27544288-B715-4E37-9D47-3E6DD166F0BC,1,BLANK,0,0,1,0,0,0
1573,2260373B-4BAF-4C67-BCE0-5D2BE9B458B6,,124.225,124.225,,,27544288-B715-4E37-9D47-3E6DD166F0BC,0,BLANK,0,0,1,0,0,0
1574,77D3D14F-2E4E-44D7-8E98-5615B9DE0565,,135.575,135.575,,,27544288-B715-4E37-9D47-3E6DD166F0BC,0,BLANK,0,0,1,0,0,0
1575,145271DD-79B3-492B-AA35-F97CDF98DFCF,,125.75,125.75,,,070B3405-4586-47E5-A4CE-A08CB7B1AC94,0,BLANK,0,0,1,0,0,0
1576,35A427FC-6F90-45ED-A112-6483AAAFC352,,134.45,134.45,,,070B3405-4586-47E5-A4CE-A08CB7B1AC94,0,BLANK,0,0,1,0,0,0
1577,D95473A8-6A13-4D9A-A199-095A6FE9A62E,,227.125,227.125,,,070B3405-4586-47E5-A4CE-A08CB7B1AC94,0,BLANK,0,0,1,0,0,0
1578,5B120235-0561-4FF8-9AB8-1251B3F1DD1E,,323.2,323.2,,,070B3405-4586-47E5-A4CE-A08CB7B1AC94,0,BLANK,0,0,1,0,0,0
1579,DD9A3EFB-8643-4278-8581-046FB54CA037,,363.075,363.075,,,070B3405-4586-47E5-A4CE-A08CB7B1AC94,0,BLANK,0,0,1,0,0,0
1580,10A0E6D6-F0B7-4AAF-B384-80A8A5C7EFCE,,127.575,127.575,,,B774004B-6B09-43EB-9B75-A342C15F1849,0,BLANK,0,0,1,0,0,0
1581,08631878-35C3-4DF8-A3FF-E0B5DD0405BA,,133.3,133.3,,,B774004B-6B09-43EB-9B75-A342C15F1849,1,BLANK,0,0,1,0,0,0
1582,37EC8DF1-4E7D-49C2-910D-9CE1DFB86000,,135.975,135.975,,,B774004B-6B09-43EB-9B75-A342C15F1849,1,BLANK,0,0,1,0,0,0
1583,9A7239CA-02B1-4110-AFF7-7A9AD80FD39F,,269.025,269.025,,,B774004B-6B09-43EB-9B75-A342C15F1849,0,BLANK,0,0,1,0,0,0
1584,2F969EBD-A0AA-495F-B56A-493094B6CCDA,,282.3,282.3,,,B774004B-6B09-43EB-9B75-A342C15F1849,1,BLANK,0,0,1,0,0,0
1585,10F97B7F-82D9-440A-8F7E-A1F6968B7BCD,,346.3,346.3,,,B774004B-6B09-43EB-9B75-A342C15F1849,1,BLANK,0,0,1,0,0,0
1586,4ABD8EB3-A0EF-4939-B351-2F21915B087F,,124.075,124.075,,,7430E240-14AF-4AAD-B462-352984AB4D71,1,BLANK,0,0,1,0,0,0
1587,4E9FA23E-9954-450C-B6E6-A5CA6065497B,,132.475,132.475,,,7430E240-14AF-4AAD-B462-352984AB4D71,3,BLANK,0,0,1,0,0,0
1588,3681D55F-95A3-427B-BCD8-483F5C2C6637,,133.625,133.625,,,7430E240-14AF-4AAD-B462-352984AB4D71,1,BLANK,0,0,1,0,0,0
1589,40E1A5B8-0DD1-45C5-990F-F0C74F3873D0,,134.375,134.375,,,7430E240-14AF-4AAD-B462-352984AB4D71,0,BLANK,0,0,1,0,0,0
1590,448C0DB2-738D-4784-8E0E-DFBAD852F06F,,135.05,135.05,,,7430E240-14AF-4AAD-B462-352984AB4D71,2,BLANK,0,0,1,0,0,0
1591,C49F7BE9-2D67-4E7A-9C0A-537BE4A1841B,,317.55,317.55,,,7430E240-14AF-4AAD-B462-352984AB4D71,0,BLANK,0,0,1,0,0,0
1592,64FAB019-8470-49DD-91CA-91A6F8CD522E,,370.95,370.95,,,7430E240-14AF-4AAD-B462-352984AB4D71,1,BLANK,0,0,1,0,0,0
1593,AF179DE6-DF49-496A-98D5-AB1A1DFCE6E8,,399.1,399.1,,,7430E240-14AF-4AAD-B462-352984AB4D71,3,BLANK,0,0,1,0,0,0
1594,8F84A7AE-931E-40BF-B361-B2A159528590,,124.7,124.7,,,6DB44909-AF7D-4799-80A9-E022642E326C,0,BLANK,0,0,1,0,0,0
1595,1546AC15-8882-4205-A47E-B6C0611F9826,,127.875,127.875,,,6DB44909-AF7D-4799-80A9-E022642E326C,1,BLANK,0,0,1,0,0,0
1596,65F71124-75D8-43E6-94A8-F331B4702FD6,,269.55,269.55,,,6DB44909-AF7D-4799-80A9-E022642E326C,0,BLANK,0,0,1,0,0,0
1597,54AAD446-5B97-4070-9BB7-CC8631E20970,,125.375,125.375,,,AF9CF9BE-B011-4FF1-9FFF-23E4F2FB0684,0,BLANK,0,0,1,0,0,0
1598,3775D689-41D3-4FBC-8A0D-5E8D3C014165,,254.325,254.325,,,AF9CF9BE-B011-4FF1-9FFF-23E4F2FB0684,0,BLANK,0,0,1,0,0,0
1599,4C942B75-F7E4-4045-9CB0-B84378A436DE,,132.925,132.925,,,0ABAFA38-9754-4EF0-91CA-0273E34C95E0,0,BLANK,0,0,1,0,0,0
1600,137166DB-AE30-4F8F-9350-631BA2712462,,363.2,363.2,,,0ABAFA38-9754-4EF0-91CA-0273E34C95E0,0,BLANK,0,0,1,0,0,0
1601,A47D20E9-64FD-41F0-94D5-E22072A03AE3,,134.375,134.375,,,5F1BCBD8-E6AA-4BEF-A3E1-D891941DF646,0,BLANK,0,0,1,0,0,0
1602,835B027A-B3EF-4F0B-9ECB-5C7A11DCCE78,,135.05,135.05,,,5F1BCBD8-E6AA-4BEF-A3E1-D891941DF646,2,BLANK,0,0,1,0,0,0
1603,4EFD2179-B25D-43F7-8185-CC55751EEAAE,,317.55,317.55,,,5F1BCBD8-E6AA-4BEF-A3E1-D891941DF646,0,BLANK,0,0,1,0,0,0
1604,4FCFB69A-6124-4249-930D-0A545A88E4EA,,319.85,319.85,,,5F1BCBD8-E6AA-4BEF-A3E1-D891941DF646,3,BLANK,0,0,1,0,0,0
1605,1ED5F553-CC95-47BD-8067-C712E6B2D043,,327.175,327.175,,,5F1BCBD8-E6AA-4BEF-A3E1-D891941DF646,3,BLANK,0,0,1,0,0,0
1606,4CC7ADCA-F3A9-4709-85D5-2DCA7E6E71CB,,128.625,128.625,,,467B79B0-DB33-488A-8F13-2C5B12B94F42,2,BLANK,0,0,1,1,0,0
1607,D8D1ECAD-C29B-49EC-B47B-59810A0DA20E,,307.2,307.2,,,467B79B0-DB33-488A-8F13-2C5B12B94F42,1,BLANK,0,0,1,1,0,0
1608,F3050C5C-5B96-411A-9C91-E23CCDAD18B3,,379.175,379.175,,,467B79B0-DB33-488A-8F13-2C5B12B94F42,2,BLANK,0,0,1,1,0,0
1609,4B655526-215F-415E-9562-B95B4501B4A3,,133.7,133.7,,,2CE99DDD-9C0D-4400-8995-78C2218DF35E,0,BLANK,0,0,1,0,0,0
1610,9849EC66-6029-460B-B436-60EFE52E084F,,323.3,323.3,,,2CE99DDD-9C0D-4400-8995-78C2218DF35E,0,BLANK,0,0,1,0,0,0
1611,45450CE8-C052-4ED0-8B8D-D702939D867C,,118.35,118.35,,,0EE7F2B1-96F3-4609-9504-B804E5B5785C,0,BLANK,0,0,1,1,0,0
1612,E98DA850-9C9C-4101-A170-0870564B4274,,133.2,133.2,,,0EE7F2B1-96F3-4609-9504-B804E5B5785C,1,BLANK,0,0,1,1,0,0
1613,BFADC7C4-4182-4B85-A9F3-E0EC5B59F912,,292.125,292.125,,,0EE7F2B1-96F3-4609-9504-B804E5B5785C,1,BLANK,0,0,1,1,0,0
1614,4C1FAC6F-871A-41BA-A129-7076BA626A95,,125.55,125.55,,,B854ECA3-0F4D-45FC-89E6-64B7DE5BEEB5,0,BLANK,0,0,1,0,1,0
1615,0C4735DC-E3E1-48F6-B13F-0F7390255219,,327,327,,,B854ECA3-0F4D-45FC-89E6-64B7DE5BEEB5,0,BLANK,0,0,1,0,1,0
1616,A40DD951-8065-449D-9AC5-DB1E33B204A2,,132.9,132.9,,,057CBD5E-8B54-4D94-B6F1-92A498711E73,0,BLANK,0,0,1,0,0,0
1617,237BD08D-732B-46F6-921B-170A13A8DB83,,279.5,279.5,,,057CBD5E-8B54-4D94-B6F1-92A498711E73,0,BLANK,0,0,1,0,0,0
1618,409137E1-B92F-417A-BFC8-34B114D39F21,,125.25,125.25,,,865C2229-DF01-4EA8-8075-DD55A9B870D5,0,BLANK,0,0,1,0,0,0
1619,94699123-4A63-49D2-BBA3-62DBDF939E42,,235.975,235.975,,,865C2229-DF01-4EA8-8075-DD55A9B870D5,0,BLANK,0,0,1,0,0,0
1620,0EE44B83-5939-4B74-AEEB-EE0F47858A6C,,119.475,119.475,,,65E24347-208F-4B99-B184-74CC928E4DB9,1,BLANK,0,0,1,1,0,0
1621,34EB27FD-1CB3-4769-8124-6F3876C0B6ED,,134.5,134.5,,,65E24347-208F-4B99-B184-74CC928E4DB9,0,BLANK,0,0,1,1,0,0
1622,437A4DF7-8661-447F-9423-2290E40836C0,,279.6,279.6,,,65E24347-208F-4B99-B184-74CC928E4DB9,1,BLANK,0,0,1,1,0,0
1623,BECD9F10-B9AB-437D-A76C-44DD712D4F98,,120.825,120.825,,,32BAD4F4-C44F-474A-BAAA-84812B369B04,1,BLANK,0,0,1,1,0,0
1624,2D346399-858D-429C-82F1-353FEE7BC478,,132.65,132.65,,,32BAD4F4-C44F-474A-BAAA-84812B369B04,1,BLANK,0,0,1,1,0,0
1625,1BF7A389-AFA9-4918-84B3-2DA2D87362A0,,307.8,307.8,,,32BAD4F4-C44F-474A-BAAA-84812B369B04,1,BLANK,0,0,1,1,0,0
1626,901D6D02-5933-4589-A879-85AB05AC7EC5,,319,319,,,32BAD4F4-C44F-474A-BAAA-84812B369B04,1,BLANK,0,0,1,1,0,0
1627,0E77AB15-3B3E-4C5B-8BED-E699B8045CEB,,126.95,126.95,,,08A1905B-3FB3-4FA3-851F-C4634238C572,0,BLANK,0,0,1,0,0,0
1628,40DEAA89-4035-4558-993F-4119873DB938,,132.825,132.825,,,08A1905B-3FB3-4FA3-851F-C4634238C572,1,BLANK,0,0,1,0,0,0
1629,A804CF6A-7EA5-4F4C-84F6-879052051A57,,379.2,379.2,,,08A1905B-3FB3-4FA3-851F-C4634238C572,0,BLANK,0,0,1,0,0,0
1630,84C23448-BE32-4575-91BC-336B22369A79,,125.2,125.2,,,88FA500B-AB05-4E8B-BB02-5559F2370850,0,BLANK,0,0,1,1,0,0
1631,DB5FA616-8F3D-490C-AEB7-F894A0BF76B9,,133.45,133.45,,,88FA500B-AB05-4E8B-BB02-5559F2370850,1,BLANK,0,0,1,1,0,0
1632,8486870A-69C2-4EF1-AEAC-D556A1E49338,,281.4,281.4,,,88FA500B-AB05-4E8B-BB02-5559F2370850,1,BLANK,0,0,1,1,0,0
1633,9C560571-B12F-4CC7-A7CA-A7F060265394,,118.8,118.8,,,61FCE1FF-E620-4F86-A80A-BDB8E9688FDF,0,BLANK,0,0,1,1,0,0
1634,CB994F83-546B-4F0C-A359-90558FE64860,,134.3,134.3,,,61FCE1FF-E620-4F86-A80A-BDB8E9688FDF,1,BLANK,0,0,1,1,0,0
1635,00F297F5-004A-4472-9D56-3A86EDFA814B,,273.6,273.6,,,61FCE1FF-E620-4F86-A80A-BDB8E9688FDF,1,BLANK,0,0,1,1,0,0
1636,D4A97835-8A45-4487-BC37-F981189226FC,,292.175,292.175,,,61FCE1FF-E620-4F86-A80A-BDB8E9688FDF,3,BLANK,0,0,1,1,0,0
1637,CEC0925A-C6B0-42A8-B170-1ACC98923C3B,,353.9,353.9,,,61FCE1FF-E620-4F86-A80A-BDB8E9688FDF,1,BLANK,0,0,1,1,0,0
1638,D0E9D354-D10E-4987-AF82-DAC270638884,,134.925,134.925,,,2F6505CA-89CA-486B-B32B-917F5BDF3501,1,D,0,0,1,1,0,0
1639,3EA2ACF6-CC04-408B-A4BA-351A3AB87B39,,263.1,263.1,,,2F6505CA-89CA-486B-B32B-917F5BDF3501,1,D,0,0,1,1,0,0
1640,C51B9141-F197-4C3B-96B8-ED8EEC24ABA6,,338.25,338.25,,,2F6505CA-89CA-486B-B32B-917F5BDF3501,0,D,0,0,1,1,0,0
1641,F0E959AC-FB5D-40AE-BAFB-7DAFCB4C95E1,,124.7,124.7,,,81988940-7CF6-4BF2-A189-90A8AD2507B4,0,D,0,0,1,1,0,0
1642,CD567B5F-8E32-4598-98EB-3D202AC4A962,,317.4,317.4,,,81988940-7CF6-4BF2-A189-90A8AD2507B4,0,D,0,0,1,1,0,0
1643,9EB4BAF0-BA55-4781-BD92-8C9FAAED103A,,127.8,127.8,,,0E79F0CB-460B-457D-B117-2D63876B1E3E,0,D,0,0,1,1,0,0
1644,CD9B0999-294B-48C3-8871-30FFFDEE32D2,,133.75,133.75,,,0E79F0CB-460B-457D-B117-2D63876B1E3E,1,D,0,0,1,1,0,0
1645,0DC922D8-3196-4278-A83B-0CCFCE510054,,307.2,307.2,,,0E79F0CB-460B-457D-B117-2D63876B1E3E,0,D,0,0,1,1,0,0
1646,DE4317FC-83B6-4F62-90A9-C32ECC54BD37,,354,354,,,0E79F0CB-460B-457D-B117-2D63876B1E3E,1,D,0,0,1,1,0,0
1647,6D94D3A6-531C-4C63-BE29-DF3C633F1CE5,,375.825,375.825,,,0E79F0CB-460B-457D-B117-2D63876B1E3E,1,BLANK,0,0,1,1,0,0
1648,F983DFA9-19FB-4D86-89CD-2E31300BEEDF,,132.35,132.35,,,746B6822-B89C-4701-B2D2-6AFFC6040757,0,D,0,0,1,0,0,0
1649,DB9774F7-D5BE-4839-BB4E-E9567447EC97,,317.5,317.5,,,746B6822-B89C-4701-B2D2-6AFFC6040757,0,D,0,0,1,0,0,0
1650,8AAB2C60-DB40-4D16-B4E0-30ACDD860B4E,,372,372,,,746B6822-B89C-4701-B2D2-6AFFC6040757,0,BLANK,0,0,1,0,0,0
1651,3875A215-80B0-44EB-927B-150AAD4D1270,,125.175,125.175,,,F5DA9284-563B-440B-B074-5C68A8E4D8E1,0,D,0,0,1,1,0,0
1652,D11B57B8-B042-4401-919B-E06E5EB021EC,,132.775,132.775,,,F5DA9284-563B-440B-B074-5C68A8E4D8E1,1,D,0,0,1,1,0,0
1653,F8DCA990-BCF5-4711-83DE-A71470D424D0,,285.575,285.575,,,F5DA9284-563B-440B-B074-5C68A8E4D8E1,0,D,0,0,1,1,0,0
1654,7C208C1E-8EDD-41CE-A588-E6468A41EBBD,,335.65,335.65,,,F5DA9284-563B-440B-B074-5C68A8E4D8E1,1,D,0,0,1,1,0,0
1655,2E111FE0-221C-48D3-AA03-99262A8D15A7,,126.8,126.8,,,BA8C4B0F-2244-4E2D-A01E-EC1678B17451,0,D,0,0,1,0,0,0
1656,1F46DD26-3256-4159-BCD7-C6FFA7B4FAEF,,132.8,132.8,,,55020C13-DD4A-4E4A-BFE5-4C493A431908,0,D,0,0,1,1,0,0
1657,1F0044F5-D3E6-4E0B-A556-B4269CADB05C,,251.075,251.075,,,55020C13-DD4A-4E4A-BFE5-4C493A431908,0,BLANK,0,0,1,1,0,0
1658,EEE59D64-B7E5-4725-B15C-944CAAF28C6B,,306.9,306.9,,,55020C13-DD4A-4E4A-BFE5-4C493A431908,0,BLANK,0,0,1,1,0,0
1659,B691A114-BDDF-4317-9F93-725361FBA015,,318.8,318.8,,,55020C13-DD4A-4E4A-BFE5-4C493A431908,1,D,0,0,1,1,0,0
1660,0E20CD12-ED16-4E80-9858-F1F67B53A585,,343.7,343.7,,,55020C13-DD4A-4E4A-BFE5-4C493A431908,0,D,0,0,1,1,0,0
1661,86FF6379-DBE3-4843-BB95-D8C3EACB866B,,354,354,,,55020C13-DD4A-4E4A-BFE5-4C493A431908,1,BLANK,0,0,1,1,0,0
1662,23317BC4-9ABD-4BA9-917D-98BD899D5E55,,126.425,126.425,,,EF5CE07A-4ED1-4FF7-A87D-64F33FAA1990,1,D,0,0,1,1,0,0
1663,1DDD55D1-DDBD-4C40-8446-98C47CBDE04C,,128.6,128.6,,,EF5CE07A-4ED1-4FF7-A87D-64F33FAA1990,0,D,0,0,1,1,0,0
1664,1153B4E1-4CAA-414D-AB49-6F8FE468D9C2,,132.15,132.15,,,EF5CE07A-4ED1-4FF7-A87D-64F33FAA1990,0,D,0,0,1,1,0,0
1665,58E0D454-87E2-4DDE-A9AF-FAD0A9CB77AC,,279.6,279.6,,,EF5CE07A-4ED1-4FF7-A87D-64F33FAA1990,0,D,0,0,1,1,0,0
1666,FEF47588-3F2C-440D-8CC8-48B87219CD8C,,360.8,360.8,,,EF5CE07A-4ED1-4FF7-A87D-64F33FAA1990,0,D,0,0,1,1,0,0
1667,DE0B7D64-CEEF-4EA3-9853-7286FDA01D75,,371.85,371.85,,,EF5CE07A-4ED1-4FF7-A87D-64F33FAA1990,1,D,0,0,1,1,0,0
1668,7F17282B-9291-416E-B613-4962640A6F41,,134.6,134.6,,,8C90CF3A-21ED-495C-9953-8BB61741FF01,0,D,0,0,1,0,0,0
1669,4FBD0596-363A-46EE-AC84-3736FA55E4F5,,243,243,,,8C90CF3A-21ED-495C-9953-8BB61741FF01,0,BLANK,0,0,1,0,0,0
1670,07D09F9B-A47E-413D-ADC8-27E69FE40DBB,,322.5,322.5,,,8C90CF3A-21ED-495C-9953-8BB61741FF01,0,D,0,0,1,0,0,0
1671,7328939B-EE30-424C-83BF-B12BE0A64D8D,,132.525,132.525,,,F64A791D-347F-43A7-AE22-70172B222778,1,BLANK,0,0,1,0,0,0
1672,69F7E44D-5BD0-4347-A63C-330688B9C9DA,,124.775,124.775,,,EBC43A5D-FEDA-4D9E-ABBE-7230503F32ED,0,BLANK,0,0,1,0,0,0
1673,D535D2F4-4AEA-422D-A5DE-A0E3FF888011,,133.05,133.05,,,EBC43A5D-FEDA-4D9E-ABBE-7230503F32ED,1,BLANK,0,0,1,0,0,0
1674,04206DBA-E297-40CD-9EFA-6999E0AF5039,,134.275,134.275,,,EBC43A5D-FEDA-4D9E-ABBE-7230503F32ED,1,BLANK,0,0,1,0,0,0
1675,2E5BCEDA-DE0F-4226-918C-DF62EDCCC744,,126.925,126.925,,,3829854B-119A-4407-BFEC-A21B712DE864,1,BLANK,0,0,0,1,0,0
1676,DB314572-9F4E-4365-B197-403EB6E62C70,,134.675,134.675,,,3829854B-119A-4407-BFEC-A21B712DE864,1,BLANK,0,0,0,1,0,0
1677,5EE6C6EE-4647-4DAD-8696-01BE973F023A,,319.15,319.15,,,3829854B-119A-4407-BFEC-A21B712DE864,1,BLANK,0,0,0,1,0,0
1678,49F2C246-41B4-438E-8FF6-48F153C1260A,,124.625,124.625,,,E5840715-7798-4C0F-9A33-EE3131DFB333,0,BLANK,0,0,1,0,0,0
1679,F233B49E-DB8C-42A7-8AA7-72E72F30FB9F,,290.5,290.5,,,27544288-B715-4E37-9D47-3E6DD166F0BC,0,BLANK,0,0,1,0,0,0
1680,96B447F9-9810-4413-BABE-F2D4C67D24B7,,360.725,360.725,,,27544288-B715-4E37-9D47-3E6DD166F0BC,0,BLANK,0,0,1,0,0,0
1681,6A0475B3-28E1-41CD-A331-078F810F5094,,132.2,132.2,,,F8E98A0D-AC1E-4E19-9457-4A532C9E6893,0,BLANK,0,0,1,0,0,0
1682,0041BE89-D51D-4950-B3E4-E293F2769126,,134.175,134.175,,,F8E98A0D-AC1E-4E19-9457-4A532C9E6893,1,BLANK,0,0,1,0,0,0
1683,60A85CDB-11E6-4D19-A3B8-AD5A0EB20134,,310.8,310.8,,,F8E98A0D-AC1E-4E19-9457-4A532C9E6893,0,BLANK,0,0,1,0,0,0
1684,3CF79591-1435-4764-B06D-BEEBAC974CF1,,123.775,123.775,,,4301D7CD-293F-449D-8722-6C5A3016DDF3,1,BLANK,0,0,1,0,0,0
1685,35956E87-9B19-4797-8A8A-4A07E5F3073A,,126.375,126.375,,,4301D7CD-293F-449D-8722-6C5A3016DDF3,0,BLANK,0,0,1,0,0,0
1686,4373AC58-850D-4474-A666-DD129F309F7E,,263.05,263.05,,,4301D7CD-293F-449D-8722-6C5A3016DDF3,1,BLANK,0,0,1,0,0,0
1687,80235167-5D77-4F3D-9EFE-057D21054B64,,317.75,317.75,,,4301D7CD-293F-449D-8722-6C5A3016DDF3,1,BLANK,0,0,1,0,0,0
1688,FADF3879-CDFE-48BE-9373-F59B96864BA5,,343.65,343.65,,,4301D7CD-293F-449D-8722-6C5A3016DDF3,0,BLANK,0,0,1,0,0,0
1689,D3F32F77-5FB3-4195-A45A-395C8003187C,,124.45,124.45,,,FDD77375-632B-4018-A6BB-47F432C91219,0,BLANK,0,0,1,0,0,0
1690,3334DC4E-8C88-4D4A-A662-A806F3F1DAF9,,132.825,132.825,,,FDD77375-632B-4018-A6BB-47F432C91219,1,BLANK,0,0,1,0,0,0
1691,3115E56E-AAAF-47F6-85B9-4099F0181E9A,,133.775,133.775,,,FDD77375-632B-4018-A6BB-47F432C91219,1,BLANK,0,0,1,0,0,0
1692,372C287D-DFF3-417F-8DF0-06765354A0D5,,319.2,319.2,,,6DB44909-AF7D-4799-80A9-E022642E326C,1,BLANK,0,0,1,0,0,0
1693,EB4BB583-D83C-4F29-BDAB-C2AEF4F66EEB,,335.5,335.5,,,6DB44909-AF7D-4799-80A9-E022642E326C,0,BLANK,0,0,1,0,0,0
1694,7A6A0B93-1B9E-4A2A-AED3-A9150431C25E,,120.2,120.2,,,17BA1D04-4F7F-42B0-A285-4C9DE3386EEF,0,BLANK,0,0,1,0,0,0
1695,61F294C4-2F5D-4568-BFFB-E0AA43CEA2D8,,124.475,124.475,,,17BA1D04-4F7F-42B0-A285-4C9DE3386EEF,1,BLANK,0,0,1,0,0,0
1696,208BCC79-17A5-4005-8D02-A773BCF90C67,,134.15,134.15,,,17BA1D04-4F7F-42B0-A285-4C9DE3386EEF,0,BLANK,0,0,1,0,0,0
1697,A5518183-B251-4ED1-BABC-478826BD1824,,323.05,323.05,,,17BA1D04-4F7F-42B0-A285-4C9DE3386EEF,1,BLANK,0,0,1,0,0,0
1698,CFD5C098-E071-4222-AA99-44EACF830F4C,,338.3,338.3,,,17BA1D04-4F7F-42B0-A285-4C9DE3386EEF,0,BLANK,0,0,1,0,0,0
1699,0AC981DE-7696-4C5C-B77B-55AD4356EA9A,,346.4,346.4,,,17BA1D04-4F7F-42B0-A285-4C9DE3386EEF,0,BLANK,0,0,1,0,0,0
1700,30788A03-D3F0-452C-BDD6-4357190DC50D,,371.9,371.9,,,17BA1D04-4F7F-42B0-A285-4C9DE3386EEF,0,BLANK,0,0,1,0,0,0
1701,0A27DA59-471A-4E47-BFDA-44F36D176684,,134,134,,,E9E9D50B-A981-4159-8342-E86B40BBF6DE,0,BLANK,0,0,1,0,0,0
1702,7F73413A-46B3-4004-AD93-F3AFFE6C9ABE,,134.3,134.3,,,C22464E7-5DE9-4CAA-B77D-80328214820B,0,BLANK,0,0,1,0,0,0
1703,A151166B-962F-49BF-BE4E-3EA49F6668A9,,243,243,,,C22464E7-5DE9-4CAA-B77D-80328214820B,2,BLANK,0,0,1,0,0,0
1704,1CAC1946-ACA6-41C8-986F-362589D9A113,,288.3,288.3,,,C22464E7-5DE9-4CAA-B77D-80328214820B,0,BLANK,0,0,1,0,0,0
1705,6E8091F7-CAD6-47BE-A9C1-E6C4ADD5C6C6,,322.55,322.55,,,C22464E7-5DE9-4CAA-B77D-80328214820B,0,BLANK,0,0,1,0,0,0
1706,E91A49B5-71BF-41FA-B357-604BA4BAAA10,,133.45,133.45,,,D41E92DA-502D-4E33-A142-2C06AF1DED34,0,BLANK,0,0,1,0,0,0
1707,A8008F62-2891-4A9C-8406-8932C56A3703,,306.3,306.3,,,D41E92DA-502D-4E33-A142-2C06AF1DED34,0,BLANK,0,0,1,0,0,0
1708,F7B06774-C336-435F-82E2-F5145971B781,,120.825,120.825,,,BDD1434F-6E4B-4451-B458-DE79502D7D50,0,BLANK,0,0,1,0,0,0
1709,04D5A1EB-B4EA-4A54-BFBC-CFF1BE854645,,346.35,346.35,,,BDD1434F-6E4B-4451-B458-DE79502D7D50,3,BLANK,0,0,1,0,0,0
1710,715C7802-73E1-45FC-A07B-7B7E192FA03C,,379.3,379.3,,,BDD1434F-6E4B-4451-B458-DE79502D7D50,0,BLANK,0,0,1,0,0,0
1711,0C171EE5-4210-4817-8789-944C0CC9BAF1,,127.8,127.8,,,4C4444B3-8029-4E5A-AB77-3377D3893035,0,BLANK,0,0,1,0,0,0
1712,05CB2AA3-E98A-4E69-91FC-9EF49AAE8ED5,,352,352,,,4C4444B3-8029-4E5A-AB77-3377D3893035,0,BLANK,0,0,1,0,0,0
1713,365A0A25-61E6-4B65-A2A1-2AE409753746,,126.35,126.35,,,FA50FEDF-1137-4864-8F8F-4C76AF1B4CB8,2,BLANK,0,0,0,1,0,0
1714,AC7CC8A2-A2D8-483D-9050-ADD3F032D0C0,,127.475,127.475,,,FA50FEDF-1137-4864-8F8F-4C76AF1B4CB8,1,BLANK,0,0,0,1,0,0
1715,9FCDA9F1-3169-4E56-B85C-6C4625F7FAC0,,132.825,132.825,,,FA50FEDF-1137-4864-8F8F-4C76AF1B4CB8,1,BLANK,0,0,0,1,0,0
1716,5C2B70AC-6DDE-4063-8BB8-5C610E37E628,,134.575,134.575,,,FA50FEDF-1137-4864-8F8F-4C76AF1B4CB8,3,BLANK,0,0,0,1,0,0
1717,390B1BFA-9386-495B-9D18-3ACC781F8341,,236.7,236.7,,,FA50FEDF-1137-4864-8F8F-4C76AF1B4CB8,3,BLANK,0,0,0,1,0,0
1718,D6CD6FC5-BD6D-400C-98FC-6CD85690E5B0,,307.25,307.25,,,FA50FEDF-1137-4864-8F8F-4C76AF1B4CB8,2,BLANK,0,0,0,1,0,0
1719,373175D9-4260-4951-8711-91274032E9DC,,346.25,346.25,,,FA50FEDF-1137-4864-8F8F-4C76AF1B4CB8,1,BLANK,0,0,0,1,0,0
1720,830ED7A8-F2EF-4BAF-9245-4100E4DF4408,,126.125,126.125,,,63A48388-3F99-4BF4-B590-F848958D670B,1,BLANK,0,0,1,0,0,0
1721,A5063B3A-7A56-47BF-BF1D-B6FC49B7D346,,132.425,132.425,,,63A48388-3F99-4BF4-B590-F848958D670B,1,BLANK,0,0,1,0,0,0
1722,2E2DC0BD-0111-4105-AA7C-756EC954D629,,132.925,132.925,,,63A48388-3F99-4BF4-B590-F848958D670B,0,BLANK,0,0,1,0,0,0
1723,CD31318E-8987-43E0-B7AC-CBB10F8F4182,,285.65,285.65,,,63A48388-3F99-4BF4-B590-F848958D670B,1,BLANK,0,0,1,0,0,0
1724,FCC064C6-2F4F-433B-9F0E-13C15152ADFE,,363.2,363.2,,,63A48388-3F99-4BF4-B590-F848958D670B,0,BLANK,0,0,1,0,0,0
1725,3ECBAFBC-60AB-4FB4-8D1F-8303F5F639D8,,125.05,125.05,,,467B79B0-DB33-488A-8F13-2C5B12B94F42,1,BLANK,0,0,1,1,0,0
1726,E25A1CF5-22AB-4BB0-B0C8-A1440A84E530,,128.075,128.075,,,467B79B0-DB33-488A-8F13-2C5B12B94F42,1,BLANK,0,0,1,1,0,0
1727,24F8C3EB-FBCF-4EF5-85CC-B2904B1A6A5C,,124.3,124.3,,,492F2937-12D0-401A-B341-FE4FF77B47D4,0,BLANK,0,0,1,0,0,0
1728,99C0752D-5CF5-4090-9CDE-778EB7FFB82A,,269.15,269.15,,,492F2937-12D0-401A-B341-FE4FF77B47D4,0,BLANK,0,0,1,0,0,0
1729,550C80CC-491A-4CDC-9D9C-475756E290D1,,118.125,118.125,,,05C19287-CDFB-4207-AD3A-0D2F746BEBDB,3,BLANK,0,0,1,0,0,0
1730,B5D63A1D-A581-41EC-9712-BCFD7A686848,,128.6,128.6,,,05C19287-CDFB-4207-AD3A-0D2F746BEBDB,0,BLANK,0,0,1,0,0,0
1731,44BCC677-06F1-45FA-8F15-5B71BC18552B,,257.85,257.85,,,05C19287-CDFB-4207-AD3A-0D2F746BEBDB,3,BLANK,0,0,1,0,0,0
1732,E3B92815-9A51-4AE5-A382-30EF5D123388,,282.325,282.325,,,05C19287-CDFB-4207-AD3A-0D2F746BEBDB,0,BLANK,0,0,1,0,0,0
1733,8130FD8D-19AA-44D0-ABFF-49874D9184D8,,124.3,124.3,,,131D7D47-B203-4EC2-BB4B-30E30738E017,0,BLANK,0,0,0,1,0,0
1734,169D2783-161C-48AF-AAB8-5F449F4D8DEB,,133.225,133.225,,,131D7D47-B203-4EC2-BB4B-30E30738E017,3,BLANK,0,0,0,1,0,0
1735,46638399-55FB-4D2A-B415-8E4E7C439DCB,,135.05,135.05,,,131D7D47-B203-4EC2-BB4B-30E30738E017,1,BLANK,0,0,0,1,0,0
1736,A70A67D0-EF4F-4887-B612-4E5725497195,,290.4,290.4,,,131D7D47-B203-4EC2-BB4B-30E30738E017,1,BLANK,0,0,0,1,0,0
1737,B5C36425-61F9-4CDA-A7E4-69E5B752BED8,,346.4,346.4,,,131D7D47-B203-4EC2-BB4B-30E30738E017,3,BLANK,0,0,0,1,0,0
1738,AB7B656E-5421-4E9C-9724-B85401D1E2C6,,120.2,120.2,,,3D80EF31-EA35-49CB-A3E2-A17B637E745A,0,BLANK,0,0,1,1,0,0
1739,0A2E5063-E6FB-4B2E-ABBD-73AEF774229D,,124.975,124.975,,,3D80EF31-EA35-49CB-A3E2-A17B637E745A,3,BLANK,0,0,1,1,0,0
1740,534910E5-8D8A-49C5-98FE-3FF11EC0BFB9,,127.725,127.725,,,3D80EF31-EA35-49CB-A3E2-A17B637E745A,0,BLANK,0,0,1,1,0,0
1741,27FC40DD-60D8-4844-B7E6-2A0CE59527B4,,132.25,132.25,,,3D80EF31-EA35-49CB-A3E2-A17B637E745A,1,BLANK,0,0,1,1,0,0
1742,F6981B96-3A3E-48DD-9A53-F5311FDDD477,,270.25,270.25,,,3D80EF31-EA35-49CB-A3E2-A17B637E745A,0,BLANK,0,0,1,1,0,0
1743,18B87FFF-556A-4EA9-BCA9-DF043C13E0E3,,290.425,290.425,,,3D80EF31-EA35-49CB-A3E2-A17B637E745A,3,BLANK,0,0,1,1,0,0
1744,1A2DEEEB-A84A-45CC-81AB-9310A55E700C,,323.2,323.2,,,3D80EF31-EA35-49CB-A3E2-A17B637E745A,0,BLANK,0,0,1,1,0,0
1745,8878F1B7-0425-4A2A-B4C9-8674EE781743,,127.275,127.275,,,AA88167A-B9BF-4BE9-ABE2-228B44AC58C6,0,BLANK,0,0,1,0,0,0
1746,D3388A7E-9922-4E7E-B3BC-9570F377713D,,133.8,133.8,,,93FF5970-D223-4AB9-95CD-BF9E4CE42EE3,1,BLANK,0,0,0,1,0,0
1747,6B753603-1DF0-42C9-A190-C3980709872E,,360.85,360.85,,,93FF5970-D223-4AB9-95CD-BF9E4CE42EE3,1,BLANK,0,0,0,1,0,0
1748,60347BA4-DB85-4AA8-826A-4BA439DB8310,,132.6,132.6,,,0BC4944D-95C7-4EC9-809C-8EF986A5F7FC,0,BLANK,0,0,1,1,0,0
1749,A3E6A603-9C90-4377-A39E-3E8EA346417E,,133.725,133.725,,,0BC4944D-95C7-4EC9-809C-8EF986A5F7FC,3,BLANK,0,0,1,1,0,0
1750,8AC7D032-C65F-4B0D-A0B2-C596EDE84AE7,,269.3,269.3,,,0BC4944D-95C7-4EC9-809C-8EF986A5F7FC,1,BLANK,0,0,1,1,0,0
1751,450B51ED-749A-4AB9-B44D-4EAE0D4995C7,,290.325,290.325,,,0BC4944D-95C7-4EC9-809C-8EF986A5F7FC,3,BLANK,0,0,1,1,0,0
1752,30E20755-B5BC-4063-817D-79EE91E0705B,,370.9,370.9,,,0BC4944D-95C7-4EC9-809C-8EF986A5F7FC,0,BLANK,0,0,1,1,0,0
1753,179ED3E4-EDFF-4B49-99CB-C3EE8D6D760A,,134,134,,,411733FE-A5A0-43AD-9F5B-FBC5D6584EDC,0,BLANK,0,0,1,1,0,0
1754,17231C89-6B50-40CA-BD59-291C875BA820,,134.675,134.675,,,411733FE-A5A0-43AD-9F5B-FBC5D6584EDC,1,BLANK,0,0,1,1,0,0
1755,3AC9CBC3-39E9-41AC-AC3A-426E8FA708CF,,235.775,235.775,,,411733FE-A5A0-43AD-9F5B-FBC5D6584EDC,1,BLANK,0,0,1,1,0,0
1756,EA02CB5C-E859-4005-9BB3-5632285496AE,,127.35,127.35,,,1F71FCEA-17EF-4950-B829-18F9C8FA3A9B,0,BLANK,0,0,1,0,0,0
1757,CFFDF221-AA89-4347-B0A2-1C5B1D5CD9D1,,134.725,134.725,,,1F71FCEA-17EF-4950-B829-18F9C8FA3A9B,3,BLANK,0,0,1,0,0,0
1758,EDB6E51C-EF1E-460E-A56E-1DD4C8080BDB,,128.35,128.35,,,AF7AFEE7-99D1-4C7F-8F6D-FC4022B0515E,0,BLANK,0,0,1,0,0,0
1759,E70EA651-A3AC-4E7E-ADD3-462BBF17A0DB,,127.7,127.7,,,525971B7-1F64-4009-8F65-5C1191473CFE,0,BLANK,0,0,1,0,0,0
1760,5DC95435-0F32-4A33-A202-9A4F8E1808DA,,132.875,132.875,,,525971B7-1F64-4009-8F65-5C1191473CFE,3,BLANK,0,0,1,0,0,0
1761,D80DB916-9F5B-4DF1-9668-DD872CC4A0CB,,273.575,273.575,,,525971B7-1F64-4009-8F65-5C1191473CFE,3,BLANK,0,0,1,0,0,0
1762,13A7DFC4-B680-40AF-B9DC-931768A6EF4E,,351.825,351.825,,,525971B7-1F64-4009-8F65-5C1191473CFE,0,BLANK,0,0,1,0,0,0
1763,A3EA0AF8-3B9F-4D33-B117-381744048E44,,127.8,127.8,,,FCAA1C68-14D8-488A-803A-8FC31FA9E1A2,0,BLANK,0,0,1,0,0,0
1764,510CAFAB-6693-4750-9206-3DCDBBCEDFC1,,319.1,319.1,,,FCAA1C68-14D8-488A-803A-8FC31FA9E1A2,0,BLANK,0,0,1,0,0,0
1765,DEF287C9-A47E-4A76-9A03-848182AFCA2B,,126.225,126.225,,,2FAEB2A2-1428-4299-88A5-F708615E662C,0,BLANK,0,0,1,0,0,0
1766,46898BF7-95ED-4BBE-B98F-5A060139EEF3,,317.775,317.775,,,2FAEB2A2-1428-4299-88A5-F708615E662C,0,BLANK,0,0,1,0,0,0
1767,E788182F-D520-4157-896F-DFBD33EEDE30,,124.1,124.1,,,33DBAE80-A584-4A30-836D-518F2F83B7B5,0,BLANK,0,0,1,0,0,0
1768,D60F0293-F7FA-46C7-BF6C-C9217532E2EF,,125.675,125.675,,,33DBAE80-A584-4A30-836D-518F2F83B7B5,3,BLANK,0,0,1,0,0,0
1769,9944AB89-1C1E-457F-A97B-9654E88C02E8,,128.35,128.35,,,33DBAE80-A584-4A30-836D-518F2F83B7B5,0,BLANK,0,0,1,0,0,0
1770,0B1357EC-97AD-4746-BC08-EE959D520E21,,273.45,273.45,,,33DBAE80-A584-4A30-836D-518F2F83B7B5,3,BLANK,0,0,1,0,0,0
1771,34EBBD2B-C77A-4751-9AE0-9B7D066E603A,,124.4,124.4,,,7BE90ADB-45B8-4AB7-839D-521358E9B6C3,0,BLANK,0,0,1,0,0,0
1772,7CD5F315-2B19-4AFA-8E40-AB2C54E79176,,322.4,322.4,,,7BE90ADB-45B8-4AB7-839D-521358E9B6C3,0,BLANK,0,0,1,0,0,0
1773,6809FD83-C8BE-4652-953E-38B4369EEBB2,,127.9,127.9,,,74E5D911-03A0-4B1C-B162-2E5252417F7E,0,BLANK,0,0,1,0,0,0
1774,DE8D9D72-FAD2-4DA6-812F-695C87EDC27B,,251.1,251.1,,,74E5D911-03A0-4B1C-B162-2E5252417F7E,0,BLANK,0,0,1,0,0,0
1775,6511CF7A-06BB-487F-A9B8-D477BD2E5070,,128.35,128.35,,,BD31A39F-428A-4C6A-849C-DAFE9B436EAA,0,BLANK,0,0,1,1,1,0
1776,516E03AC-9854-4E9A-9D3D-CCD45B90FDA2,,133.15,133.15,,,BD31A39F-428A-4C6A-849C-DAFE9B436EAA,1,BLANK,0,0,1,1,1,0
1777,E034AA83-F44C-425F-B23A-1F34B81002A4,,355.6,355.6,,,BD31A39F-428A-4C6A-849C-DAFE9B436EAA,1,BLANK,0,0,1,1,1,0
1778,6127E890-D431-4F5F-92A5-333D4F4BAA54,,125.725,125.725,,,7E225CF5-7A53-4C3C-BCEB-31FE8F649B5E,1,BLANK,0,0,1,1,0,0
1779,A8B98BFF-2FFA-4D32-9CA4-388C584C12B1,,126.35,126.35,,,7E225CF5-7A53-4C3C-BCEB-31FE8F649B5E,0,D,0,0,1,1,0,0
1780,1A1AC159-FD17-479A-A7C3-2BE3BEAD48FC,,132.5,132.5,,,7E225CF5-7A53-4C3C-BCEB-31FE8F649B5E,0,D,0,0,1,1,0,0
1781,4124F9B9-863C-49E5-8DB2-90AD7BF7FD6C,,133.55,133.55,,,7E225CF5-7A53-4C3C-BCEB-31FE8F649B5E,1,BLANK,0,0,1,1,0,0
1782,2996CF7C-8B0A-4000-9E60-B7B205721A1C,,134.65,134.65,,,7E225CF5-7A53-4C3C-BCEB-31FE8F649B5E,0,BLANK,0,0,1,1,0,0
1783,AEBC5397-BC38-40B5-A500-0BB53D375E0A,,279.6,279.6,,,7E225CF5-7A53-4C3C-BCEB-31FE8F649B5E,1,BLANK,0,0,1,1,0,0
1784,8834FC62-DA50-4A2E-BF8D-0AF7683DDFE9,,284.7,284.7,,,7E225CF5-7A53-4C3C-BCEB-31FE8F649B5E,0,D,0,0,1,1,0,0
1785,0BD625D1-B7FE-414D-B1B3-1F0F87301204,,290.2,290.2,,,7E225CF5-7A53-4C3C-BCEB-31FE8F649B5E,0,BLANK,0,0,1,1,0,0
1786,F05BC1AF-E886-4489-A02B-BEFCBA902104,,351.9,351.9,,,7E225CF5-7A53-4C3C-BCEB-31FE8F649B5E,1,BLANK,0,0,1,1,0,0
1787,8E3AA928-B5BE-4280-A776-1875E723FBA0,,360.65,360.65,,,7E225CF5-7A53-4C3C-BCEB-31FE8F649B5E,0,BLANK,0,0,1,1,0,0
1788,9A8A0610-4CCE-483B-A982-FADA3CC1B5C1,,127.525,127.525,,,DE124C4B-2E3B-4E50-8934-939E11F470D1,1,BLANK,0,0,0,1,0,0
1789,6539D819-1844-42CC-865F-7367C80AB94D,,134.475,134.475,,,DE124C4B-2E3B-4E50-8934-939E11F470D1,1,BLANK,0,0,0,1,0,0
1790,B305BF8D-9F0C-4B2C-84E2-59D0C87DA89D,,269.05,269.05,,,DE124C4B-2E3B-4E50-8934-939E11F470D1,1,BLANK,0,0,0,1,0,0
1791,94B87E46-E841-43C8-AA71-EE3B0F01105F,,371.85,371.85,,,DE124C4B-2E3B-4E50-8934-939E11F470D1,1,BLANK,0,0,0,1,0,0
1792,0A71927A-BF54-4C1B-B98E-90FF9F5694C5,,124.2,124.2,,,CECC2813-517A-48E1-96B9-0117C59DF945,0,BLANK,0,0,1,1,0,0
1793,2D7A621C-4583-4F28-8628-651284AFD621,,127.35,127.35,,,CECC2813-517A-48E1-96B9-0117C59DF945,1,BLANK,0,0,1,1,0,0
1794,5353DC21-238A-45F6-8151-8231E3F23F17,,135.25,135.25,,,CECC2813-517A-48E1-96B9-0117C59DF945,1,BLANK,0,0,1,1,0,0
1795,05BC8F03-7039-48A9-91AA-D2C08D16D92A,,135.55,135.55,,,CECC2813-517A-48E1-96B9-0117C59DF945,1,BLANK,0,0,1,1,0,0
1796,748E91C2-C6A7-459E-9B04-37D756C8EC3E,,257.675,257.675,,,CECC2813-517A-48E1-96B9-0117C59DF945,1,BLANK,0,0,1,1,0,0
1797,B7C28837-C9CC-44BD-BA2E-DBF15B8F2C6A,,299.2,299.2,,,CECC2813-517A-48E1-96B9-0117C59DF945,1,BLANK,0,0,1,1,0,0
1798,A757D4E1-959D-4DAA-9E2C-8791A33D6776,,343.6,343.6,,,CECC2813-517A-48E1-96B9-0117C59DF945,0,BLANK,0,0,1,1,0,0
1799,2223E2B8-E329-4741-94AB-DD8D43E74ADB,,346.3,346.3,,,CECC2813-517A-48E1-96B9-0117C59DF945,1,BLANK,0,0,1,1,0,0
1800,62CB306B-B838-4603-A5FA-06C2EB78F2BB,,243,243,,,692AA90F-5040-4451-A537-FA0141633656,2,BLANK,0,0,0,1,0,0
1801,537D011C-BC52-40C0-8E6E-C79EB50E1E71,,352.05,352.05,,,692AA90F-5040-4451-A537-FA0141633656,1,BLANK,0,0,0,1,0,0
1802,06DB852C-FCE0-43D6-93C4-F7A0BA5A940F,,377.1,377.1,,,692AA90F-5040-4451-A537-FA0141633656,2,BLANK,0,0,0,1,0,0
1803,98AA6C36-538C-4F4E-AAE6-F7BC93E0409B,,118.025,118.025,,,E9B11E27-35C8-470D-B7D6-7C8EBFC34AD1,1,BLANK,0,0,1,1,0,0
1804,3618F382-844C-4368-8BBC-8AABBA0F9E91,,124.2,124.2,,,E9B11E27-35C8-470D-B7D6-7C8EBFC34AD1,0,BLANK,0,0,1,1,0,0
1805,BA1151D2-CA72-45D9-853B-426170E86A0F,,124.85,124.85,,,E9B11E27-35C8-470D-B7D6-7C8EBFC34AD1,0,BLANK,0,0,1,1,0,0
1806,247BE57F-5612-4EEF-95A5-94967908EB8F,,127.35,127.35,,,E9B11E27-35C8-470D-B7D6-7C8EBFC34AD1,1,BLANK,0,0,1,1,0,0
1807,7934A7F2-9511-4D91-BA44-97C99308F730,,134.65,134.65,,,E9B11E27-35C8-470D-B7D6-7C8EBFC34AD1,0,D,0,0,1,1,0,0
1808,916AA112-CA42-48FD-BCCA-B7125C887896,,317.4,317.4,,,E9B11E27-35C8-470D-B7D6-7C8EBFC34AD1,1,BLANK,0,0,1,1,0,0
1809,F3984DA6-8E82-403C-B948-56125B6C99D6,,319.2,319.2,,,E9B11E27-35C8-470D-B7D6-7C8EBFC34AD1,0,BLANK,0,0,1,1,0,0
1810,C164837D-F70D-4083-B6C4-B17E1D13351D,,343.6,343.6,,,E9B11E27-35C8-470D-B7D6-7C8EBFC34AD1,0,BLANK,0,0,1,1,0,0
1811,2EDAB437-7DDD-4ABB-9302-F02765035E5B,,360.65,360.65,,,E9B11E27-35C8-470D-B7D6-7C8EBFC34AD1,0,D,0,0,1,1,0,0
1812,4974DE7E-FA0B-4C90-9B13-630E7665E7A0,,128.075,128.075,,,AA463AE1-E71A-4DC0-A66C-8549B1B64E51,1,BLANK,0,0,0,1,0,0
1813,4E595E2C-762F-4561-B6AA-CC02F5F1410C,,323.2,323.2,,,AA463AE1-E71A-4DC0-A66C-8549B1B64E51,1,BLANK,0,0,0,1,0,0
1814,3547C8D8-6BC2-4F7B-A82F-EBA57097C5F0,,119.95,119.95,,,E55C1AD9-2943-4D51-9BFA-DBBDD1CAD25F,1,BLANK,0,0,1,1,1,0
1815,5448B951-EC42-4C44-89E6-778F3C7E28C9,,125.275,125.275,,,E55C1AD9-2943-4D51-9BFA-DBBDD1CAD25F,0,BLANK,0,0,1,1,1,0
1816,816C2192-B890-4CCF-8DA5-56CBA708CD24,,133.2,133.2,,,E0E99C91-E615-46A3-ACBD-CE7CC91A81B0,1,BLANK,0,0,1,1,0,0
1817,3DFB4687-7825-4ED5-9F95-BAFA82FB28C8,,319.2,319.2,,,E0E99C91-E615-46A3-ACBD-CE7CC91A81B0,0,BLANK,0,0,1,1,0,0
1818,958B87A6-2E9E-4BE3-BE2C-D7EAF224BFAB,,348.65,348.65,,,E0E99C91-E615-46A3-ACBD-CE7CC91A81B0,1,BLANK,0,0,1,1,0,0
1819,DCA9118E-1D54-4998-8A38-FB2D2B85E30B,,124.625,124.625,,,0929C919-A7E8-4C68-9076-0F8F7550A3C4,0,BLANK,0,0,1,0,0,0
1820,2438F472-C05E-4D4F-98B0-37A631028F34,,377.1,377.1,,,0929C919-A7E8-4C68-9076-0F8F7550A3C4,0,BLANK,0,0,1,0,0,0
1821,DAA5893C-C4D4-4241-8E5E-4A64B43754DD,,121.5,121.5,,,3207B3CA-8765-458C-8CC7-6EC5431C259A,2,BLANK,0,0,1,1,0,0
1822,43944E0C-9EBC-4A2D-B08C-5422F05995B2,,126.35,126.35,,,3207B3CA-8765-458C-8CC7-6EC5431C259A,0,BLANK,0,0,1,1,0,0
1823,C3A401F2-854F-4467-8C0D-F87737601A94,,128.15,128.15,,,3207B3CA-8765-458C-8CC7-6EC5431C259A,0,D,0,0,1,1,0,0
1824,396AE06A-2D44-4C77-9CBE-A281C95B22B8,,133.2,133.2,,,3207B3CA-8765-458C-8CC7-6EC5431C259A,1,BLANK,0,0,1,1,0,0
1825,31A43AF5-7288-4A88-A74B-F2CDD7456AF0,,243,243,,,3207B3CA-8765-458C-8CC7-6EC5431C259A,2,BLANK,0,0,1,1,0,0
1826,D4C547EB-1262-4A79-8C2D-CE069936CFA9,,285.6,285.6,,,3207B3CA-8765-458C-8CC7-6EC5431C259A,0,D,0,0,1,1,0,0
1827,5ACAF7C4-5D9C-41B0-B6C5-4C467B1652D5,,290.2,290.2,,,3207B3CA-8765-458C-8CC7-6EC5431C259A,0,BLANK,0,0,1,1,0,0
1828,44F0D6B3-E35D-4565-B332-0442A30B916C,,348.65,348.65,,,3207B3CA-8765-458C-8CC7-6EC5431C259A,1,BLANK,0,0,1,1,0,0
1829,C4093805-E7B1-4381-8B2A-A1F215DC917C,,126.775,126.775,,,FBF6B7E9-3DD7-4E5E-9EA0-5216CBC6D134,1,BLANK,0,0,0,1,0,0
1830,A284695B-3785-4779-A022-D5CF0E0BF256,,307.8,307.8,,,FBF6B7E9-3DD7-4E5E-9EA0-5216CBC6D134,1,BLANK,0,0,0,1,0,0
1831,AAF73F6C-4CFC-4CA6-9F3C-9A21BFFF90CC,,128.35,128.35,,,6F7C07A3-2A5B-4C9E-8F4D-C6F1FA10C688,0,BLANK,0,0,1,0,0,0
1832,90EF807B-3DAB-4632-9D41-2EAE612A9CAA,,132.4,132.4,,,6F7C07A3-2A5B-4C9E-8F4D-C6F1FA10C688,1,BLANK,0,0,1,0,0,0
1833,7807BA3A-2C39-4CAC-9D80-B6A35D19F428,,239.25,239.25,,,6F7C07A3-2A5B-4C9E-8F4D-C6F1FA10C688,0,BLANK,0,0,1,0,0,0
1834,9C27DD42-40E1-4AC5-9E05-3A662FD0EAD7,,338.3,338.3,,,6F7C07A3-2A5B-4C9E-8F4D-C6F1FA10C688,1,BLANK,0,0,1,0,0,0
1835,3E2FA08D-5468-42CE-9E8F-E33A36798CBE,,128.05,128.05,,,870FF8FE-51A8-4E61-BF6C-CBA87D1D626E,0,BLANK,0,0,1,0,0,0
1836,1D89EC22-FB98-4F39-AAAC-F23C00257926,,306.95,306.95,,,870FF8FE-51A8-4E61-BF6C-CBA87D1D626E,0,BLANK,0,0,1,0,0,0
1837,43D928B5-712F-47FE-A808-EF9C8455A4D8,,128.725,128.725,,,5285B8FB-CB80-4EFE-BD0E-E6EED6F8F675,1,BLANK,0,0,1,1,0,0
1838,82013BB9-C27F-4F9B-A9B0-FF825966338B,,132.25,132.25,,,5285B8FB-CB80-4EFE-BD0E-E6EED6F8F675,0,BLANK,0,0,1,1,0,0
1839,951743DA-8F60-4696-8A2A-32BC0597DF1E,,338.3,338.3,,,A267A467-B418-49B3-8CFB-6B09AF137E66,2,BLANK,0,0,1,1,0,0
1840,71D3FB17-7906-4FA6-ACFC-17B0A4AB48AF,,133.6,133.6,,,F35B8770-3DDA-4AF3-BD22-A3544B0DE261,0,BLANK,0,0,1,0,0,0
1841,1F353AAF-68B5-4365-ADEA-E930DE42E1FD,,269.25,269.25,,,F35B8770-3DDA-4AF3-BD22-A3544B0DE261,0,BLANK,0,0,1,0,0,0
1842,A6A93111-B780-47EB-A4EC-E72A37CE5796,,118.05,118.05,,,E582083C-8A22-46A3-9049-FC80BAB2331A,0,BLANK,0,0,1,0,0,0
1843,7224A85B-1E63-4A19-812C-33F87AA019A9,,363,363,,,E582083C-8A22-46A3-9049-FC80BAB2331A,0,BLANK,0,0,1,0,0,0
1844,C0B37DF1-DC13-4CEF-9AFC-728E3E33E01D,,132.4,132.4,,,3B4E0DDB-7CE1-4FF6-9798-FC5B66E5CC88,2,BLANK,0,0,1,1,0,0
1845,13555E70-7771-4093-A6B4-4F367F6874F5,,133.4,133.4,,,3B4E0DDB-7CE1-4FF6-9798-FC5B66E5CC88,0,BLANK,0,0,1,1,0,0
1846,0EA9DC96-9721-4E8A-8EEB-318EDA0EAD53,,285.4,285.4,,,3B4E0DDB-7CE1-4FF6-9798-FC5B66E5CC88,0,BLANK,0,0,1,1,0,0
1847,7D762C39-1593-42C6-A803-122EF4DFDE86,,338.3,338.3,,,3B4E0DDB-7CE1-4FF6-9798-FC5B66E5CC88,2,BLANK,0,0,1,1,0,0
1848,A7A86124-C302-48F2-BC26-B6C27807BA6D,,364.8,364.8,,,3B4E0DDB-7CE1-4FF6-9798-FC5B66E5CC88,1,BLANK,0,0,1,1,0,0
1849,179C12B1-07F1-4A5A-B4CB-02FE337CAE4F,,125.575,125.575,,,7C108835-5395-4CB2-BE9D-9A38AFF4CA20,0,BLANK,0,0,1,0,0,0
1850,32203199-B651-4E87-B1E0-F1BDDCA1CFE3,,243,243,,,7C108835-5395-4CB2-BE9D-9A38AFF4CA20,2,BLANK,0,0,1,0,0,0
1851,5E898AE4-BE42-46FB-BE07-28A589F532A6,,364.8,364.8,,,7C108835-5395-4CB2-BE9D-9A38AFF4CA20,1,BLANK,0,0,1,0,0,0
1852,F4D931D8-BAC1-4FA4-AC05-9154AC5BF555,,379.275,379.275,,,7C108835-5395-4CB2-BE9D-9A38AFF4CA20,0,BLANK,0,0,1,0,0,0
1853,BB7AFEF4-B29B-4872-8E11-A2D4A4E5E691,,120.275,120.275,,,8DF487D7-C080-4903-9459-67669B056F86,1,BLANK,0,0,1,1,0,0
1854,A3DD1EE7-46C6-41D8-A6B0-F0B80B338AB0,,125.575,125.575,,,8DF487D7-C080-4903-9459-67669B056F86,0,BLANK,0,0,1,1,0,0
1855,A6D8C41A-8B4F-4A78-B3E7-A58914565A69,,127.825,127.825,,,8DF487D7-C080-4903-9459-67669B056F86,0,BLANK,0,0,1,1,0,0
1856,445FF53A-02A7-468F-A31E-74C11DBFF40F,,269.275,269.275,,,8DF487D7-C080-4903-9459-67669B056F86,1,BLANK,0,0,1,1,0,0
1857,B0A1119E-559B-4EFC-896D-2F903097624A,,379.275,379.275,,,8DF487D7-C080-4903-9459-67669B056F86,0,BLANK,0,0,1,1,0,0
1858,FD7D4185-5FF6-4597-9AFB-077943005632,,128.725,128.725,,,9F1CC238-39BE-466E-9278-8198436F9B6A,1,BLANK,0,0,1,1,0,0
1859,AAC0A14D-51A7-458B-9830-A41FA3D37474,,132.25,132.25,,,9F1CC238-39BE-466E-9278-8198436F9B6A,0,BLANK,0,0,1,1,0,0
1860,48098398-36EB-4399-A247-977B7A02E334,,338.35,338.35,,,9F1CC238-39BE-466E-9278-8198436F9B6A,0,BLANK,0,0,1,1,0,0
1861,C4CEE49C-06DF-450C-90A8-4C026509691E,,352,352,,,9F1CC238-39BE-466E-9278-8198436F9B6A,1,BLANK,0,0,1,1,0,0
1862,4308D078-5793-40FF-A9FA-FD2370F3F4FF,,353.5,353.5,,,3C8D52FA-E92A-4CB6-B3DE-36A2AEF08500,2,BLANK,0,0,1,1,0,0
1863,CB7C4688-16B9-4FAE-B148-CCDD0B4F3704,,133.6,133.6,,,46B5C3FF-512F-4699-876D-799C6B3B9DFA,0,BLANK,0,0,1,0,0,0
1864,8B59DDE7-700C-4317-863F-3F0F3A241F12,,269.25,269.25,,,46B5C3FF-512F-4699-876D-799C6B3B9DFA,0,BLANK,0,0,1,0,0,0
1865,DD6482C4-0A80-4441-A462-86FE8CAC10E7,,133.25,133.25,,,BF66B2D7-06C5-4CCA-8A6F-3F58C028AB48,2,BLANK,0,0,1,1,0,0
1866,DCE2E369-E007-48BC-BA8C-939A400FD746,,285.6,285.6,,,BF66B2D7-06C5-4CCA-8A6F-3F58C028AB48,2,BLANK,0,0,1,1,0,0
1867,956D04BA-66FF-4F95-A16A-8221883ECBFF,,126.85,126.85,,,31E1C686-AF7B-495E-A2A0-21F32E5E640F,1,BLANK,0,0,1,1,0,0
1868,A529DD8D-570D-4AD9-8295-98D9219BC7E1,,133.4,133.4,,,31E1C686-AF7B-495E-A2A0-21F32E5E640F,0,BLANK,0,0,1,1,0,0
1869,CA0357DB-0789-4EF1-9ACF-3E32AFCC1712,,285.4,285.4,,,31E1C686-AF7B-495E-A2A0-21F32E5E640F,0,BLANK,0,0,1,1,0,0
1870,F39F7866-D548-49B4-988F-6C2C09979C65,,305.2,305.2,,,31E1C686-AF7B-495E-A2A0-21F32E5E640F,1,BLANK,0,0,1,1,0,0
1871,A826E2D0-6659-4388-BF6C-750C7659E7F7,,119.75,119.75,,,3A806893-7668-4372-B67E-4BA9BEE6A81A,1,BLANK,0,0,1,1,0,0
1872,6D03814E-928F-4C79-88CA-369E641EA2C7,,251.15,251.15,,,3A806893-7668-4372-B67E-4BA9BEE6A81A,1,BLANK,0,0,1,1,0,0
1873,CC99BF0C-5969-4750-9C63-B4E9C7B12545,,125.925,125.925,,,4990E830-48FC-4200-8A1A-080CAE485DC1,1,BLANK,0,0,1,1,0,0
1874,B56A1F55-E17B-4666-8B28-F0DD0C9D5DB7,,127.7,127.7,,,4990E830-48FC-4200-8A1A-080CAE485DC1,0,BLANK,0,0,1,1,0,0
1875,F3EBE7CE-BC96-41DC-B4FB-ACAF325DA028,,133.8,133.8,,,4990E830-48FC-4200-8A1A-080CAE485DC1,0,BLANK,0,0,1,1,0,0
1876,316A0205-A590-4588-990F-4B94024F25A9,,350.35,350.35,,,4990E830-48FC-4200-8A1A-080CAE485DC1,0,BLANK,0,0,1,1,0,0
1877,77E917F9-6F18-470C-B85F-C1BA13DDBB4D,,354.125,354.125,,,4990E830-48FC-4200-8A1A-080CAE485DC1,0,BLANK,0,0,1,1,0,0
1878,D95AFBA9-4687-4069-8573-B628EFBC3F01,,379.25,379.25,,,4990E830-48FC-4200-8A1A-080CAE485DC1,1,BLANK,0,0,1,1,0,0
1879,8FCA3EEA-36F7-4F79-A208-8921BD7473EE,,126.85,126.85,,,315FEC3D-E8FA-424C-B105-8AA8DD84C8C8,0,BLANK,0,0,1,1,0,0
1880,A3279C55-C616-475F-A9AE-C3839E05B225,,305.2,305.2,,,315FEC3D-E8FA-424C-B105-8AA8DD84C8C8,0,BLANK,0,0,1,1,0,0
1881,1E734CDB-EFFA-4B16-A797-C04EBD7015B1,,133.45,133.45,,,CEC04121-2C58-4676-B4C6-E9B2A8A0E4F3,0,BLANK,0,0,1,1,0,0
1882,482DBED6-0266-4D27-839C-CBA843A05469,,134.525,134.525,,,CEC04121-2C58-4676-B4C6-E9B2A8A0E4F3,1,BLANK,0,0,1,1,0,0
1883,776B2D6B-BEA3-4B54-961C-22B5F0F01784,,243,243,,,CEC04121-2C58-4676-B4C6-E9B2A8A0E4F3,2,BLANK,0,0,1,1,0,0
1884,7456FDE5-13C3-4E39-993E-FF30FDB5C921,,317.625,317.625,,,CEC04121-2C58-4676-B4C6-E9B2A8A0E4F3,0,BLANK,0,0,1,1,0,0
1885,9657DA33-98FB-4054-A382-93D01B0947B2,,327.05,327.05,,,CEC04121-2C58-4676-B4C6-E9B2A8A0E4F3,1,BLANK,0,0,1,1,0,0
1886,6A00491E-FCC4-4824-9307-9CB957D14F12,,126.85,126.85,,,1C089ACC-062A-4B70-A46A-7185F7505E66,0,BLANK,0,0,1,0,0,0
1887,3A741E01-D205-4342-A993-2305B0BF1340,,305.2,305.2,,,1C089ACC-062A-4B70-A46A-7185F7505E66,0,BLANK,0,0,1,0,0,0
1888,58DE6B75-A74A-4006-950C-C99F7688118B,,127.925,127.925,,,9E501E37-C6D7-4C43-B32D-4E02522E268E,1,BLANK,0,0,1,1,0,0
1889,FFCB2C27-EAE2-4956-B116-1034B0A19194,,133.45,133.45,,,9E501E37-C6D7-4C43-B32D-4E02522E268E,0,BLANK,0,0,1,1,0,0
1890,213AEE00-D90F-4EEF-B2D6-84E837D8BA33,,134.525,134.525,,,9E501E37-C6D7-4C43-B32D-4E02522E268E,1,BLANK,0,0,1,1,0,0
1891,3CEB52EE-2C92-4013-962B-DCDE840E686E,,317.625,317.625,,,9E501E37-C6D7-4C43-B32D-4E02522E268E,0,BLANK,0,0,1,1,0,0
1892,9E573F69-EC02-48AF-B92B-5FB7BFAC46A8,,327.05,327.05,,,9E501E37-C6D7-4C43-B32D-4E02522E268E,1,BLANK,0,0,1,1,0,0
1893,571A3B6A-EA36-46ED-A572-45C67CD21B7E,,348.725,348.725,,,9E501E37-C6D7-4C43-B32D-4E02522E268E,1,BLANK,0,0,1,1,0,0
1894,FBD0B82B-DA6B-4ECF-8017-C899A779FF97,,132.25,132.25,,,E9F96BE8-DE57-48DD-83CD-31116299E9F1,0,BLANK,0,0,1,0,0,0
1895,165C9172-2FF6-43BE-BB26-CABE93E22E4A,,338.35,338.35,,,E9F96BE8-DE57-48DD-83CD-31116299E9F1,0,BLANK,0,0,1,0,0,0
1896,24239BE7-DD92-4E31-AA7B-589487FFDE3B,,126.525,126.525,,,A55116F3-4CC4-45D8-BAD8-D1E69C8CD248,1,BLANK,0,0,1,0,0,0
1897,6857D166-E1E2-442A-9455-F1DC25E9BCB8,,127.2,127.2,,,A55116F3-4CC4-45D8-BAD8-D1E69C8CD248,0,BLANK,0,0,1,0,0,0
1898,B2181385-F907-49A7-8A2C-993BBC86E2A9,,134.55,134.55,,,A55116F3-4CC4-45D8-BAD8-D1E69C8CD248,0,BLANK,0,0,1,0,0,0
1899,F1B3A19C-4497-46CB-ADB6-75757DDEB6CB,,243,243,,,A55116F3-4CC4-45D8-BAD8-D1E69C8CD248,2,BLANK,0,0,1,0,0,0
1900,4B5FFEE6-3338-416D-9CB0-DB6215B55848,,256.7,256.7,,,A55116F3-4CC4-45D8-BAD8-D1E69C8CD248,0,BLANK,0,0,1,0,0,0
1901,7B72C42F-8718-45E8-8D86-1169FF661799,,257.7,257.7,,,A55116F3-4CC4-45D8-BAD8-D1E69C8CD248,0,BLANK,0,0,1,0,0,0
1902,EDAB3789-70EB-4D2B-87C7-041405C509A4,,285.5,285.5,,,A55116F3-4CC4-45D8-BAD8-D1E69C8CD248,1,BLANK,0,0,1,0,0,0
1903,92891A5B-505A-4800-8ECA-193D425A19ED,,317.75,317.75,,,A55116F3-4CC4-45D8-BAD8-D1E69C8CD248,0,BLANK,0,0,1,0,0,0
1904,85E92685-69F9-4425-AEA7-39DD9B11CAC5,,322.45,322.45,,,A55116F3-4CC4-45D8-BAD8-D1E69C8CD248,0,BLANK,0,0,1,0,0,0
1905,C859798F-370A-4C9C-8C16-5754C3100EC5,,379.25,379.25,,,D0522E4B-2F9E-4BE5-9E3F-4DAA8B86DC94,1,BLANK,0,0,1,0,0,0
1906,070DAA3E-F192-44DF-8F89-2089B02D0329,,124.7,124.7,,,35E84FFC-D613-453C-8D54-8A543B6E0714,2,BLANK,0,0,1,0,1,0
1907,9E2CAC71-CF90-47A3-985E-A3F8290720BE,,126.325,126.325,,,35E84FFC-D613-453C-8D54-8A543B6E0714,1,BLANK,0,0,1,0,1,0
1908,927E9FD5-7548-4938-9AD7-A66DC1F61A9E,,128.175,128.175,,,35E84FFC-D613-453C-8D54-8A543B6E0714,0,BLANK,0,0,1,0,1,0
1909,20429F24-C530-4197-8EAD-88D6A2653000,,132.4,132.4,,,35E84FFC-D613-453C-8D54-8A543B6E0714,0,BLANK,0,0,1,0,1,0
1910,A148ACFE-7372-4632-ADC0-A7B70AC6F230,,133.2,133.2,,,35E84FFC-D613-453C-8D54-8A543B6E0714,0,BLANK,0,0,1,0,1,0
1911,6E922987-B972-415B-9E28-897293880907,,133.85,133.85,,,35E84FFC-D613-453C-8D54-8A543B6E0714,0,BLANK,0,0,1,0,1,0
1912,C8700FD6-9D8F-4182-9952-BDEA1444F71F,,257.725,257.725,,,35E84FFC-D613-453C-8D54-8A543B6E0714,1,BLANK,0,0,1,0,1,0
1913,1B9BCEB6-5D34-49FB-AD8A-01B26A2C2707,,269.05,269.05,,,35E84FFC-D613-453C-8D54-8A543B6E0714,0,BLANK,0,0,1,0,1,0
1914,630BABDF-4A10-4A9C-B065-533BE910663C,,281.5,281.5,,,35E84FFC-D613-453C-8D54-8A543B6E0714,0,BLANK,0,0,1,0,1,0
1915,18F52CCD-A0EC-4CD0-952E-681B49FB5293,,296.7,296.7,,,35E84FFC-D613-453C-8D54-8A543B6E0714,2,BLANK,0,0,1,0,1,0
1916,2B0B2208-D602-423B-8E72-D4470958C232,,319.1,319.1,,,35E84FFC-D613-453C-8D54-8A543B6E0714,0,BLANK,0,0,1,0,1,0
1917,4BD64E71-EA57-4BE6-90D8-D7B111381098,,323,323,,,35E84FFC-D613-453C-8D54-8A543B6E0714,2,BLANK,0,0,1,0,1,0
1918,176ACAB0-E860-448F-AA97-A5FD23571633,,353.9,353.9,,,35E84FFC-D613-453C-8D54-8A543B6E0714,0,BLANK,0,0,1,0,1,0
1919,3294D589-3495-4B61-9958-D8F675FC85A2,,128.225,128.225,,,F96AAA8A-8A68-4E2F-8018-0D7B5FE923D8,1,BLANK,0,0,1,0,0,0
1920,EE985EA7-9C0E-489C-82A8-C317DECACFE1,,125.175,125.175,,,0AD3F5BB-21B3-427E-A14B-0D1291D47D04,1,BLANK,0,0,1,1,0,0
1921,5DD8C5B3-3C9D-4B3D-86BE-2ADFD0BBBE55,,134.9,134.9,,,0AD3F5BB-21B3-427E-A14B-0D1291D47D04,0,BLANK,0,0,1,1,0,0
1922,CE7ED1E6-BD04-453E-A6B3-AD8C3B0EDC07,,269.625,269.625,,,0AD3F5BB-21B3-427E-A14B-0D1291D47D04,1,BLANK,0,0,1,1,0,0
1923,4DDA02DC-93D4-48C6-9578-E6EF45378191,,363.2,363.2,,,0AD3F5BB-21B3-427E-A14B-0D1291D47D04,0,BLANK,0,0,1,1,0,0
1924,0155F7FE-0012-484C-8631-E58BC212CDC8,,127.5,127.5,,,991E0C9E-62D1-4024-88F4-0F9F0D577DA6,0,BLANK,0,0,1,1,0,0
1925,CF8B7EFD-48CE-4BD7-9D9D-EA9081CD9D9B,,133.475,133.475,,,991E0C9E-62D1-4024-88F4-0F9F0D577DA6,1,BLANK,0,0,1,1,0,0
1926,CAF4A73B-13D1-4A6D-A454-CE19737FEE69,,269.4,269.4,,,991E0C9E-62D1-4024-88F4-0F9F0D577DA6,0,BLANK,0,0,1,1,0,0
1927,3D449A78-BD27-4E44-8A4B-E9E848548ACD,,277.4,277.4,,,991E0C9E-62D1-4024-88F4-0F9F0D577DA6,1,BLANK,0,0,1,1,0,0
1928,CC979844-E811-4692-915A-C0C2D963F517,,123.8,123.8,,,93E1D829-E77E-4E6E-8B6F-06B217FC98A3,0,BLANK,0,0,1,0,0,0
1929,2133E0E0-5510-406E-AA40-5E14AE9B3E72,,125.425,125.425,,,93E1D829-E77E-4E6E-8B6F-06B217FC98A3,3,BLANK,0,0,1,0,0,0
1930,70A0248F-551B-412C-BEDC-70A89E2074E3,,307.075,307.075,,,93E1D829-E77E-4E6E-8B6F-06B217FC98A3,3,BLANK,0,0,1,0,0,0
1931,2386FAAE-816F-40AE-A186-3AF0FAF5D07D,,327.125,327.125,,,93E1D829-E77E-4E6E-8B6F-06B217FC98A3,3,BLANK,0,0,1,0,0,0
1932,E71256C3-7F57-439D-B035-CA5D9BED6B2E,,343.7,343.7,,,93E1D829-E77E-4E6E-8B6F-06B217FC98A3,0,BLANK,0,0,1,0,0,0
1933,10EDA337-A699-4477-8F7E-E45F93CF8384,,128.8,128.8,,,E22A3830-DACC-47C2-A18B-8BB8B7FA9327,0,BLANK,0,0,1,1,0,0
1934,C581C25D-F287-4CEA-8BE2-F55D62CA04BF,,127.1,127.1,,,F4E4C6E7-8B0A-429B-8A09-F7BFD5056010,0,D,0,0,1,0,0,0
1935,F359C651-F9E8-46A1-8A51-49DDB5DE65A9,,317.7,317.7,,,F4E4C6E7-8B0A-429B-8A09-F7BFD5056010,0,D,0,0,1,0,0,0
1936,23BBB3E3-2C1A-43EC-BD72-657905E98B59,,126.775,126.775,,,EB201342-FD0E-492C-9600-35BAF11CB6DF,1,BLANK,0,0,0,1,0,0
1937,6D72CFFB-B0F1-4C76-999A-21C8BFE65163,,127.525,127.525,,,EB201342-FD0E-492C-9600-35BAF11CB6DF,1,BLANK,0,0,0,1,0,0
1938,70D5B3D8-3E2F-4CCA-80D5-53F3A14BB516,,307.8,307.8,,,EB201342-FD0E-492C-9600-35BAF11CB6DF,1,BLANK,0,0,0,1,0,0
1939,219DFF7B-7B92-4551-8CA4-E67E8B8C44B6,,371.85,371.85,,,EB201342-FD0E-492C-9600-35BAF11CB6DF,1,BLANK,0,0,0,1,0,0
1940,CA9467D6-861E-4D57-B856-F8D52C3B9E7B,,124.625,124.625,,,B78FAD1C-1789-4E9A-8381-26003D17FBD6,2,BLANK,0,0,1,1,0,0
1941,C57BE0D2-4EA3-4AFC-91CD-E4C70F1E85CD,,377.1,377.1,,,B78FAD1C-1789-4E9A-8381-26003D17FBD6,2,BLANK,0,0,1,1,0,0
1942,80F25937-2776-40C4-9E05-54A49DDD8797,,119.95,119.95,,,8F7A1D1E-FF78-4854-A9FE-7C93A2A91E28,1,BLANK,0,0,1,1,0,0
1943,C731F660-1049-464D-A7F0-E1C57C04D5B0,,121.5,121.5,,,8F7A1D1E-FF78-4854-A9FE-7C93A2A91E28,2,BLANK,0,0,1,1,0,0
1944,280C0907-F588-4B6F-B2D5-B056B7703F63,,125.65,125.65,,,8F7A1D1E-FF78-4854-A9FE-7C93A2A91E28,2,BLANK,0,0,1,1,0,0
1945,7EEF9D38-C629-444D-BA23-17BE8F8A2FA7,,128.15,128.15,,,8F7A1D1E-FF78-4854-A9FE-7C93A2A91E28,0,BLANK,0,0,1,1,0,0
1946,152705E5-E71E-4C42-9D9A-1F30A0960291,,128.6,128.6,,,8F7A1D1E-FF78-4854-A9FE-7C93A2A91E28,0,BLANK,0,0,1,1,0,0
1947,D30FDC04-51A1-4488-B88D-1879F5750BD5,,243,243,,,8F7A1D1E-FF78-4854-A9FE-7C93A2A91E28,2,BLANK,0,0,1,1,0,0
1948,7BD6B2E2-EABC-4B74-873B-015BC1588F8C,,277.4,277.4,,,8F7A1D1E-FF78-4854-A9FE-7C93A2A91E28,1,BLANK,0,0,1,1,0,0
1949,B8DF615C-32A5-497B-8360-4502E3F7EF19,,285.6,285.6,,,8F7A1D1E-FF78-4854-A9FE-7C93A2A91E28,0,BLANK,0,0,1,1,0,0
1950,0A553244-F13E-4EF2-B076-23E30F499887,,291.7,291.7,,,8F7A1D1E-FF78-4854-A9FE-7C93A2A91E28,0,BLANK,0,0,1,1,0,0
1951,E74B3DA0-A3DD-4582-9A6D-260CC8397A45,,346.4,346.4,,,8F7A1D1E-FF78-4854-A9FE-7C93A2A91E28,2,BLANK,0,0,1,1,0,0
1952,487BA780-8703-48D0-B36E-76FB544FAFAB,,354.1,354.1,,,8F7A1D1E-FF78-4854-A9FE-7C93A2A91E28,0,BLANK,0,0,1,1,0,0
1953,8D157F3F-852F-422A-93B2-6504AC23B681,,128.375,128.375,,,0D6EA6FF-7577-409C-BAB2-A94DA7FAC781,1,BLANK,0,0,0,1,0,0
1954,42518E1D-1ED5-4D83-86C8-C0FF5CC2AF35,,135.3,135.3,,,0D6EA6FF-7577-409C-BAB2-A94DA7FAC781,1,BLANK,0,0,0,1,0,0
1955,C2F9D535-A0BE-4331-BE40-AB09317B0E8E,,263,263,,,0D6EA6FF-7577-409C-BAB2-A94DA7FAC781,1,BLANK,0,0,0,1,0,0
1956,7ED96ED8-59EA-4063-85DD-01B86E3E8571,,372,372,,,0D6EA6FF-7577-409C-BAB2-A94DA7FAC781,1,BLANK,0,0,0,1,0,0
1957,8240B531-DCDE-4011-BFB0-CD19CC636ADF,,121.5,121.5,,,692AA90F-5040-4451-A537-FA0141633656,2,BLANK,0,0,0,1,0,0
1958,B4D6E57A-EDAF-429F-B5AF-AA1DB06B6AC2,,124.625,124.625,,,692AA90F-5040-4451-A537-FA0141633656,2,BLANK,0,0,0,1,0,0
1959,9184A509-9B02-444A-A18D-DD6A06255254,,132.625,132.625,,,692AA90F-5040-4451-A537-FA0141633656,1,BLANK,0,0,0,1,0,0
1960,979F6D6B-6E5E-4929-B82C-8D9F41744389,,132.85,132.85,,,E55C1AD9-2943-4D51-9BFA-DBBDD1CAD25F,0,BLANK,0,0,1,1,1,0
1961,83900257-1A30-406C-A299-5A6706EC1651,,277.4,277.4,,,E55C1AD9-2943-4D51-9BFA-DBBDD1CAD25F,1,BLANK,0,0,1,1,1,0
1962,AF9E4660-7B5C-4530-B208-0D84123078B6,,322.4,322.4,,,E55C1AD9-2943-4D51-9BFA-DBBDD1CAD25F,0,BLANK,0,0,1,1,1,0
1963,B63A0C58-BF38-4882-8B52-5DB0B183BCDA,,351.7,351.7,,,E55C1AD9-2943-4D51-9BFA-DBBDD1CAD25F,0,BLANK,0,0,1,1,1,0
1964,EFB8C6F3-F64A-401E-B4B6-6BA582FEB469,,126.35,126.35,,,64D25202-5693-41B3-B2BB-F7ECF8E84C67,0,D,0,0,1,0,1,0
1965,9A33DC78-1991-486B-A238-CF83FFFDA602,,290.2,290.2,,,64D25202-5693-41B3-B2BB-F7ECF8E84C67,0,D,0,0,1,0,1,0
1966,0284E9E9-436B-4E02-B015-DD6BAD77FE07,,125.8,125.8,,,2B40EBEE-DD3A-42D2-BD3E-F7041C60C787,0,D,0,0,1,0,1,0
1967,A338488A-CF5E-43A1-BACF-A842004CCBE1,,132.6,132.6,,,2B40EBEE-DD3A-42D2-BD3E-F7041C60C787,0,BLANK,0,0,1,0,1,0
1968,736D2D22-7B58-400C-B799-24CCD8935072,,307.1,307.1,,,2B40EBEE-DD3A-42D2-BD3E-F7041C60C787,0,BLANK,0,0,1,0,1,0
1969,8CF0C108-F361-4913-A4A0-434ECE0F822F,,351.8,351.8,,,2B40EBEE-DD3A-42D2-BD3E-F7041C60C787,0,D,0,0,1,0,1,0
1970,A6301B65-12A7-4ED6-9D9F-DA8A24E7C577,,119.05,119.05,,,84163BF1-5B0E-4E9C-9CA1-8944243720FD,0,D,0,0,1,0,0,0
1971,AE8849B2-27B2-479F-88EA-21A46CBC6BDC,,269.5,269.5,,,84163BF1-5B0E-4E9C-9CA1-8944243720FD,0,D,0,0,1,0,0,0
1972,74258F04-9A2C-4025-88E5-33896D7CE752,,119.05,119.05,,,142EC7CB-7903-4A1A-A968-1F687B2DD2EC,0,D,0,0,1,1,0,0
1973,1525F1DC-EBE1-4AB0-8776-7EB97E0C916B,,126.525,126.525,,,142EC7CB-7903-4A1A-A968-1F687B2DD2EC,1,BLANK,0,0,1,1,0,0
1974,B2C31B07-1314-48E1-8F15-F05E9B0F8787,,132.15,132.15,,,142EC7CB-7903-4A1A-A968-1F687B2DD2EC,1,BLANK,0,0,1,1,0,0
1975,110B7AF3-0716-4A9D-B8E5-66E0DE9F6DFC,,135.5,135.5,,,142EC7CB-7903-4A1A-A968-1F687B2DD2EC,0,D,0,0,1,1,0,0
1976,B059421D-FE06-45EC-A37F-3F5FE1F41D21,,269.5,269.5,,,142EC7CB-7903-4A1A-A968-1F687B2DD2EC,0,D,0,0,1,1,0,0
1977,02D0E074-6722-40C3-9951-D77B078EB7F1,,327.1,327.1,,,142EC7CB-7903-4A1A-A968-1F687B2DD2EC,0,D,0,0,1,1,0,0
1978,6BD5BA39-D722-434B-AE4A-3A88C38AA5F1,,338.3,338.3,,,142EC7CB-7903-4A1A-A968-1F687B2DD2EC,1,BLANK,0,0,1,1,0,0
1979,F57EC46C-25A7-4176-A192-CE3363C18AEC,,346.3,346.3,,,142EC7CB-7903-4A1A-A968-1F687B2DD2EC,1,BLANK,0,0,1,1,0,0
1980,1FFFF215-D0B9-4A6A-8E35-3821D4E2F8A6,,134.575,134.575,,,1E0392D7-CBAA-438F-8C54-6A5144BC7D84,0,BLANK,0,0,1,0,0,0
1981,04057A2A-6C61-40F8-9ED7-05ECD78BA537,,354.1,354.1,,,1E0392D7-CBAA-438F-8C54-6A5144BC7D84,0,BLANK,0,0,1,0,0,0
1982,D1B998F3-6063-4A3B-9650-08D1F67F4D33,,124.85,124.85,,,E0E99C91-E615-46A3-ACBD-CE7CC91A81B0,0,BLANK,0,0,1,1,0,0
1983,EDEE0F1D-A6E4-4C98-8CD9-D101B39B2190,,243,243,,,5285B8FB-CB80-4EFE-BD0E-E6EED6F8F675,2,BLANK,0,0,1,1,0,0
1984,C2CFFA4B-9D5A-4E20-8192-2807EFB8EB07,,338.35,338.35,,,5285B8FB-CB80-4EFE-BD0E-E6EED6F8F675,0,BLANK,0,0,1,1,0,0
1985,13E82BA2-F6CA-4DDE-96BE-D34615E41CF8,,352,352,,,5285B8FB-CB80-4EFE-BD0E-E6EED6F8F675,1,BLANK,0,0,1,1,0,0
1986,4C3DA21C-69D8-4223-94DF-548D3525A180,,128.35,128.35,,,8ADEBBE2-31B1-41B8-A0AA-A7D8D16A6C76,0,BLANK,0,0,1,0,0,0
1987,B6D3C6FD-AA5F-4E9E-A067-9E388883DEF2,,239.25,239.25,,,8ADEBBE2-31B1-41B8-A0AA-A7D8D16A6C76,0,BLANK,0,0,1,0,0,0
1988,8EA126A4-E2D6-4731-BF5B-00F1D7936515,,127.75,127.75,,,88961C09-5E91-4284-9810-8F29E29CB649,2,BLANK,0,0,1,1,0,0
1989,A20BC74C-EB0F-404A-AF47-84A3342EFF93,,351.9,351.9,,,88961C09-5E91-4284-9810-8F29E29CB649,2,BLANK,0,0,1,1,0,0
1990,9C860FF1-6489-4C06-B9E7-9DDD4EE115B0,,128.35,128.35,,,3CC51CC5-134E-4AC0-9B01-DAEF1AE188A6,0,BLANK,0,0,1,0,0,0
1991,9113F0AD-616E-4BF1-8B46-A404D38ACA71,,239.25,239.25,,,3CC51CC5-134E-4AC0-9B01-DAEF1AE188A6,0,BLANK,0,0,1,0,0,0
1992,6DD7CD35-3675-4B9B-BA92-DECBA4540AA3,,364.8,364.8,,,3CC51CC5-134E-4AC0-9B01-DAEF1AE188A6,1,BLANK,0,0,1,0,0,0
1993,3C0556B0-609D-45BE-B363-525900BF736A,,118.05,118.05,,,0F9F865C-6A64-484E-8CDE-5309CC8CC388,0,BLANK,0,0,1,1,0,0
1994,C4405D2A-C51D-459C-B5C9-97B8D8A6B716,,121.15,121.15,,,0F9F865C-6A64-484E-8CDE-5309CC8CC388,1,BLANK,0,0,1,1,0,0
1995,F8AF2F1A-1E2B-4049-88F9-AE8E97E3FC5A,,363,363,,,0F9F865C-6A64-484E-8CDE-5309CC8CC388,0,BLANK,0,0,1,1,0,0
1996,B54C9D30-499E-43BF-A82E-537670210D73,,379.1,379.1,,,0F9F865C-6A64-484E-8CDE-5309CC8CC388,1,BLANK,0,0,1,1,0,0
1997,A692FA02-E346-4BAA-B331-262693204E33,,133.25,133.25,,,48208F72-18BB-4659-9985-96149FFC9D36,2,BLANK,0,0,1,1,0,0
1998,9D3A26B5-9C90-4599-873C-82345C5F50DC,,285.6,285.6,,,48208F72-18BB-4659-9985-96149FFC9D36,2,BLANK,0,0,1,1,0,0
1999,A883E586-7B4A-4671-9DDC-F7C89AE13C93,,353.5,353.5,,,48208F72-18BB-4659-9985-96149FFC9D36,2,BLANK,0,0,1,1,0,0
2000,A0A2CE23-2587-453D-9288-DD836219294F,,364.8,364.8,,,48208F72-18BB-4659-9985-96149FFC9D36,1,BLANK,0,0,1,1,0,0
2001,5DF9F9C7-E65C-46E2-AB35-1F513CFFD2AA,,132.4,132.4,,,A267A467-B418-49B3-8CFB-6B09AF137E66,2,BLANK,0,0,1,1,0,0
2002,77AA5280-3A9D-44DE-9F2B-A740ECAE462F,,364.8,364.8,,,9F1CC238-39BE-466E-9278-8198436F9B6A,1,BLANK,0,0,1,1,0,0
2003,A0E804BD-EC8D-469C-81E8-9DC477352045,,133.45,133.45,,,A9F6FF3C-E228-410F-998F-834DE2FE2475,0,BLANK,0,0,1,0,0,0
2004,C6BCC356-1732-4524-915A-B8F8755BE4B9,,317.625,317.625,,,A9F6FF3C-E228-410F-998F-834DE2FE2475,0,BLANK,0,0,1,0,0,0
2005,729D1EA5-F67F-44E3-A6FA-CF0038A32973,,127.825,127.825,,,A62D5068-7C2C-4FB7-97F8-E390D9E50904,1,BLANK,0,0,1,1,0,0
2006,5F76CF99-EFFF-46E1-8A04-8B16B68A263C,,133.9,133.9,,,A62D5068-7C2C-4FB7-97F8-E390D9E50904,0,BLANK,0,0,1,1,0,0
2007,2164CE4E-9195-4043-A922-810D98AD5E25,,135.775,135.775,,,A62D5068-7C2C-4FB7-97F8-E390D9E50904,1,BLANK,0,0,1,1,0,0
2008,42F78603-C2C7-4375-99B8-95043AE5F1D3,,257.7,257.7,,,A62D5068-7C2C-4FB7-97F8-E390D9E50904,1,BLANK,0,0,1,1,0,0
2009,963DA6F5-2805-4C11-85C5-D9662CAA396D,,370.85,370.85,,,A62D5068-7C2C-4FB7-97F8-E390D9E50904,0,BLANK,0,0,1,1,0,0
2010,C4F778C4-DBF5-4957-BC5F-F5837A75E253,,119.95,119.95,,,5FB5D357-CDA0-4702-9828-7B8C2BEF843B,2,BLANK,0,0,1,1,0,0
2011,44259001-6180-49A1-A5C2-19838646DE51,,127.7,127.7,,,5FB5D357-CDA0-4702-9828-7B8C2BEF843B,0,BLANK,0,0,1,1,0,0
2012,FC6D51B9-E33A-4CC7-9D54-EC8FAD06DE01,,135.775,135.775,,,5FB5D357-CDA0-4702-9828-7B8C2BEF843B,1,BLANK,0,0,1,1,0,0
2013,92FDEE1D-1601-4C86-8379-5741B380A7AA,,257.7,257.7,,,5FB5D357-CDA0-4702-9828-7B8C2BEF843B,1,BLANK,0,0,1,1,0,0
2014,72F61AF0-17B6-46D5-93C2-61A9793E9F23,,354.125,354.125,,,5FB5D357-CDA0-4702-9828-7B8C2BEF843B,0,BLANK,0,0,1,1,0,0
2015,2FB95243-3507-4AC4-BBEF-073A4F22C004,,364.8,364.8,,,5FB5D357-CDA0-4702-9828-7B8C2BEF843B,1,BLANK,0,0,1,1,0,0
2016,C3298CC4-B584-4491-8EC1-0935FCF980BE,,377.15,377.15,,,5FB5D357-CDA0-4702-9828-7B8C2BEF843B,0,BLANK,0,0,1,1,0,0
2017,C9A3982A-5038-4E06-B723-F82AE3CC2DA6,,126.85,126.85,,,BDD723DC-DEC1-486B-9E14-5F29B5AB764F,0,BLANK,0,0,1,0,0,0
2018,FC788B6E-F375-4DD2-873C-511FC0EA840C,,305.2,305.2,,,BDD723DC-DEC1-486B-9E14-5F29B5AB764F,0,BLANK,0,0,1,0,0,0
2019,E319F1FB-4D52-49F5-A409-1E8134198E43,,128.55,128.55,,,99A832A7-E2FB-4716-B57A-740A1631C2A9,2,BLANK,0,0,1,1,0,0
2020,08A2531D-DAE1-410B-AE09-FA7A5BD75AF4,,269.175,269.175,,,99A832A7-E2FB-4716-B57A-740A1631C2A9,2,BLANK,0,0,1,1,0,0
2021,E19EC9B5-F355-4EBA-B7B7-77703B3E7504,,119.75,119.75,,,A00C084B-1A6B-4C72-87DF-590138146D01,1,BLANK,0,0,1,1,0,0
2022,3BB1E30B-C037-4B32-96AB-E6AE0B25BEA6,,133.4,133.4,,,A00C084B-1A6B-4C72-87DF-590138146D01,0,BLANK,0,0,1,1,0,0
2023,B866E3B6-9619-4CDC-A336-60CDBDC864DE,,251.15,251.15,,,A00C084B-1A6B-4C72-87DF-590138146D01,1,BLANK,0,0,1,1,0,0
2024,18DD7219-5657-4A7E-AAD9-17DA045F7166,,285.4,285.4,,,A00C084B-1A6B-4C72-87DF-590138146D01,0,BLANK,0,0,1,1,0,0
2025,B41CE41B-0B59-432D-A029-1F77CBF853DA,,124.35,124.35,,,3C8D52FA-E92A-4CB6-B3DE-36A2AEF08500,2,BLANK,0,0,1,1,0,0
2026,B297DD3F-642E-4126-8387-D6EAF27DF907,,364.8,364.8,,,315FEC3D-E8FA-424C-B105-8AA8DD84C8C8,1,BLANK,0,0,1,1,0,0
2027,EFCA79A8-D37F-453F-B5AE-3390DBE50EEB,,119.95,119.95,,,A117A558-D1FA-4B4A-81B6-79AC88521198,2,BLANK,0,0,1,1,0,0
2028,C317D2DB-3786-40DF-8075-546E1F6C5A24,,135.775,135.775,,,A117A558-D1FA-4B4A-81B6-79AC88521198,1,BLANK,0,0,1,1,0,0
2029,42148758-BA7D-4E4C-865C-F4B2EC4E1E8B,,257.7,257.7,,,A117A558-D1FA-4B4A-81B6-79AC88521198,1,BLANK,0,0,1,1,0,0
2030,895542AA-0776-4177-8FE2-629AE4F18827,,377.15,377.15,,,A117A558-D1FA-4B4A-81B6-79AC88521198,2,BLANK,0,0,1,1,0,0
2031,6CCAD408-C962-4806-A634-197C609F2222,,121.15,121.15,,,DD57D023-AA35-408D-AE20-10EC79CE488B,1,BLANK,0,0,1,1,0,0
2032,8C6C788F-5706-47F1-807F-45B382FCCA53,,128.05,128.05,,,DD57D023-AA35-408D-AE20-10EC79CE488B,0,BLANK,0,0,1,1,0,0
2033,F232AE0E-9B81-4DB1-B4EE-41258F4248C6,,306.95,306.95,,,DD57D023-AA35-408D-AE20-10EC79CE488B,0,BLANK,0,0,1,1,0,0
2034,A4C41A53-927E-415A-A5C6-F69CDE95F9B6,,379.1,379.1,,,DD57D023-AA35-408D-AE20-10EC79CE488B,1,BLANK,0,0,1,1,0,0
2035,93680FE9-8520-406D-A9C1-93FA3D47F150,,132.4,132.4,,,8ACE1C07-CF71-442A-A1E6-A0DA2405C965,2,BLANK,0,0,1,1,0,0
2036,937C38BD-63DB-4250-9F36-7E15FED45F2B,,338.3,338.3,,,8ACE1C07-CF71-442A-A1E6-A0DA2405C965,2,BLANK,0,0,1,1,0,0
2037,FDAB0923-EB15-4F43-97AB-1081A9A9742B,,127.75,127.75,,,F371D501-B65F-4037-8781-576D4E20AC19,2,BLANK,0,0,1,1,0,0
2038,4CB9D4C6-BBB5-449C-A678-9A93D42E826A,,351.9,351.9,,,F371D501-B65F-4037-8781-576D4E20AC19,2,BLANK,0,0,1,1,0,0
2039,5E61CED5-435D-46DB-8A03-A65B49AC343C,,121.15,121.15,,,51B6703B-3802-4E39-9DCC-C40AD80BFCA2,1,BLANK,0,0,1,1,0,0
2040,3F010BB7-2D90-4B22-B0FF-B13D24B0D022,,128.05,128.05,,,51B6703B-3802-4E39-9DCC-C40AD80BFCA2,0,BLANK,0,0,1,1,0,0
2041,73F85ECF-A858-4ACB-9B7D-DB11CAB14544,,306.95,306.95,,,51B6703B-3802-4E39-9DCC-C40AD80BFCA2,0,BLANK,0,0,1,1,0,0
2042,A3496228-8B0F-4544-B5DB-404F7C7224FB,,364.8,364.8,,,51B6703B-3802-4E39-9DCC-C40AD80BFCA2,1,BLANK,0,0,1,1,0,0
2043,E73A125F-3A1C-465F-BBDC-CADCCE9BDB98,,379.1,379.1,,,51B6703B-3802-4E39-9DCC-C40AD80BFCA2,1,BLANK,0,0,1,1,0,0
2044,82BE6ADF-B694-4A1B-A886-CA62A5B26A9F,,127.925,127.925,,,AA2A64E2-B217-442F-9394-18743994B5DA,1,BLANK,0,0,1,1,0,0
2045,36E715C0-348B-40AF-9095-196D16026D30,,133.9,133.9,,,AA2A64E2-B217-442F-9394-18743994B5DA,0,BLANK,0,0,1,1,0,0
2046,8014F9FC-1417-4815-90A2-B9E8D0548D3C,,348.725,348.725,,,AA2A64E2-B217-442F-9394-18743994B5DA,1,BLANK,0,0,1,1,0,0
2047,352B6FAF-6A2A-4EB5-BD40-C1CED95F5C54,,370.85,370.85,,,AA2A64E2-B217-442F-9394-18743994B5DA,0,BLANK,0,0,1,1,0,0
2048,3927E0DE-AC2D-46F4-ABA3-008E76923660,,133.275,133.275,,,0D558491-30CC-4396-BED9-302703112927,0,BLANK,0,0,1,0,0,0
2049,BDA82C1F-36DD-45F4-AB3F-43325D716A3A,,134.75,134.75,,,0D558491-30CC-4396-BED9-302703112927,0,BLANK,0,0,1,0,0,0
2050,2496803F-CF5A-4C93-9F0F-D1D0466C3CF0,,322.5,322.5,,,0D558491-30CC-4396-BED9-302703112927,0,BLANK,0,0,1,0,0,0
2051,FF1C33B4-3E29-46FB-BBBE-428E6995B59A,,335.5,335.5,,,0D558491-30CC-4396-BED9-302703112927,0,BLANK,0,0,1,0,0,0
2052,DBBD9173-9975-4072-B040-535435ADA123,,124.75,124.75,,,7C339451-1DB5-4FC5-8C22-4DE6B3A1E49A,2,BLANK,0,0,1,1,0,0
2053,A1404233-A91E-4B14-99F6-2F2AFA19F58C,,132.2,132.2,,,7C339451-1DB5-4FC5-8C22-4DE6B3A1E49A,2,BLANK,0,0,1,1,0,0
2054,4F4AF961-B937-4607-A6B0-05AFE9842CA5,,133.5,133.5,,,7C339451-1DB5-4FC5-8C22-4DE6B3A1E49A,0,BLANK,0,0,1,1,0,0
2055,79CAAD47-4888-4553-AD6B-92E1AA38637C,,306.9,306.9,,,7C339451-1DB5-4FC5-8C22-4DE6B3A1E49A,2,BLANK,0,0,1,1,0,0
2056,2D1E1AE0-E79C-46FE-AC84-212A2CE3FF4E,,323.1,323.1,,,7C339451-1DB5-4FC5-8C22-4DE6B3A1E49A,2,BLANK,0,0,1,1,0,0
2057,FE7582FD-0F74-410F-ADC7-9F3F56F7A9EF,,119.825,119.825,,,D0522E4B-2F9E-4BE5-9E3F-4DAA8B86DC94,1,BLANK,0,0,1,0,0,0
2058,2081E967-F95D-4743-8CA7-9505A7DCE174,,128.65,128.65,,,D0522E4B-2F9E-4BE5-9E3F-4DAA8B86DC94,1,BLANK,0,0,1,0,0,0
2059,762D3507-F564-4A7C-A9BB-A55EC1140758,,269.3,269.3,,,D0522E4B-2F9E-4BE5-9E3F-4DAA8B86DC94,0,BLANK,0,0,1,0,0,0
2060,14BD8B80-0F64-40AC-AC07-B8D317C91042,,343.7,343.7,,,D0522E4B-2F9E-4BE5-9E3F-4DAA8B86DC94,1,BLANK,0,0,1,0,0,0
2061,E3984B41-C608-4C3E-A3C2-BA8E7BB2EC26,,348.7,348.7,,,D0522E4B-2F9E-4BE5-9E3F-4DAA8B86DC94,1,BLANK,0,0,1,0,0,0
2062,537BEDC1-E5E8-414B-BAA8-6BE53FFB72F9,,132.35,132.35,,,F96AAA8A-8A68-4E2F-8018-0D7B5FE923D8,0,BLANK,0,0,1,0,0,0
2063,0FF6094A-0F06-476F-9222-1BDED75EA323,,133.9,133.9,,,F96AAA8A-8A68-4E2F-8018-0D7B5FE923D8,1,BLANK,0,0,1,0,0,0
2064,099A0C7C-7061-42B9-83C8-6C4F13B1FC54,,285.45,285.45,,,F96AAA8A-8A68-4E2F-8018-0D7B5FE923D8,0,BLANK,0,0,1,0,0,0
2065,FAE0CA5D-15E6-4BCC-B144-D72B33251308,,307.3,307.3,,,F96AAA8A-8A68-4E2F-8018-0D7B5FE923D8,1,BLANK,0,0,1,0,0,0
2066,04E05425-DF0E-4F06-8933-766120E54922,,363.1,363.1,,,F96AAA8A-8A68-4E2F-8018-0D7B5FE923D8,1,BLANK,0,0,1,0,0,0
2067,04B4B661-2BB2-47B6-B2D7-D8D616D79796,,370.875,370.875,,,F96AAA8A-8A68-4E2F-8018-0D7B5FE923D8,2,BLANK,0,0,1,0,0,0
2068,BD9BBDA0-1991-4920-A905-9A22FE0A1236,,377.1,377.1,,,F96AAA8A-8A68-4E2F-8018-0D7B5FE923D8,0,BLANK,0,0,1,0,0,0
2069,79B9385C-5E04-4F0A-A6F8-537745CA1384,,125.075,125.075,,,F8892021-6C53-4FA9-8DB6-4696C09259AE,1,BLANK,0,0,1,0,0,0
2070,DF663781-DA3C-43B9-91D5-42B47E382424,,132.25,132.25,,,F8892021-6C53-4FA9-8DB6-4696C09259AE,0,BLANK,0,0,1,0,0,0
2071,5A9368CD-4F3E-421E-AE02-080467778DC4,,135.7,135.7,,,F8892021-6C53-4FA9-8DB6-4696C09259AE,0,BLANK,0,0,1,0,0,0
2072,CC1131AC-FBB8-4BDA-B760-B22410C8D09E,,319,319,,,F8892021-6C53-4FA9-8DB6-4696C09259AE,1,BLANK,0,0,1,0,0,0
2073,E04E2C60-6C04-4B61-8DB4-10E775853B46,,370.9,370.9,,,F8892021-6C53-4FA9-8DB6-4696C09259AE,0,BLANK,0,0,1,0,0,0
2074,9C4207C1-2281-4B3D-AA38-98270ED92546,,132.15,132.15,,,8C2722A5-B90D-4CB9-B9E8-2065F00F15D7,0,BLANK,0,0,1,0,0,0
2075,69712AEF-003E-46F6-B8E8-4BC7758DE0D5,,133.4,133.4,,,8C2722A5-B90D-4CB9-B9E8-2065F00F15D7,0,BLANK,0,0,1,0,0,0
2076,971F3442-7D0C-4468-93BB-A40AB9270F4D,,135.175,135.175,,,8C2722A5-B90D-4CB9-B9E8-2065F00F15D7,0,BLANK,0,0,1,0,0,0
2077,661DB6B9-C75D-4CB4-9175-99A2535628C3,,263.1,263.1,,,8C2722A5-B90D-4CB9-B9E8-2065F00F15D7,0,BLANK,0,0,1,0,0,0
2078,462B826A-BB91-4738-990A-C7FF2624E10B,,353.6,353.6,,,8C2722A5-B90D-4CB9-B9E8-2065F00F15D7,0,BLANK,0,0,1,0,0,0
2079,0E407D8A-31E7-4FBD-93B1-6192C173B38C,,126.85,126.85,,,462C0793-0A8A-479A-9704-BC1676178DDF,0,BLANK,0,0,1,0,0,0
2080,241FB8F7-4B7A-4691-9F57-E3041CCC98D7,,135.3,135.3,,,462C0793-0A8A-479A-9704-BC1676178DDF,0,BLANK,0,0,1,0,0,0
2081,CC72E325-615A-4D87-91B4-EEC7408DE62D,,281.55,281.55,,,462C0793-0A8A-479A-9704-BC1676178DDF,0,BLANK,0,0,1,0,0,0
2082,5F8C7FFF-A320-4B1A-ACED-F53BEE18E0C5,,335.8,335.8,,,462C0793-0A8A-479A-9704-BC1676178DDF,0,BLANK,0,0,1,0,0,0
2083,2DB979EA-F995-4EF0-8171-6F10752C1454,,127.1,127.1,,,F70658FE-8FAB-4453-9EC6-130865B46AA8,0,BLANK,0,0,1,1,0,0
2084,D1B718BD-8FC7-4B59-BEFD-34F647D52FE7,,134.775,134.775,,,F70658FE-8FAB-4453-9EC6-130865B46AA8,1,BLANK,0,0,1,1,0,0
2085,29E90FE8-E865-42E5-9160-D9420B508B73,,269.4,269.4,,,F70658FE-8FAB-4453-9EC6-130865B46AA8,0,BLANK,0,0,1,1,0,0
2086,9312CBC5-B426-432C-85DA-67441946E2E6,,275.4,275.4,,,F70658FE-8FAB-4453-9EC6-130865B46AA8,0,BLANK,0,0,1,1,0,0
2087,F1430B25-E452-46C3-A070-22717861AB38,,294.7,294.7,,,F70658FE-8FAB-4453-9EC6-130865B46AA8,1,BLANK,0,0,1,1,0,0
2088,702AB4D0-E084-4DD5-BF52-702C7A970D10,,320.4,320.4,,,F70658FE-8FAB-4453-9EC6-130865B46AA8,0,BLANK,0,0,1,1,0,0
2089,6F43F8B0-AC49-4A5E-AC37-32D1B346DCD2,,126.1,126.1,,,5F501D42-9790-4AF9-80F9-8689553B2FD2,0,BLANK,0,0,1,1,0,0
2090,AC55DC2C-C2A9-46FA-B0D6-133C256C48D2,,132.55,132.55,,,5F501D42-9790-4AF9-80F9-8689553B2FD2,1,BLANK,0,0,1,1,0,0
2091,93AE8E22-61E0-45F9-9E90-F249DF6E93DD,,269,269,,,5F501D42-9790-4AF9-80F9-8689553B2FD2,0,BLANK,0,0,1,1,0,0
2092,0CFC1211-6915-4B2F-9A62-7261705CF0D8,,353.8,353.8,,,5F501D42-9790-4AF9-80F9-8689553B2FD2,1,BLANK,0,0,1,1,0,0
2093,3701A5DF-6616-41FA-919C-EA1E81F9873A,,124.925,124.925,,,49C1E2EC-C508-4523-B164-CBBE4874A2F6,1,BLANK,0,0,1,1,0,0
2094,CAF1C584-2BD3-403B-AF15-AE64FCA53D57,,133.075,133.075,,,49C1E2EC-C508-4523-B164-CBBE4874A2F6,1,BLANK,0,0,1,1,0,0
2095,CAC338D7-50E4-4C4D-B7FB-321CBEE9B2DA,,135.875,135.875,,,49C1E2EC-C508-4523-B164-CBBE4874A2F6,0,BLANK,0,0,1,1,0,0
2096,D13213DA-4856-42B8-B401-906EDE813ECD,,269.35,269.35,,,49C1E2EC-C508-4523-B164-CBBE4874A2F6,0,BLANK,0,0,1,1,0,0
2097,47B6880C-41D6-4476-A79C-DEBFF568599A,,282.25,282.25,,,49C1E2EC-C508-4523-B164-CBBE4874A2F6,1,BLANK,0,0,1,1,0,0
2098,CF18AC2F-1ACC-4126-8DDD-604F8747AE3F,,322.35,322.35,,,49C1E2EC-C508-4523-B164-CBBE4874A2F6,1,BLANK,0,0,1,1,0,0
2099,4241009F-8AA6-4EC7-A969-C3F990AEB4A3,,124.35,124.35,,,8C2FD4A0-DD6A-4C8E-B43A-E209FDA00081,0,BLANK,0,0,1,1,0,0
2100,270C7BD4-3B37-4F41-8D6A-2AAF822787DF,,126.45,126.45,,,8C2FD4A0-DD6A-4C8E-B43A-E209FDA00081,1,BLANK,0,0,1,1,0,0
2101,44BBE240-AEC4-4B03-BC95-296302FECD8D,,134.65,134.65,,,8C2FD4A0-DD6A-4C8E-B43A-E209FDA00081,0,BLANK,0,0,1,1,0,0
2102,B349AB23-3EDA-4A90-BC93-2B34DC401A2B,,316.15,316.15,,,8C2FD4A0-DD6A-4C8E-B43A-E209FDA00081,0,BLANK,0,0,1,1,0,0
2103,15BB30BD-16A2-4BD0-93A8-DDA3227C5F8A,,318.1,318.1,,,8C2FD4A0-DD6A-4C8E-B43A-E209FDA00081,0,BLANK,0,0,1,1,0,0
2104,2845EB60-8AF6-43DA-A2F2-3EDBA15BD0E1,,354,354,,,8C2FD4A0-DD6A-4C8E-B43A-E209FDA00081,1,BLANK,0,0,1,1,0,0
2105,C3536175-D702-4065-BA5D-25D7C081415E,,118.625,118.625,,,2C73D03F-6203-4443-A341-6B1A264785B3,1,BLANK,0,0,0,1,0,0
2106,CE38D6B9-D24F-45FF-AFC1-749DA4A8D3A7,,133.125,133.125,,,2C73D03F-6203-4443-A341-6B1A264785B3,3,BLANK,0,0,0,1,0,0
2107,1702E375-D010-4791-816B-23ABBEDE4049,,269.9,269.9,,,2C73D03F-6203-4443-A341-6B1A264785B3,1,BLANK,0,0,0,1,0,0
2108,E152440C-E0C0-4286-9B7A-76FB4BBF6893,,317.65,317.65,,,2C73D03F-6203-4443-A341-6B1A264785B3,3,BLANK,0,0,0,1,0,0
2109,59C0FBCA-7F29-4DA7-8CBD-2E2CA1CFBAEC,,322.3,322.3,,,2C73D03F-6203-4443-A341-6B1A264785B3,3,BLANK,0,0,0,1,0,0
2110,3A14C38F-B74C-4158-98B4-DBC6FE6F0517,,125.975,125.975,,,BF5680EA-86C6-4E50-9A0C-FE45D8478063,0,BLANK,0,0,1,1,0,0
2111,2E369AB1-EAEF-4A94-9621-EE856D3BF90C,,128.275,128.275,,,BF5680EA-86C6-4E50-9A0C-FE45D8478063,1,BLANK,0,0,1,1,0,0
2112,1A61ACD4-CCBA-4AC6-B712-DAA7D913D100,,285.4,285.4,,,BF5680EA-86C6-4E50-9A0C-FE45D8478063,1,BLANK,0,0,1,1,0,0
2113,B8E028F3-5137-4345-B57D-23820B7BF49F,,307.275,307.275,,,BF5680EA-86C6-4E50-9A0C-FE45D8478063,1,BLANK,0,0,1,1,0,0
2114,FBFCCDFB-A527-4A51-8242-59A4649348D0,,351.7,351.7,,,BF5680EA-86C6-4E50-9A0C-FE45D8478063,0,BLANK,0,0,1,1,0,0
2115,35C8501A-D598-4285-AE2B-7A56BEA2A083,,118.875,118.875,,,718D567C-C0A9-4D82-B2B5-63840EF4C6DC,1,BLANK,0,0,1,1,0,0
2116,F048514A-14A1-4B0A-9FC1-F5671FDD96C0,,124.125,124.125,,,718D567C-C0A9-4D82-B2B5-63840EF4C6DC,1,BLANK,0,0,1,1,0,0
2117,B0725684-DDD5-49C0-B8F0-FC5BFEFC5E68,,133.85,133.85,,,718D567C-C0A9-4D82-B2B5-63840EF4C6DC,0,BLANK,0,0,1,1,0,0
2118,D84BD772-B577-44A9-B389-8B0502932741,,257.75,257.75,,,718D567C-C0A9-4D82-B2B5-63840EF4C6DC,1,BLANK,0,0,1,1,0,0
2119,8D4BC2E1-D9AF-485B-BFB6-E4296AD99E3C,,127.375,127.375,,,82EBB300-3BA9-4598-A9F1-72D6879D0594,1,BLANK,0,0,1,1,0,0
2120,73AA27AE-63CC-4AAC-B275-3A3052A105BA,,128.5,128.5,,,82EBB300-3BA9-4598-A9F1-72D6879D0594,0,BLANK,0,0,1,1,0,0
2121,82C3971D-3361-4131-943B-28A075A84DD8,,134.4,134.4,,,82EBB300-3BA9-4598-A9F1-72D6879D0594,0,BLANK,0,0,1,1,0,0
2122,35CBE78A-6DEF-4196-A7E9-77AFC61C90A9,,135.9,135.9,,,82EBB300-3BA9-4598-A9F1-72D6879D0594,2,BLANK,0,0,1,1,0,0
2123,958C1678-156B-41F1-B324-442DAE6E94F9,,273.55,273.55,,,82EBB300-3BA9-4598-A9F1-72D6879D0594,2,BLANK,0,0,1,1,0,0
2124,FCE62B78-A11F-42DA-BBBC-1F20E4574AE4,,279.55,279.55,,,82EBB300-3BA9-4598-A9F1-72D6879D0594,0,BLANK,0,0,1,1,0,0
2125,F6E129F8-3779-4CF1-AA8E-97A487F75AE1,,285.55,285.55,,,82EBB300-3BA9-4598-A9F1-72D6879D0594,1,BLANK,0,0,1,1,0,0
2126,EA5B3460-DAAB-4C9A-87E7-2ED2FFBDE35C,,295,295,,,82EBB300-3BA9-4598-A9F1-72D6879D0594,1,BLANK,0,0,1,1,0,0
2127,CA7BD045-18F2-4F7A-A591-E2BC36BA6FC3,,120.075,120.075,,,13B10CB2-D48A-4B10-B716-CF3E9E6BE68A,0,BLANK,0,0,1,1,0,0
2128,C41E6B57-F4EA-4579-AD24-F54C99426910,,132.375,132.375,,,13B10CB2-D48A-4B10-B716-CF3E9E6BE68A,1,BLANK,0,0,1,1,0,0
2129,DDB479E0-C0AC-4CC7-8944-F55888F7F980,,135.225,135.225,,,13B10CB2-D48A-4B10-B716-CF3E9E6BE68A,3,BLANK,0,0,1,1,0,0
2130,08920BD8-6BA6-4CB0-970F-B2E45C20D8F6,,257.6,257.6,,,13B10CB2-D48A-4B10-B716-CF3E9E6BE68A,1,BLANK,0,0,1,1,0,0
2131,CABDACB1-915B-4914-8BE4-10F1E70C6DC2,,289.4,289.4,,,13B10CB2-D48A-4B10-B716-CF3E9E6BE68A,0,BLANK,0,0,1,1,0,0
2132,EF497E4F-15EE-42F5-ABC0-26DB299BB589,,322.3,322.3,,,13B10CB2-D48A-4B10-B716-CF3E9E6BE68A,3,BLANK,0,0,1,1,0,0
2133,D2DD7812-0990-47C0-B675-D6288E66E473,,120.6,120.6,,,09513C12-CEA3-4382-B1C7-E4BD320CBE31,0,BLANK,0,0,1,0,0,0
2134,907987EB-373C-4553-BA97-EF524521B967,,371.9,371.9,,,09513C12-CEA3-4382-B1C7-E4BD320CBE31,0,BLANK,0,0,1,0,0,0
2135,93C96F14-15D2-4791-B958-61C5C24D4E79,,126.1,126.1,,,13DA72DA-B123-4132-A0F2-7CF8AA64C5A1,0,BLANK,0,0,1,1,0,0
2136,72F005A0-2D5F-40D7-87EB-C6CD70975276,,133.4,133.4,,,13DA72DA-B123-4132-A0F2-7CF8AA64C5A1,1,BLANK,0,0,1,1,0,0
2137,2D440DE9-A936-4601-A48A-538C9E6E0A10,,243,243,,,13DA72DA-B123-4132-A0F2-7CF8AA64C5A1,2,BLANK,0,0,1,1,0,0
2138,4D444418-993A-4EB2-A515-445DCE42197E,,269.2,269.2,,,13DA72DA-B123-4132-A0F2-7CF8AA64C5A1,0,BLANK,0,0,1,1,0,0
2139,C20310CD-552A-484E-90C5-FD5971F5FE54,,281.55,281.55,,,13DA72DA-B123-4132-A0F2-7CF8AA64C5A1,1,BLANK,0,0,1,1,0,0
2140,F0FE1209-A9EC-4309-AA5B-751AE45D0BC7,,133.75,133.75,,,4D6B5518-477E-426F-A32B-E695D7DCE590,1,BLANK,0,0,1,1,0,0
2141,66BD0453-BC1A-4B53-8EB5-5F9658474E24,,335.6,335.6,,,4D6B5518-477E-426F-A32B-E695D7DCE590,0,BLANK,0,0,1,1,0,0
2142,1FCF1BC8-62C4-45B2-BB9F-D141F4276E6F,,127.65,127.65,,,9D9D405E-1F43-445C-A391-95999F347CD7,0,BLANK,0,0,1,0,0,0
2143,05A856F1-D3BA-4193-8628-B4DF6C321956,,127.75,127.75,,,6ABC75E3-8413-4A03-8533-43A0340F1B67,0,BLANK,0,0,1,0,0,0
2144,AD7895B6-E6DF-458A-8584-8DB5579A589D,,257.7,257.7,,,6ABC75E3-8413-4A03-8533-43A0340F1B67,0,BLANK,0,0,1,0,0,0
2145,95C40D8A-5817-4E4F-A707-DF26A1E1F020,,127.35,127.35,,,959FA2E3-CCEF-4BDD-93E9-86D4EE714EC8,1,BLANK,0,0,1,1,0,0
2146,DE9CDA33-72CE-4182-9FE8-E4406CF7200D,,278.3,278.3,,,959FA2E3-CCEF-4BDD-93E9-86D4EE714EC8,2,BLANK,0,0,1,1,0,0
2147,8DBBE7DF-3CD7-4557-AAD3-5887AD7D190E,,121.5,121.5,,,58D91B41-0A74-4963-8F26-F4D51089E57F,2,BLANK,0,0,1,0,0,0
2148,82C08F7D-0E86-447B-8569-2A405C380AFF,,243,243,,,58D91B41-0A74-4963-8F26-F4D51089E57F,2,BLANK,0,0,1,0,0,0
2149,F4E1A0CF-1C30-44FE-A85C-1F565A229BE1,,134,134,,,F8E4CBE8-78B5-4B34-ADD9-2B2EDA4E0989,0,BLANK,0,0,1,0,0,0
2150,659801DA-43F1-4894-9936-D30C858E5262,,288.3,288.3,,,F8E4CBE8-78B5-4B34-ADD9-2B2EDA4E0989,0,BLANK,0,0,1,0,0,0
2151,57E45D24-F663-4FE7-9F3C-4778C84BB3F2,,132.15,132.15,,,C0111622-4073-4927-A256-63268913FCBF,1,BLANK,0,0,0,1,0,0
2152,2D12CBEB-EA06-4918-8225-B10685F63CE0,,269.6,269.6,,,C0111622-4073-4927-A256-63268913FCBF,1,BLANK,0,0,0,1,0,0
2153,2A96204F-27E0-41F2-8CD0-44D050FF96BC,,126.05,126.05,,,0F282566-DECF-4B5C-AD58-B548682BFF86,0,BLANK,0,0,1,0,0,0
2154,E7AE5FDC-4AC0-4531-B078-B18E57184AA3,,119.4,119.4,,,D94495DB-48AB-48E5-B389-A771C05D1806,0,BLANK,0,0,1,1,0,0
2155,DBA3A576-6BA4-4CB8-B7FD-304E0DE20311,,135.1,135.1,,,D94495DB-48AB-48E5-B389-A771C05D1806,1,BLANK,0,0,1,1,0,0
2156,1FEB4878-E061-463D-B5A6-F4FBFF12E112,,243,243,,,D94495DB-48AB-48E5-B389-A771C05D1806,1,BLANK,0,0,1,1,0,0
2157,A8FF52D2-A146-469B-BC28-65F01FE35E4E,,278.8,278.8,,,D94495DB-48AB-48E5-B389-A771C05D1806,0,BLANK,0,0,1,1,0,0
2158,5CD98998-D981-49CC-AD37-080897B1E763,,307.2,307.2,,,D94495DB-48AB-48E5-B389-A771C05D1806,1,BLANK,0,0,1,1,0,0
2159,11E64B4C-1B27-4BF6-BA81-78D63A2E3685,,126.45,126.45,,,CA218617-25D0-4FBF-B173-80A0B644E477,0,BLANK,0,0,1,0,0,0
2160,B157E493-505B-4EE5-B513-ED6783FEE0D7,,282.3,282.3,,,D1451BC5-9A41-4BF7-B3DA-ADA06DF69794,1,BLANK,0,0,1,1,0,0
2161,DE6A5D3B-6492-47B5-B00F-20341791281A,,317.7,317.7,,,D1451BC5-9A41-4BF7-B3DA-ADA06DF69794,0,BLANK,0,0,1,1,0,0
2162,8378B4E3-43BE-487F-B0F5-10458BCBE82E,,127.3,127.3,,,421B0E24-B018-4FD1-8DF5-6B710CC6A8A8,0,BLANK,0,0,1,1,0,0
2163,72E33375-1E9D-4CA7-AA52-A66CD91C12E2,,134.25,134.25,,,421B0E24-B018-4FD1-8DF5-6B710CC6A8A8,1,BLANK,0,0,1,1,0,0
2164,4E658EEA-DB8E-437C-A3A4-19C914A11C2D,,127.6,127.6,,,AFB1F1EC-31BF-426F-8B5D-710F01EF1BE4,2,BLANK,0,0,1,1,0,0
2165,AC67B01B-A0B2-49B6-835D-796A2BA984EE,,279.6,279.6,,,AFB1F1EC-31BF-426F-8B5D-710F01EF1BE4,2,BLANK,0,0,1,1,0,0
2166,41FA5106-8607-4134-B607-3A1C17A72A27,,124.4,124.4,,,2C75BF36-132C-4A8A-A880-C3B890E05D7A,0,BLANK,0,0,1,0,0,0
2167,3901B854-0559-4D78-BEB5-878B1239E3CE,,317.7,317.7,,,2C75BF36-132C-4A8A-A880-C3B890E05D7A,0,BLANK,0,0,1,0,0,0
2168,3C303437-41D0-43B0-A31E-ADF9AD5529F4,,124.875,124.875,,,B2135FB9-19FA-43BB-84EB-876F63D84B18,1,BLANK,0,0,1,1,0,0
2169,99C7A7B6-82B6-4D6C-B369-A325C0FE37BA,,128,128,,,B2135FB9-19FA-43BB-84EB-876F63D84B18,0,BLANK,0,0,1,1,0,0
2170,5D6C6AE5-41FD-4CA5-8F1B-018C12801392,,257.95,257.95,,,B2135FB9-19FA-43BB-84EB-876F63D84B18,0,BLANK,0,0,1,1,0,0
2171,110A8A6E-6B98-4B8E-8236-3CE0CE3DEE4B,,353.75,353.75,,,B2135FB9-19FA-43BB-84EB-876F63D84B18,1,BLANK,0,0,1,1,0,0
2172,FE8FCAB3-1BA9-400C-B2A0-29D64EC9D4C4,,119.6,119.6,,,A7E42D98-227E-4837-BD8C-44A5B3A80A28,0,BLANK,0,0,1,1,0,0
2173,4C633E6E-EEA3-47DB-87A3-5FC9F6170E14,,123.975,123.975,,,A7E42D98-227E-4837-BD8C-44A5B3A80A28,1,BLANK,0,0,1,1,0,0
2174,E152C94F-53FB-4994-A622-229C41D907BA,,128.75,128.75,,,A7E42D98-227E-4837-BD8C-44A5B3A80A28,0,BLANK,0,0,1,1,0,0
2175,C13B612F-F331-477B-BC70-27ED60401104,,290.4,290.4,,,A7E42D98-227E-4837-BD8C-44A5B3A80A28,0,BLANK,0,0,1,1,0,0
2176,CC08E60D-DC46-4A36-9724-C52F324D0053,,346.3,346.3,,,A7E42D98-227E-4837-BD8C-44A5B3A80A28,0,BLANK,0,0,1,1,0,0
2177,4E8649CC-0E2C-45EC-8082-C05C33992F47,,125.475,125.475,,,8C3C4F9E-E402-4511-93F2-4DFF4E8200E2,0,BLANK,0,0,1,0,0,0
2178,28572DC2-CF45-40A2-A9F5-B90453E7FF26,,132.35,132.35,,,29F9846E-D741-4192-8CC0-F5ACAC63C65B,0,BLANK,0,0,1,0,0,0
2179,DF2C45CF-7E16-4241-8FE9-6BACC2569A7D,,307.3,307.3,,,29F9846E-D741-4192-8CC0-F5ACAC63C65B,0,BLANK,0,0,1,0,0,0
2180,A7504E78-81EB-4BFB-AF0A-246A2A9B53B5,,134.75,134.75,,,49182299-599E-42D5-8266-52A079E02CD7,0,BLANK,0,0,1,0,0,0
2181,9D9DE188-3D8F-4A97-86C1-B682C8B788C4,,251.1,251.1,,,49182299-599E-42D5-8266-52A079E02CD7,0,BLANK,0,0,1,0,0,0
2182,28C87729-E292-4D11-8ABB-C12DDE545052,,119.725,119.725,,,FDB6CAC0-9868-4991-ACEC-4C84E96288F9,1,BLANK,0,0,1,1,0,0
2183,17F99F67-1D31-4C78-A009-35BEAE942BA9,,363.1,363.1,,,FDB6CAC0-9868-4991-ACEC-4C84E96288F9,1,BLANK,0,0,1,1,0,0
2184,6D8E2986-67F5-47F3-BCB6-B9AD59DBADAF,,132.05,132.05,,,08CAEA99-BB6F-45EB-B618-4AC0D868DECC,0,BLANK,0,0,1,0,0,0
2185,212C91D0-39BC-436E-B0C7-69F88DC2752F,,317.4,317.4,,,08CAEA99-BB6F-45EB-B618-4AC0D868DECC,0,BLANK,0,0,1,0,0,0
2186,83398724-59A3-44A1-BBED-BEFE0514DDFC,,134.85,134.85,,,BDCDF906-703D-4FAA-9450-56B9B6757F53,0,BLANK,0,0,1,1,0,0
2187,CE895246-072C-4D80-BB67-2068CE67B6A7,,135.7,135.7,,,BDCDF906-703D-4FAA-9450-56B9B6757F53,1,BLANK,0,0,1,1,0,0
2188,B8CE2D1E-CE52-4F5D-BFD4-AD22615421A0,,307.9,307.9,,,BDCDF906-703D-4FAA-9450-56B9B6757F53,1,BLANK,0,0,1,1,0,0
2189,A9CC340E-DB54-4DE9-8A0D-B48A27A84EB7,,352,352,,,BDCDF906-703D-4FAA-9450-56B9B6757F53,0,BLANK,0,0,1,1,0,0
2190,BA042BF9-0785-46DA-B8B3-02A023A9D13A,,132.9,132.9,,,96EEA632-3A87-4965-B49D-64EE524173A9,0,BLANK,0,0,1,0,0,0
2191,15B3951D-5287-401E-9709-BA1A85230CC5,,243,243,,,96EEA632-3A87-4965-B49D-64EE524173A9,2,BLANK,0,0,1,0,0,0
2192,CFE318B5-4C7A-4329-A11F-9FBB5ED8C624,,317.45,317.45,,,96EEA632-3A87-4965-B49D-64EE524173A9,1,BLANK,0,0,1,0,0,0
2193,0C13CEE2-B9F1-4E19-93E0-6458F424F928,,338.3,338.3,,,96EEA632-3A87-4965-B49D-64EE524173A9,0,BLANK,0,0,1,0,0,0
2194,3E2E7D1E-8070-4D8B-BCED-9A23F2C91EFC,,128.5,128.5,,,812EC64D-53F2-47C0-A185-827FD8FEA614,0,BLANK,0,0,1,0,0,0
2195,A666F996-C8C3-416E-B7E6-E1F75B42C035,,306.2,306.2,,,812EC64D-53F2-47C0-A185-827FD8FEA614,0,BLANK,0,0,1,0,0,0
2196,6CC4972D-7E4B-498A-81C0-544AD79A3B70,,298.9,298.9,,,9117C6DA-04C8-4425-A1FA-3DFAE0F256CB,1,BLANK,0,0,1,0,0,0
2197,6B694343-1C60-468E-B23C-4983A52AF595,,121.325,121.325,,,1EA4FC55-2599-4094-8589-0701A7B978EB,1,BLANK,0,0,1,0,0,0
2198,38D2932D-2200-47A5-89C0-1619C99DC306,,123.625,123.625,,,1EA4FC55-2599-4094-8589-0701A7B978EB,0,BLANK,0,0,1,0,0,0
2199,28482F10-4814-4E0E-A604-2B24B47E2550,,257.85,257.85,,,D545559E-D102-427A-AE38-6C4B66253AC4,1,BLANK,0,0,1,1,0,0
2200,2A6EA914-22C0-4960-9830-EAD9DFB53109,,281.5,281.5,,,D545559E-D102-427A-AE38-6C4B66253AC4,1,BLANK,0,0,1,1,0,0
2201,51D06F97-354F-49CD-A8B9-A93BD97DAC49,,284.6,284.6,,,D545559E-D102-427A-AE38-6C4B66253AC4,0,BLANK,0,0,1,1,0,0
2202,1DCCE685-6723-4BF2-ACFC-08B4371E9E24,,296.7,296.7,,,D545559E-D102-427A-AE38-6C4B66253AC4,2,BLANK,0,0,1,1,0,0
2203,CA736EE1-A9C5-48A4-B211-B26D878AECA5,,316.1,316.1,,,D545559E-D102-427A-AE38-6C4B66253AC4,0,BLANK,0,0,1,1,0,0
2204,E9E2E386-EB5C-404E-85F9-01D888B6A174,,322.55,322.55,,,D545559E-D102-427A-AE38-6C4B66253AC4,0,BLANK,0,0,1,1,0,0
2205,3DACB944-17A9-4814-9B16-CB5603893F9B,,327,327,,,D545559E-D102-427A-AE38-6C4B66253AC4,0,BLANK,0,0,1,1,0,0
2206,13D19F72-45DB-4D49-AC01-6C43A793A49A,,125.75,125.75,,,1413A9A9-FD8B-489C-8EC1-B43B9CA7EE6C,0,BLANK,0,0,1,0,0,0
2207,64BF5561-38DC-43BC-B766-4768E04765B2,,284.65,284.65,,,1413A9A9-FD8B-489C-8EC1-B43B9CA7EE6C,0,BLANK,0,0,1,0,0,0
2208,68659CE0-92E0-44BD-A37C-A1C50DBF29B2,,121.5,121.5,,,BDC5BA59-6141-466A-9AA8-5CDFF3827F60,2,BLANK,0,0,1,1,0,0
2209,908A954E-80D1-4B49-8853-E35420838A33,,128.8,128.8,,,BDC5BA59-6141-466A-9AA8-5CDFF3827F60,0,BLANK,0,0,1,1,0,0
2210,80E8B879-3AE5-4C58-B178-2CAAF6C3CD98,,134.45,134.45,,,BDC5BA59-6141-466A-9AA8-5CDFF3827F60,1,BLANK,0,0,1,1,0,0
2211,7BAA5D4B-572A-4D7B-843F-D7F75E3CF267,,243,243,,,BDC5BA59-6141-466A-9AA8-5CDFF3827F60,2,BLANK,0,0,1,1,0,0
2212,CCB5D49E-4A38-4F91-8F91-D74FC35F953B,,269.3,269.3,,,BDC5BA59-6141-466A-9AA8-5CDFF3827F60,1,BLANK,0,0,1,1,0,0
2213,9250988B-E3FE-4935-8E11-F3E5B2CCACF6,,285.5,285.5,,,BDC5BA59-6141-466A-9AA8-5CDFF3827F60,0,BLANK,0,0,1,1,0,0
2214,58EAA410-2EA6-47E9-A8DF-32C889E55237,,296.7,296.7,,,BDC5BA59-6141-466A-9AA8-5CDFF3827F60,2,BLANK,0,0,1,1,0,0
2215,AD1F485B-B1DE-4112-B009-D6394A9E5E00,,123.8,123.8,,,A96C9CFB-6349-4EF3-A463-1BA405689378,0,BLANK,0,0,1,1,0,0
2216,C8BA24C1-546D-4461-820C-D7D4A1DF2697,,126.9,126.9,,,A96C9CFB-6349-4EF3-A463-1BA405689378,0,BLANK,0,0,1,1,0,0
2217,E03BC5F8-5882-41C9-9F47-3D660C7E6A5C,,132.8,132.8,,,A96C9CFB-6349-4EF3-A463-1BA405689378,1,BLANK,0,0,1,1,0,0
2218,3F380F41-F44E-4F63-9F90-5180106088CF,,133.7,133.7,,,A96C9CFB-6349-4EF3-A463-1BA405689378,1,BLANK,0,0,1,1,0,0
2219,756B507D-8EED-455C-B6D2-4A3DA030918F,,134.375,134.375,,,A96C9CFB-6349-4EF3-A463-1BA405689378,1,BLANK,0,0,1,1,0,0
2220,2F84361D-BA8E-4FEB-A5FF-BF09FB9E202B,,257.2,257.2,,,A96C9CFB-6349-4EF3-A463-1BA405689378,0,BLANK,0,0,1,1,0,0
2221,AB26901A-32FE-4D2A-987E-0480868E1991,,281.5,281.5,,,A96C9CFB-6349-4EF3-A463-1BA405689378,1,BLANK,0,0,1,1,0,0
2222,1AD8687E-9C38-4943-894F-BA0EFECAB345,,285.4,285.4,,,A96C9CFB-6349-4EF3-A463-1BA405689378,1,BLANK,0,0,1,1,0,0
2223,C16CB51C-65A1-4E54-A9EC-867D8C30AE78,,296.7,296.7,,,A96C9CFB-6349-4EF3-A463-1BA405689378,2,BLANK,0,0,1,1,0,0
2224,70E5E6ED-EC22-4262-902E-D2A22B4AF055,,127.425,127.425,,,16722EF1-046A-4E17-A983-F829F0BF07FC,3,BLANK,0,0,1,0,0,0
2225,52634EC2-369D-4369-B091-68347ECA5037,,132.5,132.5,,,16722EF1-046A-4E17-A983-F829F0BF07FC,0,BLANK,0,0,1,0,0,0
2226,A7257617-437B-4E0E-82D8-857075AC4518,,259.1,259.1,,,16722EF1-046A-4E17-A983-F829F0BF07FC,0,BLANK,0,0,1,0,0,0
2227,2C51CE7C-2E42-4DC4-AC13-8D7ED894E6D2,,298.95,298.95,,,16722EF1-046A-4E17-A983-F829F0BF07FC,3,BLANK,0,0,1,0,0,0
2228,91940A5A-9669-4B94-AB59-F864D8044C53,,126.85,126.85,,,5CB381A8-CA49-4742-B36D-5BA90796654E,0,BLANK,0,0,1,0,0,0
2229,DED72C62-584F-4D12-98F5-19A786616BDF,,133.025,133.025,,,5CB381A8-CA49-4742-B36D-5BA90796654E,3,BLANK,0,0,1,0,0,0
2230,0C999B76-5A56-469A-BDE4-29D52F96648E,,281.55,281.55,,,5CB381A8-CA49-4742-B36D-5BA90796654E,0,BLANK,0,0,1,0,0,0
2231,DCEB7E2B-BD3A-4CFB-A8B9-7A576BA11D78,,284.75,284.75,,,5CB381A8-CA49-4742-B36D-5BA90796654E,3,BLANK,0,0,1,0,0,0
2232,C7DD88B1-7F82-4A7D-818A-3E8E3EE2E9FE,,128.475,128.475,,,7D471E5F-7B92-43C8-9A13-AEDF0617052E,0,BLANK,0,0,1,0,0,0
2233,10786280-3813-4850-9295-59CE02236B48,,377.15,377.15,,,7D471E5F-7B92-43C8-9A13-AEDF0617052E,0,BLANK,0,0,1,0,0,0
2234,4F998DFC-932B-4323-99BC-9FA3B3765547,,120.8,120.8,,,A19F4EA2-AA6F-4F4E-A22E-92DBED2F6F75,0,BLANK,0,0,1,0,0,0
2235,28526C43-BE06-4DC8-983F-F1C0C6504AB1,,307,307,,,A19F4EA2-AA6F-4F4E-A22E-92DBED2F6F75,0,BLANK,0,0,1,0,0,0
2236,1D74935A-91FA-406F-88E2-5ED8EBB4BD37,,132.5,132.5,,,89F41430-E257-486A-B849-BF3ACAFBDAC6,0,BLANK,0,0,1,0,0,0
2237,2543CA3E-4AD4-4695-9EB9-6DBD6EE81D49,,259.1,259.1,,,89F41430-E257-486A-B849-BF3ACAFBDAC6,0,BLANK,0,0,1,0,0,0
2238,624C34CB-271C-41C6-B81B-FB9851F16315,,285.2,285.2,,,89F41430-E257-486A-B849-BF3ACAFBDAC6,1,BLANK,0,0,1,0,0,0
2239,3CA860C7-ECCA-4CAD-9B41-2B58C5D6D4D5,,296.7,296.7,,,89F41430-E257-486A-B849-BF3ACAFBDAC6,1,BLANK,0,0,1,0,0,0
2240,28B52722-2692-44CD-ADFE-37F8FDCC86E4,,125.475,125.475,,,1D9C26A2-CE7E-4C30-9266-DED79CBF5FD6,3,BLANK,0,0,0,1,0,0
2241,40520FAA-FF1D-4FF2-80CA-75B28AB032FE,,132.425,132.425,,,1D9C26A2-CE7E-4C30-9266-DED79CBF5FD6,1,BLANK,0,0,0,1,0,0
2242,A61D5890-91A6-47AB-A627-59947E853ECA,,316.05,316.05,,,1D9C26A2-CE7E-4C30-9266-DED79CBF5FD6,3,BLANK,0,0,0,1,0,0
2243,533B00BE-079A-4B77-BC18-B2E5B7D9A943,,323.25,323.25,,,1D9C26A2-CE7E-4C30-9266-DED79CBF5FD6,1,BLANK,0,0,0,1,0,0
2244,7DAF9D88-7956-4C07-A4E1-EA8D9E6370E5,,269.425,269.425,,,718D567C-C0A9-4D82-B2B5-63840EF4C6DC,1,BLANK,0,0,1,1,0,0
2245,C7DB42FB-410D-4C30-8432-7C4940884A8A,,132.9,132.9,,,C274AEF2-07D0-4741-BD1C-7DFCA4CF4E6F,0,BLANK,0,0,1,0,0,0
2246,8658C248-53F1-4E69-957A-D68D012C12E9,,290.3,290.3,,,C274AEF2-07D0-4741-BD1C-7DFCA4CF4E6F,0,BLANK,0,0,1,0,0,0
2247,579D2504-DE35-4EDE-96BC-D95290EFA0D1,,133.65,133.65,,,73D02480-B0B7-4250-8801-20154DA5F378,0,BLANK,0,0,1,0,0,0
2248,E2B9271C-5DAB-4BB4-A7B4-F397D46440E0,,292.15,292.15,,,73D02480-B0B7-4250-8801-20154DA5F378,0,BLANK,0,0,1,0,0,0
2249,00594539-037F-41FF-8134-8FDE9791D85C,,135.875,135.875,,,4F6653D6-0EDE-4090-A9C2-2AA39E1F524B,0,BLANK,0,0,1,0,0,0
2250,B64E1D94-6CB4-42E7-8422-63B0AE14E172,,269.35,269.35,,,4F6653D6-0EDE-4090-A9C2-2AA39E1F524B,0,BLANK,0,0,1,0,0,0
2251,80B41010-4050-42D3-A101-FF8C570D57AB,,128.475,128.475,,,664F0E16-E930-4D1F-BF0C-E0B3AE23AB37,0,BLANK,0,0,1,0,0,0
2252,5BA73A7C-461F-4421-A04F-9C14FCE211CD,,377.15,377.15,,,664F0E16-E930-4D1F-BF0C-E0B3AE23AB37,0,BLANK,0,0,1,0,0,0
2253,969501CA-6CBA-4B8F-839A-9556F5AA0322,,125.475,125.475,,,3B78F506-D86E-4014-89CC-EA2E00FEFE6D,0,BLANK,0,0,1,0,0,0
2254,7D1538BD-5C35-4CD0-A433-84FB11854E40,,269.45,269.45,,,3B78F506-D86E-4014-89CC-EA2E00FEFE6D,0,BLANK,0,0,1,0,0,0
2255,F51295C0-32AA-43D3-BB52-EFC98E7F7524,,134.75,134.75,,,21767720-8467-476E-B5EB-5DB09E3586A9,0,BLANK,0,0,1,0,0,0
2256,B1213195-43A4-4986-BDA2-466D8CDDA3F4,,251.1,251.1,,,21767720-8467-476E-B5EB-5DB09E3586A9,0,BLANK,0,0,1,0,0,0
2257,F654ED8C-D72A-48E4-B711-F3C3D62CC594,,118.05,118.05,,,FB6A59F3-B832-4290-8EFA-0AA864DE2BFE,0,BLANK,0,0,1,0,0,0
2258,7FE3E761-8C68-4FC0-8A29-AA1906C5A0C1,,239,239,,,FB6A59F3-B832-4290-8EFA-0AA864DE2BFE,0,BLANK,0,0,1,0,0,0
2259,F8671A77-B848-4858-9D92-56C0888CFDC1,,125.5,125.5,,,3FF12C68-348E-4559-8C56-EC4A81F793FE,0,BLANK,0,0,1,0,0,0
2260,8605A494-1E7E-41C4-B8CC-4AEF6D6AEDC0,,323.1,323.1,,,3FF12C68-348E-4559-8C56-EC4A81F793FE,0,BLANK,0,0,1,0,0,0
2261,CAB8E2C2-4A4F-464C-ADEC-99142A9DB9D9,,118.825,118.825,,,7DD322D2-30DD-4FF0-A08D-F7BDB50219C3,1,BLANK,0,0,1,1,0,0
2262,A23EF879-90C1-49CF-8A6A-E715DE6CEF0A,,125.65,125.65,,,7DD322D2-30DD-4FF0-A08D-F7BDB50219C3,0,BLANK,0,0,1,1,0,0
2263,FA08FDDC-1B6F-44C9-8260-E0C66B574B7A,,135.775,135.775,,,7DD322D2-30DD-4FF0-A08D-F7BDB50219C3,1,BLANK,0,0,1,1,0,0
2264,10E21CB1-71A0-45A1-A120-1978CE13282A,,257.875,257.875,,,7DD322D2-30DD-4FF0-A08D-F7BDB50219C3,1,BLANK,0,0,1,1,0,0
2265,5FF1F695-6FF9-49A4-B71C-8F37972FD9F5,,306.95,306.95,,,7DD322D2-30DD-4FF0-A08D-F7BDB50219C3,0,BLANK,0,0,1,1,0,0
2266,6017BBC2-76F5-435A-8977-EBA5773DD22C,,372,372,,,7DD322D2-30DD-4FF0-A08D-F7BDB50219C3,1,BLANK,0,0,1,1,0,0
2267,A6B1A6C8-8878-42DA-9360-7DB047709FF2,,124.25,124.25,,,EAB9D599-98F7-4CC9-844A-E07B55A02770,0,BLANK,0,0,1,0,0,0
2268,501D34F7-F201-4CFB-95A1-1390E3213C36,,127.9,127.9,,,2B4752DF-D906-4473-A1EA-F063FC32A996,0,BLANK,0,0,1,0,0,0
2269,75D34271-FDFC-4C1B-AB60-DBDDBB306580,,134.55,134.55,,,2B4752DF-D906-4473-A1EA-F063FC32A996,2,BLANK,0,0,1,0,0,0
2270,296AFCBE-C41D-44AC-A22E-E4A80C0CC7B5,,281.45,281.45,,,2B4752DF-D906-4473-A1EA-F063FC32A996,0,BLANK,0,0,1,0,0,0
2271,76B660C3-04FC-4102-B9B9-421E3FC46700,,290.5,290.5,,,2B4752DF-D906-4473-A1EA-F063FC32A996,2,BLANK,0,0,1,0,0,0
2272,6FFCAF24-AD12-4050-8781-A4433BE3DCF8,,135.25,135.25,,,7E185AE1-938B-451A-9DA2-7F519EDDC782,0,BLANK,0,0,1,0,0,0
2273,AE9E5744-10EA-4B42-B03D-3A896A2636E8,,256.7,256.7,,,7E185AE1-938B-451A-9DA2-7F519EDDC782,0,BLANK,0,0,1,0,0,0
2274,994D2B77-CADB-4FE2-887A-462713463F9F,,125.3,125.3,,,4D6B5518-477E-426F-A32B-E695D7DCE590,0,BLANK,0,0,1,1,0,0
2275,9DADC855-544B-4486-B98C-A8A5F5620932,,276.4,276.4,,,CA218617-25D0-4FBF-B173-80A0B644E477,0,BLANK,0,0,1,0,0,0
2276,4FEA4613-807D-4FDC-AA35-54C282CFA207,,126.25,126.25,,,E889B333-4BDD-419E-AD17-BC6B1187B360,1,BLANK,0,0,0,1,0,0
2277,0818DCB8-4673-4B8B-BBD5-B314F5AADB72,,339.8,339.8,,,E889B333-4BDD-419E-AD17-BC6B1187B360,1,BLANK,0,0,0,1,0,0
2278,3A80791F-51CC-47EA-91B4-66D826A14180,,120.9,120.9,,,CAF277D9-338A-4295-924C-8DA50C451161,0,BLANK,0,0,1,1,0,0
2279,75E1CA67-5B76-48D8-96B0-1AAA4B0B1F14,,377.1,377.1,,,CAF277D9-338A-4295-924C-8DA50C451161,1,BLANK,0,0,1,1,0,0
2280,90616C96-2DD4-482C-8C0A-637B64FC425E,,121.25,121.25,,,C4AD6579-570B-44CC-9108-41FB2C739EC2,0,BLANK,0,0,1,0,0,0
2281,368D8DAC-632B-417E-B935-A2188A955689,,133.45,133.45,,,C4AD6579-570B-44CC-9108-41FB2C739EC2,1,BLANK,0,0,1,0,0,0
2282,E3AB1C84-F282-4DD1-831E-8688A0D82EA2,,322.5,322.5,,,C4AD6579-570B-44CC-9108-41FB2C739EC2,0,BLANK,0,0,1,0,0,0
2283,7753ED7C-D2A2-438B-878E-53CD8D2B1B97,,133.55,133.55,,,94918EA9-4D53-41F7-89C3-3ECB221D21CD,0,BLANK,0,0,1,0,0,0
2284,D83F2FA7-A53A-43F1-A012-D1DD7CBB966C,,118.85,118.85,,,2389F195-3A6E-470C-B4E4-F65E09A6FF2C,1,BLANK,0,0,1,1,0,0
2285,1C42FAD6-FCBB-4DF5-A719-1D2ED32951EE,,128.6,128.6,,,2389F195-3A6E-470C-B4E4-F65E09A6FF2C,0,BLANK,0,0,1,1,0,0
2286,BCC9CF7A-2298-4F94-B8EE-89737F6C5B21,,363,363,,,2389F195-3A6E-470C-B4E4-F65E09A6FF2C,0,BLANK,0,0,1,1,0,0
2287,BB8BD67B-DA55-4F25-8C1E-35A0952ACC40,,119.525,119.525,,,76AE82FD-D7EA-4D41-9BAF-99513383A82E,1,BLANK,0,0,0,1,0,0
2288,B7904387-B260-46F0-8BC6-BCDE08AD9697,,269.175,269.175,,,76AE82FD-D7EA-4D41-9BAF-99513383A82E,1,BLANK,0,0,0,1,0,0
2289,8905FC98-78FF-41DF-BB93-9174E6727D10,,135,135,,,E14532B8-7803-44B2-83DF-859F1103CDA8,0,BLANK,0,0,1,0,1,0
2290,619B8A8A-91E4-4698-89A8-D4B9FBAF10CC,,306.9,306.9,,,E14532B8-7803-44B2-83DF-859F1103CDA8,0,BLANK,0,0,1,0,1,0
2291,BE2846FA-8505-4C6D-AF8E-7BB9DF6608B7,,126.4,126.4,,,D1451BC5-9A41-4BF7-B3DA-ADA06DF69794,0,BLANK,0,0,1,1,0,0
2292,0E619F8F-8912-4BFB-B444-49E373BC2F4E,,134.225,134.225,,,D1451BC5-9A41-4BF7-B3DA-ADA06DF69794,1,BLANK,0,0,1,1,0,0
2293,1DFF0517-C215-4782-B105-917474D345FD,,269.45,269.45,,,8C3C4F9E-E402-4511-93F2-4DFF4E8200E2,0,BLANK,0,0,1,0,0,0
2294,7CCBDC1C-0271-4E42-B2C7-DFA1365652B7,,132.425,132.425,,,9FD6123E-0564-4065-BA0E-5059A8F346CD,1,BLANK,0,0,1,1,0,0
2295,C61C63AD-D913-4812-BAD1-0F15407E1092,,134.6,134.6,,,9FD6123E-0564-4065-BA0E-5059A8F346CD,0,BLANK,0,0,1,1,0,0
2296,9D3CC16D-FD74-46F8-8CB8-21B0525167CB,,336.4,336.4,,,9FD6123E-0564-4065-BA0E-5059A8F346CD,1,BLANK,0,0,1,1,0,0
2297,FC8ED5F5-BBF4-42FE-8B93-10D33555F819,,354.05,354.05,,,9FD6123E-0564-4065-BA0E-5059A8F346CD,0,BLANK,0,0,1,1,0,0
2298,899EFA74-1460-4726-A81A-C706A7C0B076,,125.1,125.1,,,843F1AC8-0D95-4BE6-90F4-0193850B33BD,0,BLANK,0,0,1,1,0,0
2299,7B518D50-30A0-4E42-A620-2276DD4B0B55,,128.425,128.425,,,843F1AC8-0D95-4BE6-90F4-0193850B33BD,1,BLANK,0,0,1,1,0,0
2300,575264A0-C9DC-4DA5-BD35-409E8FB98274,,243,243,,,843F1AC8-0D95-4BE6-90F4-0193850B33BD,2,BLANK,0,0,1,1,0,0
2301,4244AF66-7655-4B46-BAB4-DCB691FAD7CF,,269.1,269.1,,,843F1AC8-0D95-4BE6-90F4-0193850B33BD,0,BLANK,0,0,1,1,0,0
2302,F2AF655F-2CD2-443F-9E0D-0F89CF485AC3,,284.65,284.65,,,843F1AC8-0D95-4BE6-90F4-0193850B33BD,0,BLANK,0,0,1,1,0,0
2303,92B9C5E5-AC2D-48C3-BCF4-76896461E916,,121.05,121.05,,,2FC43439-CC55-4FD5-994F-722FB1904E87,0,BLANK,0,0,1,0,0,0
2304,B1A86D6F-2444-423B-BB5B-4E7A8B8F382E,,119.875,119.875,,,84C79328-FF84-4EAD-8E11-781E128175E9,1,BLANK,0,0,1,1,0,0
2305,609EB3A8-5F66-4B62-ABEB-05D589F7058D,,127.1,127.1,,,84C79328-FF84-4EAD-8E11-781E128175E9,0,BLANK,0,0,1,1,0,0
2306,5CD3B010-7168-4E8D-9DA8-22E392E76C9A,,133.075,133.075,,,84C79328-FF84-4EAD-8E11-781E128175E9,1,BLANK,0,0,1,1,0,0
2307,8A10C84F-50A3-4CD4-85E2-CC1749986969,,263.05,263.05,,,84C79328-FF84-4EAD-8E11-781E128175E9,1,BLANK,0,0,1,1,0,0
2308,74A2BC93-7395-4848-8055-B73273E953A5,,290.2,290.2,,,84C79328-FF84-4EAD-8E11-781E128175E9,0,BLANK,0,0,1,1,0,0
2309,897DB587-2158-4B3D-B199-D54E0E457E19,,123.725,123.725,,,0C0BAA04-56DB-4040-AAD6-0956B8298AF4,1,BLANK,0,0,1,1,0,0
2310,44E1C7E0-3BFD-4528-8E9F-428B4F7B4BDB,,133.65,133.65,,,0C0BAA04-56DB-4040-AAD6-0956B8298AF4,0,BLANK,0,0,1,1,0,0
2311,EA10C403-6AED-4364-A693-8D4A97EDF775,,281.5,281.5,,,0C0BAA04-56DB-4040-AAD6-0956B8298AF4,0,BLANK,0,0,1,1,0,0
2312,51678DFE-C4B5-48E8-95C3-D13DFA6EBA42,,316.15,316.15,,,0C0BAA04-56DB-4040-AAD6-0956B8298AF4,1,BLANK,0,0,1,1,0,0
2313,6548F4A4-1DCB-4184-B65B-69DA6CBD9905,,120.85,120.85,,,7EE7F308-A419-4EAA-891E-1E7F4D6BEC12,0,BLANK,0,0,1,0,0,0
2314,605120FE-26D2-41A0-8329-405842260ADD,,322.35,322.35,,,7EE7F308-A419-4EAA-891E-1E7F4D6BEC12,0,BLANK,0,0,1,0,0,0
2315,502EC89F-D130-4CF8-95D0-78239F9131B2,,124.2,124.2,,,E6C48D16-BA53-47E3-8D05-3B1D65BA307F,1,BLANK,0,0,1,1,0,0
2316,290CFA5C-35DB-4EDD-99C0-01135F5897EF,,135.25,135.25,,,E6C48D16-BA53-47E3-8D05-3B1D65BA307F,0,BLANK,0,0,1,1,0,0
2317,B88A5784-6584-490D-A913-F3BD95783781,,256.7,256.7,,,E6C48D16-BA53-47E3-8D05-3B1D65BA307F,0,BLANK,0,0,1,1,0,0
2318,9B0559AD-EE47-4173-8788-21BCE273D891,,270.3,270.3,,,E6C48D16-BA53-47E3-8D05-3B1D65BA307F,1,BLANK,0,0,1,1,0,0
2319,C450DE5C-22E5-4C13-87A6-64BD1D9909BB,,354,354,,,F86B3360-C073-4F38-85CB-26996B91EB2B,1,BLANK,0,0,1,1,0,0
2320,F718B65D-7D97-46FB-908B-D6AEC0E0A2E7,,132.2,132.2,,,58352975-3DF2-4F8D-9D6F-0CBFD1D38B29,0,BLANK,0,0,1,0,1,0
2321,7536018D-A906-4339-B845-87A1AFD45890,,133.475,133.475,,,58352975-3DF2-4F8D-9D6F-0CBFD1D38B29,1,BLANK,0,0,1,0,1,0
2322,8F3655EE-93D4-4ADF-8FDF-34F1E88E3D73,,270.3,270.3,,,58352975-3DF2-4F8D-9D6F-0CBFD1D38B29,1,BLANK,0,0,1,0,1,0
2323,87E68FEF-49DB-49ED-A74F-79D65148A51E,,322.4,322.4,,,58352975-3DF2-4F8D-9D6F-0CBFD1D38B29,0,BLANK,0,0,1,0,1,0
2324,9A9B50DD-0968-4D48-A600-BA43AFC3E2FA,,118.975,118.975,,,04FB4D76-A650-4E4C-864F-38D984E8EE51,0,BLANK,0,0,0,1,0,0
2325,E1CD811D-EF80-4A94-A6A7-8523D4973F13,,307.8,307.8,,,04FB4D76-A650-4E4C-864F-38D984E8EE51,0,BLANK,0,0,0,1,0,0
2326,AE7F97ED-911B-4D22-8602-C4AE3FE43CE0,,128.5,128.5,,,9117C6DA-04C8-4425-A1FA-3DFAE0F256CB,0,BLANK,0,0,1,0,0,0
2327,206E3B73-0542-4409-93C1-32D1609A50AB,,132.175,132.175,,,9117C6DA-04C8-4425-A1FA-3DFAE0F256CB,1,BLANK,0,0,1,0,0,0
2328,C2CB4E77-BF8E-4C6B-9B35-3B615AD7864E,,134.45,134.45,,,9117C6DA-04C8-4425-A1FA-3DFAE0F256CB,0,BLANK,0,0,1,0,0,0
2329,9AFDA769-9427-46C2-9CB0-6298139AF255,,128.575,128.575,,,1EA4FC55-2599-4094-8589-0701A7B978EB,1,BLANK,0,0,1,0,0,0
2330,DF0AA85B-5E34-425A-A74B-38BB68B39A12,,269.1,269.1,,,1EA4FC55-2599-4094-8589-0701A7B978EB,1,BLANK,0,0,1,0,0,0
2331,4A59F9C3-DBE6-476B-A6E7-8E6807F3C14E,,273.6,273.6,,,1EA4FC55-2599-4094-8589-0701A7B978EB,1,BLANK,0,0,1,0,0,0
2332,E7A78EF1-5ECE-42D1-8125-7CF858DF7E39,,279.55,279.55,,,1EA4FC55-2599-4094-8589-0701A7B978EB,0,BLANK,0,0,1,0,0,0
2333,DD157811-A302-415C-987C-C259B32C116D,,282.35,282.35,,,1EA4FC55-2599-4094-8589-0701A7B978EB,0,BLANK,0,0,1,0,0,0
2334,2C5F8AE3-BABF-47B6-8002-AB3C924A13D5,,132.875,132.875,,,F23DCB8E-7684-4769-A2FE-AC8C54624DA1,1,BLANK,0,0,1,0,0,0
2335,94668A88-9BEB-4767-BE2B-5E85190AD3D3,,134.8,134.8,,,F23DCB8E-7684-4769-A2FE-AC8C54624DA1,0,BLANK,0,0,1,0,0,0
2336,1DF03749-C9A8-4FD4-A7B2-B3369F05010C,,306.2,306.2,,,F23DCB8E-7684-4769-A2FE-AC8C54624DA1,1,BLANK,0,0,1,0,0,0
2337,14590B56-D401-4548-B9A7-ABCB8AA300C9,,338.3,338.3,,,F23DCB8E-7684-4769-A2FE-AC8C54624DA1,0,BLANK,0,0,1,0,0,0
2338,DAD8E895-449F-4B28-8E6F-3F49CEF2527F,,133.35,133.35,,,09735A1C-077F-4851-9698-D3E0D4494933,0,BLANK,0,0,1,0,0,0
2339,FD487481-B4B9-4D2F-829D-A52A9B80F09A,,372,372,,,09735A1C-077F-4851-9698-D3E0D4494933,0,BLANK,0,0,1,0,0,0
2340,8EDFA580-62BE-41F7-A518-A0763B5BD61A,,124.9,124.9,,,7EF9B386-F4DE-4301-9D5E-C5C9679DA2A2,0,BLANK,0,0,1,0,0,0
2341,A8831924-80E7-461C-BC7F-7BB82E98A67C,,119.75,119.75,,,D545559E-D102-427A-AE38-6C4B66253AC4,1,BLANK,0,0,1,1,0,0
2342,03C6A281-0BC8-4E42-B97D-AE78660A2909,,121.25,121.25,,,D545559E-D102-427A-AE38-6C4B66253AC4,0,BLANK,0,0,1,1,0,0
2343,AA306FE4-89A0-45D4-A1A4-772EB73B487F,,127.95,127.95,,,D545559E-D102-427A-AE38-6C4B66253AC4,0,BLANK,0,0,1,1,0,0
2344,0E4E4BC8-5A51-466C-A5D5-8E3D2C37C73F,,132.95,132.95,,,D545559E-D102-427A-AE38-6C4B66253AC4,1,BLANK,0,0,1,1,0,0
2345,08191F42-7AD7-4FF3-ADCD-9651D1A4756E,,134.375,134.375,,,D545559E-D102-427A-AE38-6C4B66253AC4,1,BLANK,0,0,1,1,0,0
2346,0A677EDE-267E-403B-A336-314361C152D4,,319.1,319.1,,,A96C9CFB-6349-4EF3-A463-1BA405689378,1,BLANK,0,0,1,1,0,0
2347,B538296C-5DFB-4CF1-8CA9-50FBACC50CCB,,353.8,353.8,,,A96C9CFB-6349-4EF3-A463-1BA405689378,0,BLANK,0,0,1,1,0,0
2348,C1EAA849-D597-4E7A-AFAA-0D064271BE08,,119.475,119.475,,,858C03BF-5797-4894-B873-1B2AE4BE9BC7,0,BLANK,0,0,1,1,1,0
2349,E8AF15C6-47B0-4C0A-95CF-DEA8D5781688,,125.45,125.45,,,858C03BF-5797-4894-B873-1B2AE4BE9BC7,0,BLANK,0,0,1,1,1,0
2350,9AC195F3-1628-4F56-ADFD-343808756A70,,127.45,127.45,,,858C03BF-5797-4894-B873-1B2AE4BE9BC7,0,BLANK,0,0,1,1,1,0
2351,50668A6A-316D-4980-B303-8E8A552A0D6C,,134.15,134.15,,,858C03BF-5797-4894-B873-1B2AE4BE9BC7,2,BLANK,0,0,1,1,1,0
2352,416C727C-E4CB-4C35-BD89-EAFECFB71EE4,,225.4,225.4,,,858C03BF-5797-4894-B873-1B2AE4BE9BC7,0,BLANK,0,0,1,1,1,0
2353,37B91CCF-DE95-4A81-AC33-860A604333BA,,307.3,307.3,,,858C03BF-5797-4894-B873-1B2AE4BE9BC7,0,BLANK,0,0,1,1,1,0
2354,8519611E-A2C2-4591-A5B5-EBD3190589A1,,355.6,355.6,,,858C03BF-5797-4894-B873-1B2AE4BE9BC7,2,BLANK,0,0,1,1,1,0
2355,A13344E9-33AF-400B-996B-0F164A24E14E,,357.6,357.6,,,858C03BF-5797-4894-B873-1B2AE4BE9BC7,0,BLANK,0,0,1,1,1,0
2356,331A46F8-1E16-4B54-B081-0F16B53FFD3E,,127.45,127.45,,,B7C19A68-8426-4FCD-B367-F0A846E37905,1,BLANK,0,0,0,1,0,0
2357,DD3100A9-F8C6-4A16-8B70-C3CD972E1C40,,357.6,357.6,,,B7C19A68-8426-4FCD-B367-F0A846E37905,1,BLANK,0,0,0,1,0,0
2358,FA83CE04-49F8-4F32-8620-E0BBE1F87125,,125.75,125.75,,,B0A93675-1BEF-4D5C-BCAE-39816C3F87C4,0,BLANK,0,0,0,1,0,0
2359,B260752B-38A5-45A3-B399-0109247E58D1,,127.175,127.175,,,B0A93675-1BEF-4D5C-BCAE-39816C3F87C4,1,BLANK,0,0,0,1,0,0
2360,EFF8C424-E60E-43FE-A907-8283CF5791DB,,132.05,132.05,,,B0A93675-1BEF-4D5C-BCAE-39816C3F87C4,1,BLANK,0,0,0,1,0,0
2361,5E39EA63-B6EE-4CDE-A7A4-9DE418E1CCCB,,273.45,273.45,,,B0A93675-1BEF-4D5C-BCAE-39816C3F87C4,1,BLANK,0,0,0,1,0,0
2362,36C3926F-8469-4983-9190-9C4A00A24C92,,284.65,284.65,,,B0A93675-1BEF-4D5C-BCAE-39816C3F87C4,0,BLANK,0,0,0,1,0,0
2363,A12F6465-1D6A-4E6C-A88D-FD78AD5F3E35,,323.175,323.175,,,B0A93675-1BEF-4D5C-BCAE-39816C3F87C4,1,BLANK,0,0,0,1,0,0
2364,02847056-7A89-42B2-9A3A-82FF2432B92B,,127.8,127.8,,,2506B84B-C32A-4CF1-A3E1-9E20424C60CD,0,BLANK,0,0,1,0,1,0
2365,B98CD6B3-5300-4AB9-B8BF-3337E5BA1DE7,,296.7,296.7,,,2506B84B-C32A-4CF1-A3E1-9E20424C60CD,1,BLANK,0,0,1,0,1,0
2366,E0F89CC8-3C8F-448D-97EC-D1C5CD31C377,,353.5,353.5,,,2506B84B-C32A-4CF1-A3E1-9E20424C60CD,0,BLANK,0,0,1,0,1,0
2367,EB364010-3459-494C-A1A7-4524F064776D,,128.7,128.7,,,31276E10-AAD2-4D5B-87C3-9C3ACDEBD4B6,0,BLANK,0,0,1,1,0,0
2368,E7FD9E3A-F87B-4A13-8431-C7472A0EE526,,132.8,132.8,,,31276E10-AAD2-4D5B-87C3-9C3ACDEBD4B6,1,BLANK,0,0,1,1,0,0
2369,3F440A6B-7D33-4C6A-8BDC-C459208B67F5,,133.7,133.7,,,31276E10-AAD2-4D5B-87C3-9C3ACDEBD4B6,1,BLANK,0,0,1,1,0,0
2370,32EEB637-5C6F-4C6F-ACE9-34993B5865FD,,134.55,134.55,,,31276E10-AAD2-4D5B-87C3-9C3ACDEBD4B6,1,BLANK,0,0,1,1,0,0
2371,C7D266A7-8FD8-4A6C-9B9E-2C5501A34C34,,257.2,257.2,,,31276E10-AAD2-4D5B-87C3-9C3ACDEBD4B6,0,BLANK,0,0,1,1,0,0
2372,10903BFB-DF11-4070-8405-B464BC296639,,285.4,285.4,,,31276E10-AAD2-4D5B-87C3-9C3ACDEBD4B6,1,BLANK,0,0,1,1,0,0
2373,71C05850-6861-4A3F-B6C7-810CB15D0855,,290.5,290.5,,,31276E10-AAD2-4D5B-87C3-9C3ACDEBD4B6,1,BLANK,0,0,1,1,0,0
2374,42A68F22-7692-45A6-9018-86E12B911D57,,307,307,,,31276E10-AAD2-4D5B-87C3-9C3ACDEBD4B6,0,BLANK,0,0,1,1,0,0
2375,9F4E6717-F94D-4644-9EB2-DC42E70D6820,,319.1,319.1,,,31276E10-AAD2-4D5B-87C3-9C3ACDEBD4B6,1,BLANK,0,0,1,1,0,0
2376,F5F000B2-EA42-4916-8B8D-55E2901665BE,,119.975,119.975,,,8AE7B971-9F69-47B9-95C6-C3051A3270CD,1,BLANK,0,0,0,1,0,0
2377,E118F90D-9CD0-4C7D-81BC-8352A255B798,,132.2,132.2,,,8AE7B971-9F69-47B9-95C6-C3051A3270CD,0,BLANK,0,0,0,1,0,0
2378,DF77AB5E-3AC4-418E-8AE3-670576D7AAAB,,134.975,134.975,,,8AE7B971-9F69-47B9-95C6-C3051A3270CD,1,BLANK,0,0,0,1,0,0
2379,4A63D356-D5B3-419B-A1DD-FE3CA641F0F0,,306.2,306.2,,,8AE7B971-9F69-47B9-95C6-C3051A3270CD,1,BLANK,0,0,0,1,0,0
2380,27473284-062B-4257-BCBC-D8AA1E93298F,,350.3,350.3,,,8AE7B971-9F69-47B9-95C6-C3051A3270CD,0,BLANK,0,0,0,1,0,0
2381,62B075B8-B2E9-419A-80DB-9B9DA4E0FDF4,,379.2,379.2,,,8AE7B971-9F69-47B9-95C6-C3051A3270CD,1,BLANK,0,0,0,1,0,0
2382,A453B848-312C-4E4D-AEBE-17F022AA8087,,128.8,128.8,,,B18B38C0-70AB-4AF5-BAB0-451D3B1BBA48,0,BLANK,0,0,0,1,0,0
2383,D12BE3A7-4CA1-4F0A-9C80-CD404E657FF7,,134.45,134.45,,,B18B38C0-70AB-4AF5-BAB0-451D3B1BBA48,1,BLANK,0,0,0,1,0,0
2384,B69A38FD-0488-4E71-934C-D7B1DDA0F871,,269.3,269.3,,,B18B38C0-70AB-4AF5-BAB0-451D3B1BBA48,1,BLANK,0,0,0,1,0,0
2385,FE497BFB-5D06-43FB-8635-3A0A44E47E3D,,285.5,285.5,,,B18B38C0-70AB-4AF5-BAB0-451D3B1BBA48,0,BLANK,0,0,0,1,0,0
2386,90EA6606-B187-45D7-835D-5DD022646C58,,132.95,132.95,,,AA1F124C-FB3A-4E7C-A611-9DB63F011CE0,1,BLANK,0,0,1,1,0,0
2387,DDEA484F-03F2-4746-81B6-58C5631F43EA,,257.85,257.85,,,AA1F124C-FB3A-4E7C-A611-9DB63F011CE0,1,BLANK,0,0,1,1,0,0
2388,8E1A3133-F19A-4211-9991-BE0444653220,,269.1,269.1,,,AA1F124C-FB3A-4E7C-A611-9DB63F011CE0,1,BLANK,0,0,1,1,0,0
2389,7A0DEA48-85E8-4C8F-B019-57C1E19673CD,,316.1,316.1,,,AA1F124C-FB3A-4E7C-A611-9DB63F011CE0,0,BLANK,0,0,1,1,0,0
2390,03DD14AE-9822-41C0-9657-6921C02722EF,,125.75,125.75,,,84CD4240-9738-4115-8097-E1F15038D307,0,BLANK,0,0,0,1,0,0
2391,399BD85C-6F11-42FC-A7B6-F686216C9284,,132.05,132.05,,,84CD4240-9738-4115-8097-E1F15038D307,1,BLANK,0,0,0,1,0,0
2392,12A246D0-3F06-4D1E-85B0-14C91731AB30,,273.45,273.45,,,84CD4240-9738-4115-8097-E1F15038D307,1,BLANK,0,0,0,1,0,0
2393,77A2A30C-0690-46DC-8FF2-EBA4F85139D3,,284.65,284.65,,,84CD4240-9738-4115-8097-E1F15038D307,0,BLANK,0,0,0,1,0,0
2394,A7843938-B677-4571-93F2-4033851C5FE1,,119.975,119.975,,,770CD501-FE76-4F9C-A25E-E277CB731D2C,1,BLANK,0,0,1,1,0,0
2395,DAA6DFBA-889B-44D3-B30C-D08F95F54B2C,,120.775,120.775,,,9E3B5F31-D43D-4505-806D-DC23D53B5C83,0,BLANK,0,0,1,0,0,0
2396,828AA648-FB14-4B96-9151-2E9E7CE7FC0F,,298.95,298.95,,,9E3B5F31-D43D-4505-806D-DC23D53B5C83,0,BLANK,0,0,1,0,0,0
2397,42CB1CD6-1D8B-4FB9-B80A-ED803D1CB1E3,,126.725,126.725,,,B9658A75-78DB-40CE-83E0-2733A9EDDFEE,0,BLANK,0,0,1,0,0,0
2398,3CF77287-8733-46AF-8A4A-0AAA02E7CE05,,291.65,291.65,,,B9658A75-78DB-40CE-83E0-2733A9EDDFEE,0,BLANK,0,0,1,0,0,0
2399,23C70BA1-C67A-4AFE-B240-DF54F53DA2E9,,125.2,125.2,,,CF109191-2C81-4692-A62C-ABA157CF9410,0,BLANK,0,0,1,0,0,0
2400,6D445EFB-70CC-41D2-9E1C-2B3826207598,,256.8,256.8,,,CF109191-2C81-4692-A62C-ABA157CF9410,0,BLANK,0,0,1,0,0,0
2401,8FA8CC08-434E-4F4B-A0EB-7747C721593F,,127.675,127.675,,,C7705341-D282-4B97-B4F8-A6CC4E484337,1,BLANK,0,0,1,0,0,0
2402,63FDCC50-6BF0-4095-9253-96985CEF06B7,,135.1,135.1,,,C7705341-D282-4B97-B4F8-A6CC4E484337,0,BLANK,0,0,1,0,0,0
2403,6A9C3116-F60D-47E0-A3B5-EC74112BA606,,281.475,281.475,,,C7705341-D282-4B97-B4F8-A6CC4E484337,1,BLANK,0,0,1,0,0,0
2404,83B07503-6631-4D62-9A5E-B4E49C6C0768,,291.725,291.725,,,C7705341-D282-4B97-B4F8-A6CC4E484337,0,BLANK,0,0,1,0,0,0
2405,782B7F3E-C214-476E-A281-16E0BEED46B4,,243,243,,,5F65D1C8-0F0C-4ED6-B9AE-13A5A9FBCFC6,2,BLANK,0,0,1,0,0,0
2406,AE42D113-11B8-4533-9B58-C37181208A4B,,119.325,119.325,,,52850AC2-1349-4B5A-B347-75A73E2D0AD1,1,BLANK,0,0,1,0,0,0
2407,A3EED2BC-124D-4A64-9ED9-D9589949996C,,119.875,119.875,,,52850AC2-1349-4B5A-B347-75A73E2D0AD1,1,BLANK,0,0,1,0,0,0
2408,9681F8A1-D31D-4E56-ADD7-C444A5201A52,,127.9,127.9,,,52850AC2-1349-4B5A-B347-75A73E2D0AD1,0,BLANK,0,0,1,0,0,0
2409,60327504-E0AB-49A8-BBB8-5145AC50A7A8,,132.45,132.45,,,52850AC2-1349-4B5A-B347-75A73E2D0AD1,0,BLANK,0,0,1,0,0,0
2410,6BC0A34C-7E25-4819-A9E0-FFB810AA7B13,,284.625,284.625,,,52850AC2-1349-4B5A-B347-75A73E2D0AD1,0,BLANK,0,0,1,0,0,0
2411,37C2D7F6-8576-449D-875A-3C8C6AF70AB5,,348.675,348.675,,,52850AC2-1349-4B5A-B347-75A73E2D0AD1,1,BLANK,0,0,1,0,0,0
2412,27347DF5-BCF6-46C4-9D47-C8C20CC14DA2,,371.95,371.95,,,52850AC2-1349-4B5A-B347-75A73E2D0AD1,0,BLANK,0,0,1,0,0,0
2413,CBFC347F-3A8C-47B4-86D0-89384F341573,,128.625,128.625,,,B9955D6E-876A-4900-91BA-C491C216BAA9,0,BLANK,0,0,1,0,0,0
2414,438B5302-4F98-4828-B791-9DFF99A020FF,,128.3,128.3,,,A3ADCD47-3203-4FCC-8ED7-5D208187817B,2,BLANK,1,1,1,0,0,0
2415,ED4C29EA-03DD-4D19-9B42-8B4CFD7D673D,,269,269,,,A3ADCD47-3203-4FCC-8ED7-5D208187817B,2,BLANK,1,1,1,0,0,0
2416,EA6A1864-BE69-4894-B660-42479C6EED8A,,125.8,125.8,,,78C6465F-ED82-41A3-9C57-E310E0CC597E,0,D,0,0,1,0,0,0
2417,A1F634D0-A0E8-491B-AE1E-33326F28AF18,,132.075,132.075,,,78C6465F-ED82-41A3-9C57-E310E0CC597E,1,BLANK,0,0,1,0,0,0
2418,2B46D574-2C94-412C-AF32-0B60FB67B0C8,,239,239,,,78C6465F-ED82-41A3-9C57-E310E0CC597E,0,D,0,0,1,0,0,0
2419,139CD99C-8A49-4DE7-808A-0D5D56E0F3D2,,243,243,,,78C6465F-ED82-41A3-9C57-E310E0CC597E,2,BLANK,0,0,1,0,0,0
2420,ACC2AEA1-E608-4845-A1E8-690B715AE291,,254.35,254.35,,,78C6465F-ED82-41A3-9C57-E310E0CC597E,0,D,0,0,1,0,0,0
2421,8E8B7E53-84F1-49E3-8CC6-E24F2E7E0CB5,,257.65,257.65,,,78C6465F-ED82-41A3-9C57-E310E0CC597E,0,BLANK,0,0,1,0,0,0
2422,427E1729-9F6A-4D8F-9720-4BB27ABC6AB9,,291.7,291.7,,,78C6465F-ED82-41A3-9C57-E310E0CC597E,0,D,0,0,1,0,0,0
2423,535CFB58-1684-46BD-B960-3C41FD3FF89A,,321.3,321.3,,,78C6465F-ED82-41A3-9C57-E310E0CC597E,3,BLANK,0,0,1,0,0,0
2424,10B6D221-7F8E-4E08-8A12-5342561961F9,,127.6,127.6,,,F6310139-208E-44CF-BF39-796CEF3D53D1,0,BLANK,0,0,1,1,0,0
2425,71A2ECC3-58E3-4366-A3C8-483FF8D83963,,134.9,134.9,,,F6310139-208E-44CF-BF39-796CEF3D53D1,1,BLANK,0,0,1,1,0,0
2426,C9833E74-D161-485B-9174-F0769EDF3BD6,,263.05,263.05,,,F6310139-208E-44CF-BF39-796CEF3D53D1,1,BLANK,0,0,1,1,0,0
2427,30902367-B655-4A3D-A928-15A6A2B19A92,,346.35,346.35,,,F6310139-208E-44CF-BF39-796CEF3D53D1,0,BLANK,0,0,1,1,0,0
2428,773E6163-91A5-48B5-A961-26493BB3A9BF,,123.95,123.95,,,FBDF5147-04F9-46E9-849F-8F430C402BBF,0,D,0,0,1,0,0,0
2429,AF08F2D3-37C0-43B6-9CCD-467AF631727E,,290.55,290.55,,,FBDF5147-04F9-46E9-849F-8F430C402BBF,0,D,0,0,1,0,0,0
2430,21BFF73F-819D-4E16-AF8B-29108DAA2A56,,121.35,121.35,,,08A64A8D-F156-4281-B417-62968EBC1E09,1,BLANK,0,0,1,0,0,0
2431,8C0DA9FE-5563-4121-A9F8-018E11502D03,,128.15,128.15,,,08A64A8D-F156-4281-B417-62968EBC1E09,0,D,0,0,1,0,0,0
2432,244155A7-3DAB-4B86-A721-7FA78208F144,,135.35,135.35,,,08A64A8D-F156-4281-B417-62968EBC1E09,1,BLANK,0,0,1,0,0,0
2433,463C5DE0-B900-497A-A991-83CCB821F5C3,,257.75,257.75,,,08A64A8D-F156-4281-B417-62968EBC1E09,0,D,0,0,1,0,0,0
2434,36F4C4E5-FA50-4B2A-A58E-DDDF27172B5F,,263.05,263.05,,,08A64A8D-F156-4281-B417-62968EBC1E09,1,BLANK,0,0,1,0,0,0
2435,0C6D3653-42E4-4EB7-9D6C-0DD5CEB7A38D,,279.6,279.6,,,08A64A8D-F156-4281-B417-62968EBC1E09,1,BLANK,0,0,1,0,0,0
2436,EAD37F73-AFCD-49EC-8B56-D668F7F6557F,,335.55,335.55,,,08A64A8D-F156-4281-B417-62968EBC1E09,1,BLANK,0,0,1,0,0,0
2437,532CE3F6-089A-44EA-B50A-D315A902E0A7,,121.35,121.35,,,D4CD4E71-AE54-42CC-95AE-A85482660B0A,1,BLANK,0,1,0,1,0,0
2438,76986362-24DB-4EAC-97D9-D6552BC3533F,,279.6,279.6,,,D4CD4E71-AE54-42CC-95AE-A85482660B0A,1,D,0,1,0,1,0,0
2439,5101952A-8967-4E3F-99A5-B2A7655AF64A,,124.2,124.2,,,977279BE-9E93-4C2A-B547-B5C5B7F404DB,0,D,0,0,1,0,0,0
2440,5365CB74-F933-4AAF-9687-707B74BBCECB,,128.15,128.15,,,977279BE-9E93-4C2A-B547-B5C5B7F404DB,0,BLANK,0,0,1,0,0,0
2441,1125F979-9A9D-4494-A986-C4624702DE35,,257.75,257.75,,,977279BE-9E93-4C2A-B547-B5C5B7F404DB,0,BLANK,0,0,1,0,0,0
2442,205459E8-39FD-45C6-8F2D-EE4AF0216D79,,317.6,317.6,,,977279BE-9E93-4C2A-B547-B5C5B7F404DB,0,D,0,0,1,0,0,0
2443,5FBB01EF-116F-44B9-B627-033CF474F49C,,119.225,119.225,,,2F94687F-74D7-448B-9F9A-76026508DE43,1,D,0,0,1,1,0,0
2444,538F5E9D-0E08-4FE3-B42B-7985ED0CD35A,,123.95,123.95,,,2F94687F-74D7-448B-9F9A-76026508DE43,0,D,0,0,1,1,0,0
2445,052B0421-EC15-4A68-9C3B-F56DDF00F652,,243,243,,,2F94687F-74D7-448B-9F9A-76026508DE43,2,BLANK,0,0,1,1,0,0
2446,A850C14B-6C08-43EE-A51D-378038F8C5FC,,290.55,290.55,,,2F94687F-74D7-448B-9F9A-76026508DE43,0,D,0,0,1,1,0,0
2447,3DBC31F9-46DC-4FEA-85D1-904B52157CF6,,321.3,321.3,,,2F94687F-74D7-448B-9F9A-76026508DE43,3,BLANK,0,0,1,1,0,0
2448,2E820DED-F0FA-4A1F-9AA4-8A3824E17EBA,,335.5,335.5,,,2F94687F-74D7-448B-9F9A-76026508DE43,1,D,0,0,1,1,0,0
2449,DAA88A90-6759-4BF2-9293-42F036310ED2,,133.15,133.15,,,7485F3B6-184F-49AC-B6F5-271B72386453,0,BLANK,0,0,1,0,0,0
2450,28FCA7F0-1C12-42D1-B50B-71756132414D,,251.1,251.1,,,7485F3B6-184F-49AC-B6F5-271B72386453,0,BLANK,0,0,1,0,0,0
2451,D6EC3DEF-7204-460F-A6C4-C11A4C49595B,,120.45,120.45,,,FBFC48D3-6EFD-4B32-AF62-F6303D8DEB57,0,BLANK,0,0,1,1,0,0
2452,B2564E7C-B8CB-4CAE-AC54-F40D863495A8,,125.575,125.575,,,FBFC48D3-6EFD-4B32-AF62-F6303D8DEB57,1,BLANK,0,0,1,1,0,0
2453,1D523112-416A-41D5-BC52-4910208BCC68,,298.85,298.85,,,FBFC48D3-6EFD-4B32-AF62-F6303D8DEB57,0,BLANK,0,0,1,1,0,0
2454,441BAECE-11EB-4A81-A0F6-BEF380C915B8,,353.95,353.95,,,FBFC48D3-6EFD-4B32-AF62-F6303D8DEB57,1,BLANK,0,0,1,1,0,0
2455,62821D13-F598-4426-9656-BBCFAA770A2A,,127.85,127.85,,,ACF1F946-24A4-423F-B648-2A3DBC422CFB,0,BLANK,0,0,1,0,0,0
2456,D56181AF-EBBF-41C0-A11C-17FD54BC0A27,,124.425,124.425,,,4324964B-3685-46EB-8791-1485283E07DE,1,BLANK,0,0,1,1,0,0
2457,E6F09238-43E3-45CA-9529-0F1FC8A3AE15,,128.8,128.8,,,4324964B-3685-46EB-8791-1485283E07DE,0,BLANK,0,0,1,1,0,0
2458,EA3391D4-CA3C-4188-AA4B-B2F4B137359C,,323.025,323.025,,,4324964B-3685-46EB-8791-1485283E07DE,1,BLANK,0,0,1,1,0,0
2459,6A2D74E5-45EC-4DC0-A38B-4138BF17B439,,119.375,119.375,,,58A83C2F-AB01-462B-AEE3-567CD283DB7A,1,BLANK,0,0,0,1,0,0
2460,2802DB0A-9AFF-4215-83CC-8A70B9596A14,,121.5,121.5,,,58A83C2F-AB01-462B-AEE3-567CD283DB7A,2,BLANK,0,0,0,1,0,0
2461,2BD0453B-6E4F-4606-B4A7-C9AF3EC8C094,,127.125,127.125,,,58A83C2F-AB01-462B-AEE3-567CD283DB7A,1,BLANK,0,0,0,1,0,0
2462,3F0B8C8E-CC64-4C61-AB0F-D7FAA729B402,,243,243,,,58A83C2F-AB01-462B-AEE3-567CD283DB7A,2,BLANK,0,0,0,1,0,0
2463,5F57722C-EE0E-42A2-923C-AEC7E44F43B8,,268.7,268.7,,,58A83C2F-AB01-462B-AEE3-567CD283DB7A,0,BLANK,0,0,0,1,0,0
2464,9B1DE7F6-A955-44E7-951A-09202471930C,,363.25,363.25,,,58A83C2F-AB01-462B-AEE3-567CD283DB7A,1,BLANK,0,0,0,1,0,0
2465,FD74E7ED-F6C4-49F3-A6C8-9A4ABE12072B,,371.95,371.95,,,58A83C2F-AB01-462B-AEE3-567CD283DB7A,1,BLANK,0,0,0,1,0,0
2466,5CF8A1B1-00D8-479B-ACFC-EBA76FAEB652,,125.15,125.15,,,8B326448-1671-4F21-A5F4-FB8EAB08834B,0,BLANK,0,0,1,0,0,0
2467,6ECB30B1-4FF1-442C-A1F5-1EBC5401963E,,132.975,132.975,,,8B326448-1671-4F21-A5F4-FB8EAB08834B,1,BLANK,0,0,1,0,0,0
2468,8F40C27A-80D4-46DB-B2BC-2A9891854E69,,134.55,134.55,,,8B326448-1671-4F21-A5F4-FB8EAB08834B,0,BLANK,0,0,1,0,0,0
2469,65AF9B23-5A14-4802-A807-4002C4237F00,,263,263,,,8B326448-1671-4F21-A5F4-FB8EAB08834B,0,BLANK,0,0,1,0,0,0
2470,65170956-BED5-496B-B980-B9C074F31ABB,,125.875,125.875,,,D36D5EBF-4FFF-417A-BDA3-D8435B6071BD,2,BLANK,0,0,1,0,0,0
2471,7AAD8865-F99F-4E8A-9447-A257B93E4438,,128.025,128.025,,,D36D5EBF-4FFF-417A-BDA3-D8435B6071BD,1,BLANK,0,0,1,0,0,0
2472,2EB19355-94F6-4484-B3B9-6F55B09C50ED,,134.6,134.6,,,D36D5EBF-4FFF-417A-BDA3-D8435B6071BD,2,BLANK,0,0,1,0,0,0
2473,6974C5C1-9E08-496E-AC9B-8DDE97AC57F5,,270.25,270.25,,,D36D5EBF-4FFF-417A-BDA3-D8435B6071BD,0,BLANK,0,0,1,0,0,0
2474,C9395906-3CB2-48DC-A9CD-922FAD335327,,280.1,280.1,,,D36D5EBF-4FFF-417A-BDA3-D8435B6071BD,2,BLANK,0,0,1,0,0,0
2475,75709561-4E3C-4EFD-B144-76BA0911F8F5,,308.6,308.6,,,D36D5EBF-4FFF-417A-BDA3-D8435B6071BD,3,BLANK,0,0,1,0,0,0
2476,282440CD-77A3-4077-A267-27990B00873F,,319.1,319.1,,,D36D5EBF-4FFF-417A-BDA3-D8435B6071BD,2,BLANK,0,0,1,0,0,0
2477,466BE45A-53A3-40E6-A50D-11626FBE01E7,,121.35,121.35,,,3A8DED2D-7837-48BE-A38F-C740416B3017,0,BLANK,0,0,1,1,0,0
2478,925CE6DF-6230-4437-9E26-AA2C2E6F96E6,,127.05,127.05,,,3A8DED2D-7837-48BE-A38F-C740416B3017,2,BLANK,0,0,1,1,0,0
2479,45A97891-4003-41BC-B228-2AF4C3F37324,,133.1,133.1,,,3A8DED2D-7837-48BE-A38F-C740416B3017,0,BLANK,0,0,1,1,0,0
2480,069CFF36-B4F5-4047-AA70-E260CC35BFEE,,134.8,134.8,,,3A8DED2D-7837-48BE-A38F-C740416B3017,0,BLANK,0,0,1,1,0,0
2481,ECF44A2D-BFB7-4974-82B4-A3E1EC9655EF,,282.35,282.35,,,3A8DED2D-7837-48BE-A38F-C740416B3017,2,BLANK,0,0,1,1,0,0
2482,5D86C38D-82B5-4F18-AFDF-96D87BCEA3DF,,377.05,377.05,,,3A8DED2D-7837-48BE-A38F-C740416B3017,0,BLANK,0,0,1,1,0,0
2483,B936F65D-FF5D-4F13-A3D8-554BEBDF1FED,,123.725,123.725,,,D18DA696-0A00-43F2-8439-B7C4FD12B279,1,BLANK,0,0,1,1,0,0
2484,8E476112-0C4F-42E8-8B53-4CA570F7429D,,125.625,125.625,,,D18DA696-0A00-43F2-8439-B7C4FD12B279,1,BLANK,0,0,1,1,0,0
2485,764FEB75-C101-489B-941D-468C0D9E58CC,,135.35,135.35,,,D18DA696-0A00-43F2-8439-B7C4FD12B279,0,BLANK,0,0,1,1,0,0
2486,42F25453-BEA8-440E-BD8A-174A023C64B3,,269.1,269.1,,,D18DA696-0A00-43F2-8439-B7C4FD12B279,1,BLANK,0,0,1,1,0,0
2487,CFCB7CBB-F943-4FF9-9425-8B08866780A9,,127.8,127.8,,,770CD501-FE76-4F9C-A25E-E277CB731D2C,0,BLANK,0,0,1,1,0,0
2488,19FA05E5-E1F2-4CA8-A65A-A6FA461ECC64,,132.2,132.2,,,770CD501-FE76-4F9C-A25E-E277CB731D2C,0,BLANK,0,0,1,1,0,0
2489,B5C72709-2264-43D9-B9C5-F8CB08AD3792,,134.975,134.975,,,770CD501-FE76-4F9C-A25E-E277CB731D2C,1,BLANK,0,0,1,1,0,0
2490,657C6B38-3A9A-4B31-984A-EDB1E841749C,,306.2,306.2,,,770CD501-FE76-4F9C-A25E-E277CB731D2C,1,BLANK,0,0,1,1,0,0
2491,0B616BD6-6374-4667-A470-11C27569CCDC,,350.3,350.3,,,770CD501-FE76-4F9C-A25E-E277CB731D2C,0,BLANK,0,0,1,1,0,0
2492,AC692860-A3DE-4F66-8A46-14F9385FA903,,353.5,353.5,,,770CD501-FE76-4F9C-A25E-E277CB731D2C,0,BLANK,0,0,1,1,0,0
2493,2594771F-9858-4FCD-A408-3874BA74B25C,,379.2,379.2,,,770CD501-FE76-4F9C-A25E-E277CB731D2C,1,BLANK,0,0,1,1,0,0
2494,A56FC05F-6A59-4219-BB18-87E51FF688DA,,126.525,126.525,,,869A73BC-0EBD-4E18-A926-89241AD21F37,1,BLANK,0,0,1,0,0,0
2495,B33634BF-70FC-41E2-A637-1EADE7117CBB,,132.25,132.25,,,869A73BC-0EBD-4E18-A926-89241AD21F37,0,BLANK,0,0,1,0,0,0
2496,8DAA3361-D41F-4ECB-BE64-218527F71869,,134.775,134.775,,,869A73BC-0EBD-4E18-A926-89241AD21F37,1,BLANK,0,0,1,0,0,0
2497,3FFFBBC6-8FBA-4AA6-A463-81A7C9507ABB,,244.575,244.575,,,869A73BC-0EBD-4E18-A926-89241AD21F37,1,BLANK,0,0,1,0,0,0
2498,667FB3D6-2A1B-4458-AE8A-90175E3E0A66,,269.2,269.2,,,869A73BC-0EBD-4E18-A926-89241AD21F37,0,BLANK,0,0,1,0,0,0
2499,9E57428C-29CE-46CE-927D-2401118007C6,,298.875,298.875,,,869A73BC-0EBD-4E18-A926-89241AD21F37,0,BLANK,0,0,1,0,0,0
2500,0ACDB0E0-4F18-4BE3-B60A-4A19CE001A0E,,121.2,121.2,,,F75FA07D-BBE0-4CA6-9AFF-806D3FFF1D46,0,BLANK,0,0,1,0,1,0
2501,BC3633B8-B102-42C3-AAA7-6A67205DF9A5,,124.4,124.4,,,F75FA07D-BBE0-4CA6-9AFF-806D3FFF1D46,0,BLANK,0,0,1,0,1,0
2502,F9C67029-6A0F-403C-AE5A-234D76C47230,,128.45,128.45,,,F75FA07D-BBE0-4CA6-9AFF-806D3FFF1D46,0,BLANK,0,0,1,0,1,0
2503,8CA856F3-E032-4E79-9CED-C697FC618351,,299.2,299.2,,,F75FA07D-BBE0-4CA6-9AFF-806D3FFF1D46,0,BLANK,0,0,1,0,1,0
2504,BA87C609-DAF6-4B99-92AB-A3AAEE892406,,307.1,307.1,,,F75FA07D-BBE0-4CA6-9AFF-806D3FFF1D46,0,BLANK,0,0,1,0,1,0
2505,A87ACEA3-2EB1-4F33-906B-C07205F428B5,,327.1,327.1,,,F75FA07D-BBE0-4CA6-9AFF-806D3FFF1D46,0,BLANK,0,0,1,0,1,0
2506,FBE13AF8-FB77-4139-A63F-D27313D7FACC,,126.95,126.95,,,0DC7FE69-4FFE-4A20-BD5B-13990D1D9EC8,0,BLANK,0,0,1,0,0,0
2507,6A46B9EE-8CC5-462F-BD1A-515979EC5724,,135.175,135.175,,,0DC7FE69-4FFE-4A20-BD5B-13990D1D9EC8,1,BLANK,0,0,1,0,0,0
2508,BC7A5FC3-2C1D-4C7A-8FB5-5A06D665826C,,239.3,239.3,,,0DC7FE69-4FFE-4A20-BD5B-13990D1D9EC8,0,BLANK,0,0,1,0,0,0
2509,18551668-0A7B-4AC8-A1EA-6CE13481CA31,,291.6,291.6,,,0DC7FE69-4FFE-4A20-BD5B-13990D1D9EC8,1,BLANK,0,0,1,0,0,0
2510,6EBA4A8B-83E5-41AB-8E8D-DDC41551B3F0,,307.075,307.075,,,0DC7FE69-4FFE-4A20-BD5B-13990D1D9EC8,0,BLANK,0,0,1,0,0,0
2511,E3DDE287-B9F0-4043-934D-B147CFD92636,,120.45,120.45,,,16F8C38E-5F86-4408-9AB6-848A1C2D00DB,0,BLANK,0,0,1,0,0,0
2512,064B17A7-EF66-4CE6-81D9-5EF6EC24824A,,134.65,134.65,,,16F8C38E-5F86-4408-9AB6-848A1C2D00DB,0,BLANK,0,0,1,0,0,0
2513,2D80D756-CF7D-44E3-B746-46085E19D19F,,135.725,135.725,,,16F8C38E-5F86-4408-9AB6-848A1C2D00DB,1,BLANK,0,0,1,0,0,0
2514,E0E879D8-CB41-42B4-B071-8204D8D38079,,281.425,281.425,,,16F8C38E-5F86-4408-9AB6-848A1C2D00DB,0,BLANK,0,0,1,0,0,0
2515,8F33722A-76F9-4D83-98E5-CA72756BB77B,,285.625,285.625,,,16F8C38E-5F86-4408-9AB6-848A1C2D00DB,0,BLANK,0,0,1,0,0,0
2516,220F2730-6DBA-4D46-B5F4-E5CF70E2502A,,360.7,360.7,,,16F8C38E-5F86-4408-9AB6-848A1C2D00DB,0,BLANK,0,0,1,0,0,0
2517,0104CC4F-DCD9-40CF-83FC-8AA60556BAEC,,133.375,133.375,,,86370861-934E-4587-A32C-5936042FE67D,1,BLANK,0,0,1,0,0,0
2518,7C9EAC9B-FD3E-4820-866D-E295BE78E7C6,,134.9,134.9,,,86370861-934E-4587-A32C-5936042FE67D,0,BLANK,0,0,1,0,0,0
2519,94B617A0-3E1A-4235-80BC-57BB19FC7507,,290.275,290.275,,,86370861-934E-4587-A32C-5936042FE67D,1,BLANK,0,0,1,0,0,0
2520,289042C5-BEFF-4DA4-B4A7-1ACFC8F8A3B6,,317.7,317.7,,,86370861-934E-4587-A32C-5936042FE67D,0,BLANK,0,0,1,0,0,0
2521,D12BFDCC-1D3E-4D2C-B85B-C10943760149,,369.9,369.9,,,86370861-934E-4587-A32C-5936042FE67D,1,BLANK,0,0,1,0,0,0
2522,8396D2CC-2D2F-4FE0-8FD4-BEADB4DFAD11,,133.075,133.075,,,AACE2D28-417E-48CF-94EF-796F46539BA9,3,BLANK,0,0,1,0,0,0
2523,99E74DFB-B501-45F3-8CB7-990A1B8E235B,,134.475,134.475,,,AACE2D28-417E-48CF-94EF-796F46539BA9,0,BLANK,0,0,1,0,0,0
2524,94AD51CF-0F2B-4D95-B690-6BC17804256F,,254.275,254.275,,,AACE2D28-417E-48CF-94EF-796F46539BA9,0,BLANK,0,0,1,0,0,0
2525,8B95F16B-29DD-4F04-876B-3A4ED85E86D2,,276.4,276.4,,,AACE2D28-417E-48CF-94EF-796F46539BA9,3,BLANK,0,0,1,0,0,0
2526,2F695001-BF03-4DAF-80BD-F18A8EFCD769,,317.45,317.45,,,AACE2D28-417E-48CF-94EF-796F46539BA9,1,BLANK,0,0,1,0,0,0
2527,528D65A5-DC3B-4638-913E-F3E7C3D6807A,,369.25,369.25,,,AACE2D28-417E-48CF-94EF-796F46539BA9,1,BLANK,0,0,1,0,0,0
2528,11B31043-307E-4E05-A884-FCF0DF213AAE,,385.5,385.5,,,AACE2D28-417E-48CF-94EF-796F46539BA9,0,BLANK,0,0,1,0,0,0
2529,9BE6D273-E840-4A11-9536-8356BA0D4E12,,379.2,379.2,,,B9955D6E-876A-4900-91BA-C491C216BAA9,0,BLANK,0,0,1,0,0,0
2530,59B04BA9-5F03-4DE2-A6CB-4D3160A98CCF,,124.325,124.325,,,4AF9E58A-0E21-4DDA-A776-72C112B076A4,0,BLANK,0,0,1,0,0,0
2531,EA34AFBB-566D-496A-B9E8-EF667DE205FF,,127.475,127.475,,,4AF9E58A-0E21-4DDA-A776-72C112B076A4,0,BLANK,0,0,1,0,0,0
2532,06227DA9-40B9-4843-A453-297F3C269927,,243,243,,,4AF9E58A-0E21-4DDA-A776-72C112B076A4,2,BLANK,0,0,1,0,0,0
2533,0F0BCADB-282A-4EE4-862A-1D1A00DDFF01,,346.35,346.35,,,4AF9E58A-0E21-4DDA-A776-72C112B076A4,0,BLANK,0,0,1,0,0,0
2534,E1EBCA1E-3E69-47ED-927A-3A2D94639F39,,353.85,353.85,,,4AF9E58A-0E21-4DDA-A776-72C112B076A4,0,BLANK,0,0,1,0,0,0
2535,E20F409A-B00C-4765-94DB-3BF487232FBB,,369.9,369.9,,,4AF9E58A-0E21-4DDA-A776-72C112B076A4,1,BLANK,0,0,1,0,0,0
2536,5A92A6E4-1315-4A82-A4FB-C9280FAEE01E,,124.85,124.85,,,C62051A4-504F-439D-96F1-426B0C7BB03D,0,BLANK,0,0,1,0,0,0
2537,F3086AA3-EEE0-4596-93E5-C306205E602B,,306.3,306.3,,,C62051A4-504F-439D-96F1-426B0C7BB03D,0,BLANK,0,0,1,0,0,0
2538,53658406-9318-443E-BB42-F8D3BBEE9301,,124.85,124.85,,,42127C7F-9F17-46AB-A04F-49801274D358,0,BLANK,0,0,1,0,0,0
2539,230B057E-F2EE-421D-9510-6CDF8CF97CFF,,306.3,306.3,,,42127C7F-9F17-46AB-A04F-49801274D358,0,BLANK,0,0,1,0,0,0
2540,BE960197-6CE3-48F1-8336-A843FEA71603,,127.05,127.05,,,AD9EFFFE-652E-496F-ADC0-7AB80583BBFD,2,D,0,0,1,1,0,0
2541,5B0D3D8A-FEC0-4FD8-9E2D-8E175301E6D4,,134.95,134.95,,,AD9EFFFE-652E-496F-ADC0-7AB80583BBFD,2,BLANK,0,0,1,1,0,0
2542,3CDF0611-F369-4861-AAEF-C8BA6D5F2B8A,,270.3,270.3,,,AD9EFFFE-652E-496F-ADC0-7AB80583BBFD,2,BLANK,0,0,1,1,0,0
2543,102B3FC4-A0E3-4866-88BE-FC00078770E5,,353.9,353.9,,,AD9EFFFE-652E-496F-ADC0-7AB80583BBFD,2,D,0,0,1,1,0,0
2544,04EEB461-C890-488C-9224-E8DEA4455096,,120.3,120.3,,,5E44FC3B-7562-4E16-9CAD-3E15A7ABAB51,2,D,1,1,1,1,0,0
2545,1DDD2673-AE84-4AA1-92B0-89459055E7E9,,127.05,127.05,,,5E44FC3B-7562-4E16-9CAD-3E15A7ABAB51,2,BLANK,1,1,1,1,0,0
2546,16C2B3FE-D9F5-414E-9239-5D7C686F27F0,,273.6,273.6,,,5E44FC3B-7562-4E16-9CAD-3E15A7ABAB51,2,D,1,1,1,1,0,0
2547,DA621AFD-9411-4476-934C-4DF7AEB90D97,,353.9,353.9,,,5E44FC3B-7562-4E16-9CAD-3E15A7ABAB51,0,BLANK,1,1,1,1,0,0
2548,A165515C-137C-4573-A5A7-D0E89F26B7B0,,123.95,123.95,,,80DAD3E7-CEB1-4878-B614-3F938F1A6966,0,D,0,0,1,0,0,0
2549,B8923D5C-A7AB-4BB3-A0E5-2DA3814374E6,,290.55,290.55,,,80DAD3E7-CEB1-4878-B614-3F938F1A6966,0,D,0,0,1,0,0,0
2550,FCCCF899-C378-47F7-A825-C83F64629407,,127.6,127.6,,,20D94ED6-B58E-4CA8-9A96-4149574064F2,0,BLANK,0,0,1,1,0,0
2551,9205D3B4-9943-43D4-AE6B-59AF6D09C6AE,,135.35,135.35,,,20D94ED6-B58E-4CA8-9A96-4149574064F2,1,BLANK,0,0,1,1,0,0
2552,B05A1E15-B233-4702-82F6-0F365E06F798,,243,243,,,20D94ED6-B58E-4CA8-9A96-4149574064F2,2,BLANK,0,0,1,1,0,0
2553,0917CD56-1410-44B0-8637-02F68A729F89,,321.3,321.3,,,20D94ED6-B58E-4CA8-9A96-4149574064F2,3,BLANK,0,0,1,1,0,0
2554,D7B5377B-C79E-4C82-A919-75A9B7B2B505,,335.55,335.55,,,20D94ED6-B58E-4CA8-9A96-4149574064F2,1,BLANK,0,0,1,1,0,0
2555,D4C08F54-5238-4B6A-97D6-E1CAB95A77D5,,346.35,346.35,,,20D94ED6-B58E-4CA8-9A96-4149574064F2,0,BLANK,0,0,1,1,0,0
2556,A7B46228-84B0-49B0-BE24-1F10471A02A8,,126.6,126.6,,,2CAC97DB-986F-4044-84BB-57258333E257,2,BLANK,0,1,1,1,0,0
2557,21B2B50B-54D9-442A-9CC5-C344958A8DDD,,128.3,128.3,,,2CAC97DB-986F-4044-84BB-57258333E257,2,D,0,1,1,1,0,0
2558,6FF13BBA-C544-4693-933B-921D172DA057,,269,269,,,2CAC97DB-986F-4044-84BB-57258333E257,2,D,0,1,1,1,0,0
2559,D5573ED6-94C7-4B0D-80A7-D1F50E9AAA3B,,343.6,343.6,,,2CAC97DB-986F-4044-84BB-57258333E257,2,BLANK,0,1,1,1,0,0
2560,87D6C85F-6554-47B7-8B59-FA01D000A84E,,126.1,126.1,,,963F326A-8570-4605-AEBC-E2D156B88265,0,D,0,0,1,0,0,0
2561,4AF7FE5D-ECFD-40BB-A7C2-8BA4784B9EBE,,291.6,291.6,,,963F326A-8570-4605-AEBC-E2D156B88265,0,D,0,0,1,0,0,0
2562,4F8F1E74-CACE-4F72-A65C-7E3F442E520A,,128.45,128.45,,,61DC98C6-295C-46B8-9F91-092D2A310ECD,1,BLANK,0,0,0,1,0,0
2563,0091E6EA-97D5-4707-9AA6-AF03661ED380,,307.8,307.8,,,61DC98C6-295C-46B8-9F91-092D2A310ECD,1,BLANK,0,0,0,1,0,0
2564,F0353557-6DDC-4204-A416-D9F3639F6CD2,,128.45,128.45,,,A80F1C41-79B1-46D9-A8ED-EE90016AA3B5,1,BLANK,0,0,0,1,0,0
2565,71F2B1BC-8AA5-4C47-B1BF-9FAB42CD0CE1,,307.8,307.8,,,A80F1C41-79B1-46D9-A8ED-EE90016AA3B5,1,BLANK,0,0,0,1,0,0
2566,9D16C191-784C-4551-B3E1-DD237EC90470,,124.2,124.2,,,8E8B434C-D360-425E-BF5A-7E633E617A70,0,D,0,0,1,0,0,0
2567,31A9DFE8-1E44-4496-A1A0-7ADA1C6D5BB8,,317.6,317.6,,,8E8B434C-D360-425E-BF5A-7E633E617A70,0,D,0,0,1,0,0,0
2568,6B3A3B0F-AC3E-4C5B-A7BC-7202283E9C14,,132.6,132.6,,,0B23302A-2804-4AB1-999E-D3045DB94E4A,0,D,0,0,1,0,0,0
2569,6BF7B651-96D5-4561-89F0-C8303352CF28,,243,243,,,0B23302A-2804-4AB1-999E-D3045DB94E4A,2,BLANK,0,0,1,0,0,0
2570,342BB1B9-E7C0-4065-8213-CDB712B72D9C,,269.35,269.35,,,0B23302A-2804-4AB1-999E-D3045DB94E4A,0,D,0,0,1,0,0,0
2571,E90BC761-BD96-4F60-A0DD-45E8CAC85F70,,321.3,321.3,,,0B23302A-2804-4AB1-999E-D3045DB94E4A,1,BLANK,0,0,1,0,0,0
2572,344C5C55-F26F-499C-934A-C6B7D9ACBCCC,,126.1,126.1,,,DABB8F84-C23D-49A4-8A00-6411FDAE9862,0,D,0,0,1,0,0,0
2573,233E3074-A239-4C9A-B8D6-9B2FAE05799C,,125.1,125.1,,,3FDF980E-558C-4574-A059-D360C34DC643,2,BLANK,1,1,0,1,0,0
2574,AE3C9C2F-30E8-46F9-BECF-10C47F395FEF,,134.95,134.95,,,3FDF980E-558C-4574-A059-D360C34DC643,2,BLANK,1,1,0,1,0,0
2575,1D7034DE-EE24-4F76-B77B-D92BD34ED994,,270.3,270.3,,,3FDF980E-558C-4574-A059-D360C34DC643,2,BLANK,1,1,0,1,0,0
2576,7A468894-E061-424C-A0B5-365D86B72976,,319.2,319.2,,,3FDF980E-558C-4574-A059-D360C34DC643,2,BLANK,1,1,0,1,0,0
2577,6C8366E9-AB3B-42FD-836B-A35E5C11C9E0,,120.3,120.3,,,96EDC540-9938-4532-AFEC-A8F9FD6779B0,2,BLANK,0,0,1,0,0,0
2578,76D61FA1-F957-41CB-B1DB-52B025051B87,,132.6,132.6,,,96EDC540-9938-4532-AFEC-A8F9FD6779B0,0,D,0,0,1,0,0,0
2579,7DF337FD-7F08-49B3-886D-096FB77DB7AE,,269.35,269.35,,,96EDC540-9938-4532-AFEC-A8F9FD6779B0,0,D,0,0,1,0,0,0
2580,EB4F1ADD-D2D7-442B-ABBE-C67A4D2ED238,,273.6,273.6,,,96EDC540-9938-4532-AFEC-A8F9FD6779B0,2,BLANK,0,0,1,0,0,0
2581,5018ACC6-D4EF-4129-B659-5FC1D77215AF,,134.95,134.95,,,0C995C53-9B93-40A4-A319-7B5735573922,0,BLANK,0,0,1,0,0,0
2582,31604D63-E1BC-4182-833F-5B7E9C425035,,120.425,120.425,,,46D13AC9-CE0F-470E-A46E-BD0F8FC3F90F,1,BLANK,0,0,1,1,0,0
2583,36B8E0AC-E155-442A-B1CD-DF34A7E75786,,127.5,127.5,,,46D13AC9-CE0F-470E-A46E-BD0F8FC3F90F,2,BLANK,0,0,1,1,0,0
2584,C77AE7D6-5BF3-4118-B205-5CFED5542C44,,316.05,316.05,,,46D13AC9-CE0F-470E-A46E-BD0F8FC3F90F,2,BLANK,0,0,1,1,0,0
2585,1CFB0D6B-7C89-4872-81CF-D235C1D4C6C1,,327.15,327.15,,,46D13AC9-CE0F-470E-A46E-BD0F8FC3F90F,1,BLANK,0,0,1,1,0,0
2586,A6E2F9B9-21DC-40A7-82D1-66DC9B86D7B2,,128.1,128.1,,,7B4C85C4-8B80-4379-BE59-96F91C23DB66,0,BLANK,0,0,1,0,0,0
2587,54995013-7D2F-4D60-87D2-C25073510D9B,,127.3,127.3,,,2D163A80-06C9-4E10-8246-6F1304BC2323,0,BLANK,0,0,1,1,0,0
2588,DCF7B20B-A791-4B43-B954-27D3946D059E,,128.725,128.725,,,2D163A80-06C9-4E10-8246-6F1304BC2323,1,BLANK,0,0,1,1,0,0
2589,BF43A9B5-C924-4D9E-83F9-83E9B8CFA65D,,251.05,251.05,,,2D163A80-06C9-4E10-8246-6F1304BC2323,0,BLANK,0,0,1,1,0,0
2590,2A91F45B-57A3-4DB6-9F8F-DD1B41497E56,,350.325,350.325,,,2D163A80-06C9-4E10-8246-6F1304BC2323,1,BLANK,0,0,1,1,0,0
2591,A009B90E-C1B8-4F2A-9AC7-637A822E7A97,,124.875,124.875,,,A7796D4C-C5BE-4866-96C6-4B3E8C3DBF9F,1,BLANK,0,0,1,1,0,0
2592,D0C4BD00-63B3-4148-9AF5-4344EBB45D79,,126.675,126.675,,,A7796D4C-C5BE-4866-96C6-4B3E8C3DBF9F,1,BLANK,0,0,1,1,0,0
2593,0A808A63-8559-41BC-B17A-A06C3C6926BD,,132.05,132.05,,,A7796D4C-C5BE-4866-96C6-4B3E8C3DBF9F,0,BLANK,0,0,1,1,0,0
2594,747B150F-6B6D-4208-9A86-0E4C60EF2D54,,133.175,133.175,,,A7796D4C-C5BE-4866-96C6-4B3E8C3DBF9F,1,BLANK,0,0,1,1,0,0
2595,05F84FB3-47F8-48B6-AB87-0E62B519AAB9,,257.675,257.675,,,A7796D4C-C5BE-4866-96C6-4B3E8C3DBF9F,1,BLANK,0,0,1,1,0,0
2596,E3B23BD7-C984-4E3E-9514-2E36B9F46AFC,,299.2,299.2,,,A7796D4C-C5BE-4866-96C6-4B3E8C3DBF9F,1,BLANK,0,0,1,1,0,0
2597,E3016FF0-F3CD-47DC-B210-60B84A859A13,,354.025,354.025,,,A7796D4C-C5BE-4866-96C6-4B3E8C3DBF9F,0,BLANK,0,0,1,1,0,0
2598,EAAD1350-3A42-4BA1-82B6-AE242E8B83DF,,363.1,363.1,,,A7796D4C-C5BE-4866-96C6-4B3E8C3DBF9F,1,BLANK,0,0,1,1,0,0
2599,BE2AA72C-FDCC-46C2-8CF7-A91D716E8694,,290.2,290.2,,,8B326448-1671-4F21-A5F4-FB8EAB08834B,0,BLANK,0,0,1,0,0,0
2600,01F429E4-2422-48BA-8D58-A0F7D7CFAE02,,307.35,307.35,,,8B326448-1671-4F21-A5F4-FB8EAB08834B,1,BLANK,0,0,1,0,0,0
2601,D902A92C-9D3E-4648-8AE8-9D408FE3309B,,125.925,125.925,,,DAE6834F-A098-49F6-AA96-98173DA5A946,1,BLANK,0,0,1,0,0,0
2602,CD744793-57C9-4CE6-B75F-F54446E2E6E6,,132.675,132.675,,,DAE6834F-A098-49F6-AA96-98173DA5A946,0,BLANK,0,0,1,0,0,0
2603,B2EFA5AA-A67D-43A2-8E23-02E66590A104,,133.6,133.6,,,DAE6834F-A098-49F6-AA96-98173DA5A946,0,BLANK,0,0,1,0,0,0
2604,C47409DA-8CCC-4D79-BF54-B4EA25300818,,254.3,254.3,,,DAE6834F-A098-49F6-AA96-98173DA5A946,0,BLANK,0,0,1,0,0,0
2605,E6E04327-E966-43F9-BE02-FB6553CC70DF,,269.175,269.175,,,DAE6834F-A098-49F6-AA96-98173DA5A946,1,BLANK,0,0,1,0,0,0
2606,347EC2BA-3482-4641-976E-F0CB6707CF94,,279.5,279.5,,,DAE6834F-A098-49F6-AA96-98173DA5A946,0,BLANK,0,0,1,0,0,0
2607,48E44654-058D-4880-A980-3379F49C0581,,123.95,123.95,,,0CC0BC34-51C8-40FE-9713-F7781C9CD69C,0,BLANK,0,0,1,1,0,0
2608,F44860B3-8023-404E-A947-160EFBF9312C,,134.5,134.5,,,0CC0BC34-51C8-40FE-9713-F7781C9CD69C,0,BLANK,0,0,1,1,0,0
2609,1F6682F1-FFEB-4CE9-B921-46B3D534DD98,,263.075,263.075,,,0CC0BC34-51C8-40FE-9713-F7781C9CD69C,2,BLANK,0,0,1,1,0,0
2610,B6ACAD3D-E6DD-4E41-8136-8CA0336EA02C,,360.75,360.75,,,0CC0BC34-51C8-40FE-9713-F7781C9CD69C,0,BLANK,0,0,1,1,0,0
2611,D69FC946-437B-4B01-ACFD-CFEC91808F3D,,343.75,343.75,,,E9F24745-646D-484A-BF26-86A8C49E0D07,0,BLANK,0,0,1,0,0,0
2612,99543ED6-C8C5-4C68-A92B-8B7F0BA99B62,,118.55,118.55,,,C7BBEBAC-F790-4557-AAC9-3D25D55D60EE,0,BLANK,0,0,1,0,0,0
2613,9CD825D3-CBDF-4CBD-B926-D82B3EE613BF,,267.9,267.9,,,C7BBEBAC-F790-4557-AAC9-3D25D55D60EE,0,BLANK,0,0,1,0,0,0
2614,D6FD881B-7CBE-49B4-9168-F1D0AF342ABC,,120.55,120.55,,,D36D5EBF-4FFF-417A-BDA3-D8435B6071BD,0,BLANK,0,0,1,0,0,0
2615,144DA181-C3C4-46B8-B181-90633086776F,,327,327,,,D18DA696-0A00-43F2-8439-B7C4FD12B279,1,BLANK,0,0,1,1,0,0
2616,6726A7C2-302B-4071-8F9D-5362469C1DA9,,121.5,121.5,,,321C8E5C-89F1-422C-AE67-CC6725F11609,2,BLANK,0,0,1,0,0,0
2617,A255151E-C2B5-4D6B-9B37-A903C3564DCE,,132.625,132.625,,,321C8E5C-89F1-422C-AE67-CC6725F11609,0,BLANK,0,0,1,0,0,0
2618,532F2A93-2FE8-4589-96DC-B9E8B6917A25,,243,243,,,321C8E5C-89F1-422C-AE67-CC6725F11609,2,BLANK,0,0,1,0,0,0
2619,3BB856E8-33DC-4C39-BE73-286C979A3103,,353.625,353.625,,,321C8E5C-89F1-422C-AE67-CC6725F11609,0,BLANK,0,0,1,0,0,0
2620,E01CA53F-1AF4-4DB9-841D-D285ED6177B3,,120.725,120.725,,,24CC28A6-1701-4354-B64F-E03A0F06CEE8,1,BLANK,0,0,1,1,0,0
2621,F12FC15D-58BE-40EF-8C63-008415BBCEEF,,126.775,126.775,,,24CC28A6-1701-4354-B64F-E03A0F06CEE8,1,BLANK,0,0,1,1,0,0
2622,48E0A1BD-2A7A-4374-B9B6-E2DD28081E55,,127.85,127.85,,,24CC28A6-1701-4354-B64F-E03A0F06CEE8,0,BLANK,0,0,1,1,0,0
2623,037BE03F-9CD9-4451-BE83-855F17FB978F,,257.775,257.775,,,24CC28A6-1701-4354-B64F-E03A0F06CEE8,1,BLANK,0,0,1,1,0,0
2624,F0B666B9-C1D9-4578-BEDE-42ADFCDB5639,,353.575,353.575,,,24CC28A6-1701-4354-B64F-E03A0F06CEE8,1,BLANK,0,0,1,1,0,0
2625,F5A60D4C-0893-4F59-A709-E12BA2980F83,,132.25,132.25,,,89CD5B96-7548-420E-87F0-4A9A6C97A78D,0,BLANK,0,0,1,0,0,0
2626,B6443477-1E05-4C93-B415-69DC5FEEE0A5,,252.9,252.9,,,89CD5B96-7548-420E-87F0-4A9A6C97A78D,0,BLANK,0,0,1,0,0,0
2627,9F403DC5-FA84-41B0-8913-793312AE647E,,263.025,263.025,,,89CD5B96-7548-420E-87F0-4A9A6C97A78D,0,BLANK,0,0,1,0,0,0
2628,6C1E091E-978C-45ED-B78B-B89929CC68D5,,307.15,307.15,,,89CD5B96-7548-420E-87F0-4A9A6C97A78D,1,BLANK,0,0,1,0,0,0
2629,40025B1D-03FD-4418-B692-9F68DF0E9DD5,,122.4,122.4,,PRI,5A37E718-BB37-4259-9144-47B6B815D03D,2,BLANK,1,1,0,0,0,0
2630,45FF080C-6BBC-43F3-9E2F-E02FDAF1DDDF,,123.6,123.6,,BOTH,5A37E718-BB37-4259-9144-47B6B815D03D,2,BLANK,1,1,0,0,0,0
2631,B09976C6-4FE9-453F-9368-38C7E3E9A725,,121.5,121.5,,PRI,944A6975-C2D0-4A1F-886E-77338FC1A4D5,2,BLANK,1,1,0,0,0,0
2632,36F04FAA-89F4-40C2-9599-298B85DCA704,,122.2,122.2,,PRI,944A6975-C2D0-4A1F-886E-77338FC1A4D5,2,BLANK,1,1,0,0,0,0
2633,F4B5D47F-CDF7-46A2-A9BF-B37C566463B6,,123.6,123.6,,BOTH,944A6975-C2D0-4A1F-886E-77338FC1A4D5,2,BLANK,1,1,0,0,0,0
2634,1277D19C-BFA3-4F02-AE64-1CC85AB6ADDF,,243,243,,PRI,944A6975-C2D0-4A1F-886E-77338FC1A4D5,2,BLANK,1,1,0,0,0,0
2635,872E8ACB-8632-4E5D-80CB-017B17DCB076,,122.4,122.4,,,D40E5B19-89BD-4520-ADBB-ACFDBAB9C1E1,2,BLANK,1,1,0,0,0,0
2636,3BD1B8DD-E623-4B44-AF87-16DE5DBB27AB,,122.6,122.6,,,9855D02E-B592-4FD0-BD76-534D0FC70AC6,2,BLANK,1,1,0,0,0,0
2637,8019C507-E618-431A-8AB0-CE06C19D2F6D,,122.25,122.25,,,458B0750-B343-4C7D-AB11-2F2FF29982F7,2,BLANK,0,1,0,0,0,0
2638,A5E83490-588D-4711-B132-D8A77A388460,,122.2,122.2,,,94C6E3F4-E8A1-486A-B224-02E95653AE38,2,BLANK,0,0,1,1,0,0
2639,AB18659F-BBEE-4998-9F64-92767EF9451A,,122.4,122.4,,,415BA7C4-E5DE-4B80-AF5C-2CC8BABD32FC,2,BLANK,0,1,0,0,0,0
2640,C25AA25F-2502-4961-AC8C-8F3731917448,,122.2,122.2,,,1BBF38D0-2801-4C50-80DF-03D002BB0A47,2,BLANK,0,0,1,1,0,0
2641,4DDCF906-6A87-4B48-B312-18BCB12B2A0F,,,122.1,,,E7E6499E-0965-4818-B4F3-8FA219EFACF6,2,BLANK,0,0,0,1,0,0
2642,0208159A-9AEF-44A0-9B3F-5E20E2DEC2A7,,122.1,122.1,,,3C861BDD-FDC0-44D6-AE8E-7735BC2BF598,2,BLANK,1,1,0,0,0,0
2643,E12D5F96-CA5B-4D78-906E-48B2C77E8B56,,122.5,122.5,,,E6976E02-EA2E-43FE-894E-74FF3CF1CDEE,2,BLANK,1,1,0,0,0,0
2644,F0E1AA35-6759-43BE-BAFC-71CEB4506FA5,,122.15,122.15,,,8DAB8EE9-2C19-48E5-852C-7FF0520FAFE8,2,BLANK,1,1,0,0,0,0
2645,4E3A25C3-84A6-4B8C-A6EA-9495EBC8D932,,122.5,122.5,,,3A86663B-7860-4E97-BB33-7BE983D37A20,2,BLANK,1,1,0,0,0,0
2646,09C55E62-A286-4D5B-AC89-9D81AE5022CC,,122.5,122.5,,,62A14217-8ED4-4CD4-BD9F-CB2D65B6F252,2,BLANK,0,0,1,1,0,0
2647,1D8FCF0E-7061-4CA0-8717-AEC406C26D30,,122.4,122.4,,,0457EF1D-0A99-4FBB-B668-ECE299D127A7,2,BLANK,0,0,0,1,0,0
2648,E490875E-F316-4A7B-B14A-1906D5274FAE,,122.2,122.2,,,31654C05-C9A2-40DF-B9EB-4492486CC7CD,2,BLANK,0,0,0,1,0,0
2649,0D74287F-70CA-4FB3-9798-129081B300F5,,122.4,122.4,,,BFE81808-EC86-4DCF-AD3B-D168216EDAA5,2,BLANK,0,0,1,1,0,0
2650,0A193404-E3AF-4379-9F92-660389BB6E33,,122.2,122.2,,,EFFF815E-D621-4BF7-9ED2-9023BFB456B3,2,BLANK,0,0,1,1,0,0
2651,6C37FC24-8874-4689-94A4-932F51BA9E40,,118.7,118.7,,ADV,ABDBDFF3-8256-482F-8A80-DE7442B21F87,2,BLANK,1,1,0,0,0,0
2652,4D76B6F8-4043-43B6-97B5-9C65C8D6AAEF,,122.6,122.6,,,32771122-3D65-4A4F-8942-382B92ADC578,2,BLANK,0,0,1,1,0,0
2653,5561A981-3B32-4A98-A987-969C67C03E92,,,122.1,,,8185C361-0484-498E-92A0-7CDC06DB8D22,2,BLANK,0,0,0,1,0,0
2654,CF28C436-DB00-4A79-B5AE-A27A8B87102D,,122.55,122.55,,,67AD3241-2D2C-4B48-8E31-62D9161A57FB,2,BLANK,1,1,0,0,0,0
2655,2D86EF8E-2EF9-4F52-8D6F-AD0A6905145C,,122.2,122.2,,,AF925C5A-C1D1-478F-807B-B7FE1F58871C,2,BLANK,0,0,1,1,0,0
2656,AD307E1D-0DB2-4B92-97CB-CD2EDE2EEA4F,,121.5,121.5,,,F2944933-479C-4BE2-BCDD-A8D117E618DD,2,BLANK,1,1,0,0,0,0
2657,FB777386-F1DA-4B7D-9693-C8F949F69E6A,,122.3,122.3,,,F2944933-479C-4BE2-BCDD-A8D117E618DD,2,BLANK,1,1,0,0,0,0
2658,866DADE9-9CD3-4C39-B2C0-80587ECB9D36,,122.55,122.55,,,F2944933-479C-4BE2-BCDD-A8D117E618DD,2,BLANK,1,1,0,0,0,0
2659,6AE50DD5-A168-42BF-B65D-E68191A4CAA9,,122.6,122.6,,,51BC3588-8F4B-4A00-9317-58CD77C65907,2,BLANK,0,0,1,1,0,0
2660,E6C209F6-1CFD-4904-BE6F-C4887C43EEA1,,122.3,122.3,,,18AF86DC-90F3-4E22-8621-91138441B228,2,BLANK,0,1,0,1,0,0
2661,EA83E634-6780-4E97-BEBF-2176FA1BF1CE,,122.5,122.5,,,57377B16-7499-4518-B79B-D6386904F4C1,2,BLANK,0,0,0,1,0,0
2662,1D38A22B-BA65-47A6-911B-53916B531E46,,122.5,122.5,,,5A32ABEB-3469-4C05-B146-21BEA6FA3C32,2,BLANK,0,0,1,1,0,0
2663,571A51D4-A264-4B83-A25B-28885E6EEEAD,,122.4,122.4,,,F6F0EC7B-FB62-43C3-9074-75801FEB85B2,2,BLANK,0,0,0,1,0,0
2664,1754E5BE-5B13-4A1F-A9B1-E1947FA69B60,,122.2,122.2,,,645DD9A6-EEE0-40BA-B92E-B6B90F4BF156,2,BLANK,0,0,1,1,0,0
2665,6AF5EB50-8A45-4A83-B47F-D73E3F2DA3C0,,122.5,122.5,,,91D75EC5-3FAB-4E9F-8926-BB8E47B46EA1,2,BLANK,0,0,0,1,0,0
2666,19F21551-57F2-4E43-A2DE-DDA5F0EBE295,,122.6,122.6,,,B6930616-B948-4255-9CBD-9467E2B887AB,2,BLANK,0,0,0,1,0,0
2667,17B30A6D-B11A-4783-A791-3DBFE6CE0952,,122.2,122.2,,,E7E1AE78-B546-4056-A302-F7FC065602C8,2,BLANK,0,0,0,1,0,0
2668,82F1C04B-50E3-46AE-8954-04F3A3EBF645,,122.5,122.5,,,41A31B63-40F7-4966-9423-7D062C150413,2,BLANK,0,0,1,1,0,0
2669,A9A47C15-6B69-4E31-96F9-1272AF489FA1,,122.3,122.3,,,6FE43459-EEF6-4DD2-8B9C-6F1DAF9C5C41,2,BLANK,0,0,1,1,0,0
2670,7FB50A0D-FFD3-4BBD-B96C-D364BA6CD4EB,,122.2,122.2,,,457006A7-B735-45B7-A025-8E396C1DF15D,2,BLANK,0,0,0,0,0,1
2671,F7721C13-6065-4428-ABAD-2D0B73094E1C,,122,122,,,506F60D6-186D-480A-B6D0-8E7C8F21B7A2,2,BLANK,1,1,0,0,0,0
2672,702EC049-11EC-4BEE-976C-8EB170D37380,,122.2,122.2,,,2610BEBA-3BB8-44BE-B4F8-AF88821905A0,2,BLANK,0,0,1,1,0,0
2673,27B529CA-CF91-4E1D-8409-93D27FA5B9B6,,122.2,122.2,,,46AEB17E-CC60-4EDF-BE5E-4844E7ECC160,2,BLANK,1,1,0,0,0,0
2674,40573230-0C1C-42CD-89D6-EB2DE1B4B675,,123.6,123.6,,,46AEB17E-CC60-4EDF-BE5E-4844E7ECC160,2,BLANK,1,1,0,0,0,0
2675,7779DDBE-5706-48F3-BAD4-40EC1EC6078B,,122.2,122.2,,,1248CB61-27C6-4EC1-A032-6D16D574BD1B,2,BLANK,0,0,1,1,0,0
2676,C86D0C9E-14D8-4ABE-A3AF-C4AFD28EFBFB,,121.5,121.5,,,8DFE29C7-73B8-4767-B71E-9990A8CEFF26,2,BLANK,1,1,0,0,0,0
2677,6C6341A0-20EE-47DE-95F8-D644706E1314,,122.2,122.2,,,8DFE29C7-73B8-4767-B71E-9990A8CEFF26,2,BLANK,1,1,0,0,0,0
2678,4C9EC1A5-6FAA-4ACC-AD7C-34DDF69774FF,,123.6,123.6,,,8DFE29C7-73B8-4767-B71E-9990A8CEFF26,2,BLANK,1,1,0,0,0,0
2679,14C41AB5-4D18-48DF-9BD4-ABDB4C51EFDA,,243,243,,,8DFE29C7-73B8-4767-B71E-9990A8CEFF26,2,BLANK,1,1,0,0,0,0
2680,EF2BFF1F-881F-4A7C-B802-C2C65D5DE617,,122.3,122.3,,,B38C5D10-2F35-4BC3-A980-B3144730D3CD,2,BLANK,0,0,0,1,0,0
2681,8FD08081-E00F-4BC4-B443-B0CF047F4E90,,122.5,122.5,,,FB967CE0-5A72-4D12-BF0A-076CB1EA7ADF,2,BLANK,0,0,1,1,0,0
2682,6370767B-83E9-4388-AC73-48D45371FEDF,,122.2,122.2,,,4BAEBAF0-59B2-439A-9450-875959C89CD3,2,BLANK,0,0,0,1,0,0
2683,E1C0C05E-57F4-4914-B7D4-18D070C57F46,,122.4,122.4,,,32147E0A-1C12-489B-8232-1F7F61A9C5F6,2,BLANK,0,0,1,1,0,0
2684,CF49C7F7-B580-4B99-8878-F10DE1531239,,122.3,122.3,,,B5E795E7-8BC3-42A9-97D5-1B24F0F18C62,2,BLANK,0,0,1,1,0,0
2685,124DB49A-579E-4865-AEAC-8E4CC602263B,,122.4,122.4,,,10D08AF6-34BD-4935-AE28-B6CB7693F30B,2,BLANK,0,0,1,1,0,0
2686,39833602-B6A1-46E9-9DB7-44E7A0ECBE15,,121.5,121.5,,,46AEB17E-CC60-4EDF-BE5E-4844E7ECC160,2,BLANK,1,1,0,0,0,0
2687,DD0FBB72-74B7-481A-99B2-F8A5EF468DDE,,122.2,122.2,,,5A1AA588-6411-4823-BB08-2DD495F1C951,2,BLANK,0,0,1,1,0,0
2688,DDA66C85-ADB1-45D3-BBC4-894846314ABE,,122.3,122.3,,,C0CBE838-8CC5-4486-A613-DF159B3861DE,2,BLANK,0,0,0,1,0,0
2689,0B13384A-23BB-4841-99F6-1FF6B7F35B5C,,122.2,122.2,,,7D676ABF-BCA4-4D55-91C3-205B2CCF2365,2,BLANK,0,0,0,1,0,0
2690,98AA5B78-2A37-4440-AA22-2BD9CD1925C8,,122.5,122.5,,,8CDD610F-29B2-456C-A9B2-4C0E2727B434,2,BLANK,0,0,1,1,0,0
2691,38D97C7C-A19D-4FC3-8B04-AE22A1830ACE,,122,122,,,2FF3B812-AF70-467F-9EB3-C289A1C0FCE9,2,BLANK,1,1,0,0,0,0
2692,F44E414E-BC23-4670-AB82-7F1DB9C1EB0E,,122.2,122.2,,,70BA18AD-3D62-4080-ABF8-676A5DD8FCDA,2,BLANK,0,0,1,1,0,0
2693,EA923405-0D44-41BB-8797-45742A73A9FC,,122.2,122.2,,,FB3DF66C-8556-4696-9A9F-3BEDC5C7ED04,2,BLANK,0,0,1,1,1,0
2694,65522B70-8A87-4D57-B051-963B640D33C0,,122.5,122.5,,,838C9E10-AA22-4CF3-A0B0-CD8DC8F514E0,2,BLANK,0,1,0,0,0,0
2695,CEE7FE65-B7CF-4519-B91D-1BCB03C9B927,,122.2,122.2,,,65F7D219-4002-4A8B-AB74-2675521A2ADF,2,BLANK,0,0,1,1,0,0
2696,971E4AEB-1E8E-41D2-8C8F-B07181A88C4E,,122.3,122.3,,,BAA6CA6C-30BE-4098-8C28-3D220EAB4368,2,BLANK,0,0,1,1,1,0
2697,BFB94EC1-2D1B-44C3-9B2C-028E8C3A50DD,,122.6,122.6,,,932CEEDC-E19F-45BE-B2C5-429428266801,2,BLANK,0,0,0,1,0,0
2698,68279321-C2A6-43CE-9002-F25B2E2D25A0,,122.2,122.2,,,C470086F-B9DA-4437-85F7-1C0BE3EC0012,2,BLANK,0,0,1,1,0,0
2699,F1A5A8DD-5E84-496A-BBE8-F6E14E23DCD6,,122.3,122.3,,,19055158-455F-4C91-991E-9A8493B59D12,2,BLANK,0,0,1,1,0,0
2700,9669AD29-B045-40EB-8677-72905C28D005,,122.2,122.2,,,01813641-69D7-4D73-90D9-9109CBF638C4,2,BLANK,0,0,1,1,1,0
2701,FF0064BE-CF1D-410E-B4C4-42190BD05C5F,,122.2,122.2,,,9713051C-201A-4C82-A881-88F578BFBF78,2,BLANK,0,0,1,1,1,0
2702,2F5B9FAE-9932-42D6-B689-50458F9E19A8,,,122.1,,,B3CC624C-A8DE-4B13-AF9D-343765866B1C,2,BLANK,0,0,0,1,0,0
2703,442F0E66-533F-405C-9E7E-BC11E5AC6823,,122.2,122.2,,,AA5D3703-6C14-401F-8EBE-D3C8063B281F,2,BLANK,0,0,1,1,0,0
2704,17E6B923-6FB1-460B-B5C0-20FA3C2A95F8,,122.2,122.2,,,E1F921FC-83BB-47F0-84EB-8FC041F93E41,2,BLANK,0,0,0,1,0,0
2705,CF3CEC91-9505-45A0-A4ED-B9E7C6361453,,122.05,122.05,,,7E10577B-70B6-41A2-953B-672A60D587EC,2,BLANK,0,0,1,1,0,0
2706,461B07D8-7A7A-44EC-A7B5-0EC1D3A2D3E3,,122.3,122.3,,,24FB5B5A-90E5-42DC-B3FF-C9AFD76F3577,2,BLANK,0,0,1,1,0,0
2707,348E5ABE-658C-4502-A2AA-99DCCD172CF5,,122.3,122.3,,,4619D321-542B-4EFF-BECE-4074FBF4BCA0,2,BLANK,0,0,0,1,0,0
2708,E4ACCE03-8E81-4E41-A92E-16C437EFF04F,,122.3,122.3,,,02973ECF-52C3-4841-8AFF-43A771A3B17E,2,BLANK,0,0,1,1,0,0
2709,E90D24AE-1C21-456C-8013-0A15A68B2C21,,122.5,122.5,,,DCEC139E-E0E7-4A83-B21F-4983C5F9853B,2,BLANK,0,0,0,1,0,0
2710,426AF1E6-C198-4EB2-B010-FBDD0A9C9D63,,122.2,122.2,,,21113A60-9E0D-4C67-B5BF-B0032E4864B9,2,BLANK,0,0,1,1,0,0
2711,CB4F60AA-7B7D-48DA-91D2-073A8F6F36EA,,122.1,122.1,,,777AAF50-F910-46F3-A94C-1A0DE621D65B,2,BLANK,1,1,0,0,0,0
2712,C7859C37-EF7B-4841-83F0-FB8B33B7210A,,122.6,122.6,,,AA1697F8-71C8-48E5-A25D-318E79FA5F55,2,BLANK,1,1,0,0,0,0
2713,9123B35A-78F4-4E58-B155-193CA1B212AF,,122.3,122.3,,,FA0F6532-7342-43FD-A305-CEF6E4580F40,2,BLANK,0,0,1,1,0,0
2714,FAD2DC4B-BD26-40C6-87A7-2A1E5D304D7B,,122.3,122.3,,,C373C90D-E821-4AA8-BD1F-E53F532B7966,2,BLANK,1,1,0,0,0,0
2715,77A3795E-1EA7-4B6B-8CA6-F13EF62816CD,,121.1,121.1,,,82B53968-CD78-4893-B04B-CF507AE186AE,2,BLANK,1,1,0,0,0,0
2716,E0CC49BD-C28C-4452-A488-BDAE6385B01D,,122.6,122.6,,,1B9842CC-F5E2-45EC-AD75-CF8E79CD15C1,2,BLANK,1,1,1,1,0,0
2717,9290CEC6-8DD2-41E1-928D-B4B6FFBAEF45,,122.2,122.2,,,F0077EE6-E2EE-488E-BE33-9466A75BEB98,2,BLANK,0,0,1,1,0,0
2718,0471A19C-13BA-47B3-8717-3558A8F8846C,,122.6,122.6,,,236841CF-1DE9-41FF-B4BA-00C989B6A5D4,2,BLANK,1,1,0,0,0,0
2719,87C70F50-EF69-4D31-9B5C-5E10A8CF215B,,122.6,122.6,,,807136B4-BFA6-4AAE-820B-7981988A200E,2,BLANK,1,1,0,0,0,0
2720,073BFFDC-9F9A-495E-B3C5-27B5E6B6DFAB,,122.2,122.2,,,827E49BC-D076-4DB6-ABEE-3C73B3900435,2,BLANK,0,0,1,1,0,0
2721,6B18C24B-64D4-4ADD-8711-030EFB981454,,122.5,122.5,,,C908CB46-9CBC-4595-B107-F58CAD8D112B,2,BLANK,0,0,0,1,0,0
2722,BA8C0069-7F70-43B5-9273-686A95002926,,122.2,122.2,,,15C4F3D9-A9FF-497B-A75D-B0932F2D0DD0,2,BLANK,0,0,1,1,0,0
2723,4C2C6D38-C228-4B1D-B3A0-1FFE5FD40505,,122.2,122.2,,,124E237C-F6DB-4B11-A83D-91549D2498DA,2,BLANK,0,0,1,1,0,0
2724,073BD244-0002-4971-8DD1-707348928BCC,,122.6,122.6,,,F2FEDE94-7C47-4482-B1EF-6C07F9BFD20D,2,BLANK,0,0,1,1,0,0
2725,ACA14C57-6747-4676-B375-7804B8DFDA5F,,122.15,122.15,,,D8F115C4-2E1D-4699-84F1-EEA7175207E3,2,BLANK,1,1,0,0,0,0
2726,90CE5A2F-CCB5-478E-BE90-17A29DF63BC6,,122.2,122.2,,,A3DF0813-753D-4B20-8755-5F245AE7A4A8,2,BLANK,0,0,1,1,0,0
2727,3BDD40E6-0476-4EEC-8106-099928EBD244,,122.4,122.4,,,75DE6004-308F-4E69-AD62-DBEAA23EBDC7,2,BLANK,0,0,1,1,0,0
2728,DE8AFE0C-0A65-464F-862D-63BE5FAD6A15,,122.3,122.3,,,71D0DC06-B07B-471D-BEC7-49EA537B5D2E,2,BLANK,0,0,0,1,0,0
2729,51B6480B-87C3-4C09-AA85-05F04C8D0971,,122.6,122.6,,,D9DBE7DE-070F-4D44-B16E-3F50B032868B,2,BLANK,0,0,1,1,0,0
2730,AD546D2E-8210-4A9B-8F36-EF53C738B360,,122.4,122.4,,,14E7A97E-2BC6-4D6B-86FC-10D1AC17E028,2,BLANK,0,0,1,1,0,0
2731,BE31BB0F-471B-4D81-BBFD-73E864B2839B,,122.2,122.2,,,5A92CE08-5D9F-400B-83D3-76A2538DEB81,2,BLANK,0,0,1,1,0,0
2732,A4D906EB-5FB1-4E2F-85B7-2AAC886E336D,,122.4,122.4,,,BC970C03-D7AD-4E9F-9B18-84E99C0636A2,2,BLANK,0,0,1,1,0,0
2733,324CEE9A-C377-487B-9576-3BA7AEE5CF70,,,122.1,,,61A7E8AE-3175-4F66-A69A-9867D7EC8903,2,BLANK,0,0,0,1,0,0
2734,6E46848E-6D03-4C4B-B154-E11521F39B36,,122.2,122.2,,,6BDB9389-640F-4B88-A96D-93DAFFC439B9,2,BLANK,0,0,1,1,0,0
2735,1DC94F9D-0D5F-4A4B-AA18-47C0AC07598A,,122.2,122.2,,,D90EDCF3-7FB7-4D0A-BD4E-613DCE478C45,2,BLANK,0,0,1,1,0,0
2736,47881294-79C5-4456-B97F-4AC04BF53F61,,122.3,122.3,,,85BB7446-BB55-4E85-A81D-3EA81BCB3CAA,2,BLANK,0,0,1,1,1,0
2737,5397742D-3D1A-4E16-907D-E1C4DE50BAD7,,122.3,122.3,,,42B693CB-6648-4AA8-81E6-F2DC9719C80F,2,BLANK,0,0,0,1,0,0
2738,7F2CA208-96DF-48C3-8D37-29CE5DCD7DDD,,122.3,122.3,,,DEB592C6-6166-4A31-B809-30F9552548C7,2,BLANK,0,0,1,1,0,0
2739,400FD7E3-8314-44E2-A9DF-05418DF3A335,,122.2,122.2,,,5300EF58-C4F1-49A6-9674-F86E4A863199,2,BLANK,0,0,0,1,0,0
2740,1561C5E3-52D5-401E-96BA-ACAC94DD6B1D,,122.6,122.6,,,0D2E5292-AC65-451A-AD3E-2694BAC1C391,2,BLANK,0,0,0,1,0,0
2741,353E1E97-904A-4096-BFDE-DC27C8917DC5,,122.4,122.4,,,E0D6DFC3-7766-4A5D-8C86-C10C82482713,2,BLANK,0,0,1,1,0,0
2742,8D8C58D2-95F3-4165-B591-A2E4D400A2DC,,122.35,122.35,,,F8A8F3CB-D2F7-4B6F-8B70-A9EF68FF345B,2,BLANK,0,0,0,1,0,0
2743,F0885DAB-8389-4DB5-A2C5-DFB4435F8736,,122.5,122.5,,,D11A6131-F20D-4163-843E-ABBB1EDB3228,2,BLANK,0,0,1,1,0,0
2744,83B37C8D-6794-4BD1-8B4F-11A6843B6A94,,121.1,121.1,,,A7194C6C-90F8-4B1F-B4B6-6B2D01F7E629,2,BLANK,1,1,0,0,0,0
2745,347A46DE-9D17-476A-B92E-C254194A73D7,,122.6,122.6,,,6F9E01A4-ACA9-4B2D-9D85-B0E5088DC8A5,2,BLANK,0,0,1,1,1,0
2746,2DC952B2-BC71-42C4-8625-0E227A7A8918,,122.3,122.3,,,4359FF5F-25DD-4BE5-89BD-238F550E83C4,2,BLANK,0,0,1,1,0,0
2747,039069DB-9ADC-440B-9604-150727EE18AB,,122.5,122.5,,,19B7C1C8-82F3-4390-9ACE-8D57C13903A1,2,BLANK,0,0,1,1,0,0
2748,3BB05137-6CD4-40F3-933B-C93EAEABE303,,,122.1,,,29DD70D6-977B-4EA0-B9EE-806CC95BA99E,2,BLANK,0,0,0,1,0,0
2749,876126DE-76EB-4F40-9F6F-244DC16B978A,,,122.1,,,958D3C24-A902-4394-AD79-36E55E4B8614,2,BLANK,0,0,0,1,0,0
2750,7CC82A27-9924-464E-8BDF-B8C40C9F81D6,,122.2,122.2,,,384951CC-BB42-44BF-82F1-C695897A0634,2,BLANK,0,0,1,1,0,0
2751,E5392226-78DE-448F-8848-5E35F0C61EF4,,122.4,122.4,,,4E2E2968-37C9-4DF5-8C86-750FEBB9FDBE,2,BLANK,0,0,1,1,0,0
2752,540D1EA8-F07F-435A-8216-768BC81157BD,,121.5,121.5,,,3D8AA786-5F0D-4D91-8611-E5BE292E3E11,2,BLANK,1,1,0,0,0,0
2753,BC95A636-A809-46E3-BEFB-5460DCB66E2C,,122.65,122.65,,,3D8AA786-5F0D-4D91-8611-E5BE292E3E11,2,BLANK,1,1,0,0,0,0
2754,E97940BD-32E4-4E1A-813A-84FF3EF6745F,,122.2,122.2,,,977DE2CD-5539-4121-982B-0F0A64F195F3,2,BLANK,0,0,1,1,0,0
2755,D5914BBF-F083-4283-B953-8F6F14971643,,122.4,122.4,,,04233D04-CDA3-440B-87E0-4F2D3C6F7244,2,BLANK,1,1,0,0,0,0
2756,C3CA33A0-132C-4D11-9650-84F67760196A,,122.35,122.35,,,AC94F1F8-9E45-4773-ADD0-F45D4358F26F,2,BLANK,1,1,0,0,0,0
2757,78AE4800-AE31-4F23-AED1-A59680A46D08,,121.5,121.5,,,E414130A-C2EF-4B82-94AF-299A0C55353E,2,BLANK,1,1,0,0,0,0
2758,2A1B5B07-E437-48CD-B6FA-A7B9555C2113,,122.6,122.6,,,E414130A-C2EF-4B82-94AF-299A0C55353E,2,BLANK,1,1,0,0,0,0
2759,05725700-8EFE-4112-B5FB-277C09C49268,,122.2,122.2,,,F5A59832-0C8B-4BD3-ABB8-28E1F724DD29,2,BLANK,0,0,0,1,0,0
2760,BA7D2CF8-9634-4BB0-AAE1-61EED999FB3B,,122.6,122.6,,,744705F7-D818-4F3D-AEC1-229B700FCB11,2,BLANK,0,0,1,1,0,0
2761,AAD21F6C-A97F-49EA-ABF0-1343BEE5DB27,,122.4,122.4,,,CFECC0C0-0439-4625-AC33-5D448B23F213,2,BLANK,0,0,1,1,0,0
2762,E609971B-5ED1-4721-BC11-A43167E1ABB3,,122.6,122.6,,,CC0E4798-30C7-46C7-9DE5-D67675B3251E,2,BLANK,0,1,1,1,0,0
2763,C8BF0319-8889-4FCC-9132-B4D7D428F2A6,,122.45,122.45,,,9B2BC5E6-0226-48B1-8D1A-052E0CC89115,2,BLANK,0,0,1,1,1,0
2764,1C5FE5BE-1A95-4AC5-8E17-9F3C0AFDC5D9,,122.4,122.4,,,724E6AD5-7FF5-49E7-9F99-508D50051288,2,BLANK,0,0,1,1,0,0
2765,D97D5E46-715F-4F7B-80EF-8545B1F07568,,122.2,122.2,,,94FA2D33-DC0A-481A-BA55-603734F5CDCE,2,BLANK,0,0,1,1,1,0
2766,C52A02A2-94E4-45C8-BCA5-8CCA71541BAA,,,122.1,,,E3137C74-F272-4AFC-AC3A-27227D7CFD50,2,BLANK,0,0,0,1,0,0
2767,CEF14B32-E62C-4DE4-A4FE-E41CAE57DCA9,,122.6,122.6,,,82BCAB55-88FB-4AC0-B6AA-89592C8EDCE0,2,BLANK,1,1,0,0,0,0
2768,17208068-7691-47B7-BFC1-C5183F5EBCC8,,122.35,122.35,,,BF3EF073-35CD-41CE-9E13-864959E264A9,2,BLANK,0,1,0,0,0,0
2769,03ADC4A8-6A7F-43E3-9C7B-C6CB131E8DAE,,,122.1,,,C0537BF9-09EF-402C-9BBD-3388D75E9D67,2,BLANK,0,0,0,1,0,0
2770,D9DD2080-AE1F-4F52-BB01-66B448462E67,,122.4,122.4,,,9CA6A904-2094-4E4F-AB6E-CD9E413AEA1A,2,BLANK,1,1,0,0,0,0
2771,77DAC532-D601-485C-8FE7-6159EE374980,,122.2,122.2,,,C9F30B9D-394F-49D7-AA4B-0F79F9D645C9,2,BLANK,0,0,1,1,0,0
2772,93D8D421-98B6-4E1E-BF78-1D9393BB1F44,,122.2,122.2,,,35111634-A9F5-42C7-BD0D-D2109373377A,2,BLANK,0,0,1,1,0,0
2773,D9C0DF13-8128-40D0-8853-0D6F3DBC65C0,,122.2,122.2,,,6E6A0516-9647-4329-BE36-5969B211603C,2,BLANK,0,0,1,1,0,0
2774,450954D9-27C6-4644-BE96-8BAA7997339D,,,122.1,,,42B80831-BC16-4574-8483-FE90FB6E4FE8,2,BLANK,0,0,0,1,0,0
2775,94B95B40-3FF3-4A72-8328-222B869235BD,,122.6,122.6,,,3698416A-4078-4294-A031-D65697E28EA0,2,BLANK,1,1,0,0,0,0
2776,2DB4BBFB-A946-4AA4-9DA8-AC2A25F533C3,,122.2,122.2,,,5DB5E4D9-37BE-4E5F-B7E8-E08F2EFC73B0,2,BLANK,0,0,0,1,0,0
2777,E00E5709-7AE8-4D48-82D5-8069B1029B4C,,122.1,122.1,,,1AC7F3A6-43BB-4DAC-9012-8C72BA15D3B7,2,BLANK,1,1,0,0,0,0
2778,E758571A-2678-4C16-B47D-F80ABB21B572,,122.2,122.2,,,9F4985D3-2FD6-4F69-BF34-86213BC11C22,2,BLANK,0,0,1,1,0,0
2779,EA7EDB20-199F-43BF-8700-B642398CE006,,133.15,133.15,,,FD89E732-83CC-4CA5-8D34-A59360430674,2,BLANK,1,1,0,0,0,0
2780,23E10373-FB54-44BB-966F-41510329E167,,122.3,122.3,,,02515069-C91D-4928-B5D4-A275B1CB18E0,2,BLANK,0,0,0,1,0,0
2781,CA0E348E-DBC4-4E46-AFEA-DB140EF3D009,,122.5,122.5,,,05D70A62-07C5-440F-9911-6783C8B065BA,2,BLANK,0,0,1,1,0,0
2782,82C1C4FB-C9EC-4705-8ADA-81FDC1155067,,122.2,122.2,,,B5800A7A-A629-4FD6-9BF1-8AA3D3ABBE59,2,BLANK,0,0,0,1,0,0
2783,4751C789-29A0-4B74-A12E-33D42FF7496A,,122.6,122.6,,,B6B38001-FA10-4E63-A0BC-282D157CD98C,2,BLANK,0,0,1,1,0,0
2784,967CD942-4FCB-4E8F-A762-5F3F52AAB956,,122.2,122.2,,,BB58131F-4F18-4B8E-8E69-8D8EFF6F9699,2,BLANK,0,0,0,1,0,0
2785,951FA2D0-0F4A-4404-99D4-FB64F6B99FCA,,122.15,122.15,,,5426EB4A-10BB-440F-B162-76EDD2998DFA,2,BLANK,1,1,0,0,0,0
2786,5E265900-E8E8-47C5-8FD5-5C802CAD4758,,135.6,135.6,,,C091A622-C016-4D6A-BF09-297D25142FDF,2,BLANK,1,1,0,0,0,0
2787,79AB0108-58BB-412E-BDDE-86FCB5CCB217,,122.25,122.25,,,59298FE4-6EE2-4E7C-948E-64E85DD7E80A,2,BLANK,1,1,0,0,0,0
2788,58CA6B4D-6B3A-4420-92FE-A3FEDEB43749,,122.55,122.55,,,56B61D4E-8DEB-4E01-B0A2-302B8ECE5BF4,2,BLANK,1,1,0,0,0,0
2789,EAF489C4-2CC2-47DD-9E49-2FCD9A18DD79,,122.2,122.2,,,C5A0740A-A258-42DE-9BF6-99E3BD067910,2,BLANK,0,0,1,1,0,0
2790,5291F489-0301-415D-BF43-7AC835B691C1,,122.2,122.2,,,002A8F0A-2F4A-4377-A07C-3D12AC4C7A49,2,BLANK,0,0,1,1,0,0
2791,BA6DF110-7AC3-4CB3-9528-2FA54B800EBF,,122.2,122.2,,,2416412B-47EB-4AD2-8051-9325D3930560,2,BLANK,0,0,1,1,0,0
2792,6CCEAB98-00D2-4E95-85E2-04C68E392973,,122.5,122.5,,,900A5866-2146-48D6-9C95-88FB4163F8F2,2,BLANK,0,0,1,1,0,0
2793,EEDC0732-3AA5-429B-8818-889946816032,,122.2,122.2,,,0E612795-ACFC-43F7-A4C5-C9045B8036F2,2,BLANK,0,0,0,1,0,0
2794,4396003C-7B0E-4571-B3B8-3E83DD39E010,,122.5,122.5,,,8A817578-E56E-4D32-AC73-A1E1CD6AD002,2,BLANK,0,0,0,1,0,0
2795,85888B3C-9BC6-42F6-B541-E3F39CF5F196,,122.6,122.6,,,5A1B9580-6564-4932-8FE9-D8EC65934B69,2,BLANK,0,0,1,1,0,0
2796,904795C5-8CB3-4EB8-BEC9-2A921AC85C07,,122.2,122.2,,,E5AEE806-2B16-4CDD-8F91-50DEF9014DC6,2,BLANK,0,0,1,1,0,0
2797,00E6EEDE-794C-490A-A18D-75A6B019C04B,,122.3,122.3,,,5E31EABB-A8D8-4212-879D-497456CFC4B2,2,BLANK,0,0,1,1,0,0
2798,35D86601-E767-4EF4-90C8-1549DB762D10,,122.6,122.6,,,38240667-58B2-4D61-8B75-2C659FEE9428,2,BLANK,0,0,1,1,0,0
2799,51907BEE-E96B-47E9-9F73-AFDCEA26FF0D,,122.6,122.6,,,6AF876E9-4020-4758-B9AC-329CD1872A59,2,BLANK,0,0,0,1,0,0
2800,C5BF6E1C-FA7C-41BC-8AD9-336AB9F77F48,,122.2,122.2,,,CB29A520-A5BB-4A86-BAE1-AE4C9DBEFE48,2,BLANK,0,0,1,1,0,0
2801,187F757E-B363-4B32-AFF6-0F661B51446E,,121.5,121.5,,,BCAD58BC-EFD6-4208-AA68-4303DF8D5F12,2,BLANK,1,1,0,0,0,0
2802,512EED4A-5CD4-4A2C-BA99-6C7C57ABF079,,122.2,122.2,,,BCAD58BC-EFD6-4208-AA68-4303DF8D5F12,2,BLANK,1,1,0,0,0,0
2803,4E1C623C-8DD0-4981-8115-06170F55BE19,,122.65,122.65,,,BCAD58BC-EFD6-4208-AA68-4303DF8D5F12,2,BLANK,1,1,0,0,0,0
2804,4F0D6963-A3B5-4717-9DE2-7D6BE0B90F99,,123.6,123.6,,,BCAD58BC-EFD6-4208-AA68-4303DF8D5F12,2,BLANK,1,1,0,0,0,0
2805,39200DFD-559C-4B59-B5B3-5B7FBD016999,,121.4,121.4,,,A2829E30-A325-4BF4-91AA-6316E88604C5,2,BLANK,1,1,0,0,0,0
2806,A3DF5210-81CA-490E-8A58-1DA3A8FFAE88,,122.3,122.3,,,C0D3EB2B-6D07-4B3C-A3A0-A3163290B058,2,BLANK,0,0,0,1,0,0
2807,B24A3B7C-D498-45A1-A290-44F331E5CDB4,,122.2,122.2,,,43C2F259-A14D-4F8C-8934-29EA9953C917,2,BLANK,0,1,0,0,0,0
2808,4F9B8AFC-AB01-412F-A0F9-C3B230536382,,122.2,122.2,,,7234B876-E9A4-44A0-8504-8E88F51A8DE4,2,BLANK,0,0,1,1,1,0
2809,B5116275-6D15-4A55-B0B2-25E402CBC291,,122.2,122.2,,,4537D496-E86C-4A04-BDAA-F3249533345F,2,BLANK,0,0,1,1,0,0
2810,5252AA74-20A7-4169-919D-17A0D4945CAF,,122.5,122.5,,,6639AA36-749B-4DDF-9B82-5ED92B344298,2,BLANK,0,0,1,1,0,0
2811,264EC63F-80C9-47D7-B892-1AB5FF1E298B,,122.2,122.2,,,6798B0CB-C7C7-4550-ABCB-36AA5A5B2E52,2,BLANK,0,0,1,1,0,0
2812,539E7514-0CB3-48C4-B592-6AB5A90F0664,,122.6,122.6,,,4224BAE2-3195-48DC-B4D0-0E987B8DFE3C,2,BLANK,0,0,0,1,0,0
2813,3E06AC65-4D75-461B-8FD2-B4CE2276E797,,122.2,122.2,,,D37C3551-4226-46B8-A766-D6746242EDC9,2,BLANK,0,0,1,1,1,0
2814,10DA8625-48FD-49EF-9050-007861A6181A,,,122.1,,,6307D3CD-5700-4811-8FC1-EB4DC5441813,2,BLANK,0,0,0,1,0,0
2815,8593B864-6C23-461C-AE6B-0B1F148CD7FE,,122.6,122.6,,,6307D3CD-5700-4811-8FC1-EB4DC5441813,2,BLANK,0,0,0,1,0,0
2816,AC134163-8220-4FBD-A3C9-CF4F0A8F51E1,,122.6,122.6,,,DACB4CB4-2817-4478-83FA-4CE07E64582E,2,BLANK,0,0,1,1,0,0
2817,A0A14E51-F764-492B-9ECF-B837FA5FAA93,,122.4,122.4,,,51D22E4A-0D19-44B0-BA9D-1D83E4D7C982,2,BLANK,0,0,1,1,0,0
2818,8C098DBC-B1F9-4185-BF81-D662DB121BB9,,122.4,122.4,,,9EFFACAD-E0B2-45FB-92F7-8C50609E4604,2,BLANK,0,0,1,1,0,0
2819,1E73D716-1C5D-4D0D-802E-C87947C5BC8B,,122.3,122.3,,,E373937D-A8C0-471F-8FC8-B3678B215CD1,2,BLANK,0,0,0,1,0,0
2820,3EB620F4-DE2F-43E3-8606-6AE7FF873C3C,,122.4,122.4,,,E6701D98-AB78-4F69-877A-B31B9C336DDD,2,BLANK,0,0,1,1,0,0
2821,20DEF0DE-3BED-4100-AF44-268FAA83B5A7,,122.5,122.5,,,52D0D2BB-EE39-4B58-AB65-45C52B33DA6C,2,BLANK,1,1,0,0,0,0
2822,7C0C7FCB-31E3-4C19-928E-E9681E298A89,,122.4,122.4,,,A3C88C26-FB4E-4960-9577-21C15B26ADBE,2,BLANK,0,0,0,1,0,0
2823,1835EDA5-10C4-4871-B053-0856D6EB699C,,122.2,122.2,,,04E8CA38-0BD6-4E07-ABD7-385ABD1B12EA,2,BLANK,0,0,0,1,0,0
2824,A2F6962E-6344-4054-89D1-E398357E59F2,,122.2,122.2,,,24745102-6830-4CBF-B828-6BE396851F3A,2,BLANK,0,0,1,0,0,0
2825,31F3B068-534D-49E3-82CA-05AEEC87709E,,122.2,122.2,,,FD0E9132-63EF-438C-9074-F8FBEB2054B9,2,BLANK,0,0,1,1,0,0
2826,FBAD9D78-0526-48C7-A800-6085F35BFD35,,122.4,122.4,,,B2DA475C-9989-4A9A-9171-69B7AC5BE73E,2,BLANK,0,1,0,1,0,0
2827,9429D5F6-291D-4E72-A2CB-2C1D12A447FD,,,122.1,,,13721048-084A-40A2-BB95-9BC96C5B7420,2,BLANK,0,0,0,1,0,0
2828,FD4DD32D-70DC-4946-A441-FCED8707FC02,,122.3,122.3,,,FA19AAB4-9BF2-4871-9F6C-794A755012C1,2,BLANK,0,0,1,1,0,0
2829,B481EF03-A146-466C-B8C0-8ED76D00CF74,,122.2,122.2,,,327AD63A-C79E-4B3E-B08E-9FD3E581403F,2,BLANK,0,0,1,1,0,0
2830,5487D87F-F0A1-4509-A213-E51F82311045,,122.2,122.2,,,8E115AAD-BC09-4122-A9DF-1117708754CD,2,BLANK,0,0,1,1,0,0
2831,61543BAD-CD09-41B5-8F6A-59C2078DF7C9,,122.4,122.4,,,1BF40346-B133-45FC-9E69-07A193E202A4,2,BLANK,1,1,0,0,0,0
2832,11CE8705-E218-4A08-9C09-641437542BE0,,123.6,123.6,,,1BF40346-B133-45FC-9E69-07A193E202A4,2,BLANK,1,1,0,0,0,0
2833,7188C988-AD53-49B7-B9F3-F36296BA6E42,,122.6,122.6,,,76F373D6-0DBA-47BF-AA2C-CA0A1049E38F,2,BLANK,0,0,0,1,0,0
2834,A1CD5870-0CBE-40E0-BF08-77C49743180B,,122.5,122.5,,,50F1B150-7C90-42BF-B59B-AB6B252310B6,2,BLANK,0,1,0,0,0,0
2835,2AA7B7D9-C418-43CC-BAC6-DB08B8396C3A,,122.3,122.3,,,F7C58264-F8B8-41BF-AB4E-04C0E7BEB4C3,2,BLANK,1,1,0,0,0,0
2836,A5ED0E37-F225-4B6E-A707-15729A31CA21,,122.2,122.2,,,DE1A707E-DC5A-4D1E-A8A2-7B46624AB0EC,2,BLANK,0,0,1,1,1,0
2837,9C6937F8-ADDF-4350-81DD-7D47DBFE2CC4,,122.4,122.4,,,6BDC01AA-E658-4D5D-B544-0A9181EB9194,2,BLANK,0,0,0,1,0,0
2838,F572EFD7-80D1-4FF2-A2EE-6777A7D834EB,,122.35,122.35,,,DA2D1158-CFB5-40FE-9897-CC74C060EC01,2,BLANK,1,1,0,0,0,0
2839,2B9D3A80-77E8-4593-9F72-66E236B6E895,,122.5,122.5,,,CBD4AF64-CBA6-452C-92B0-3B1208C3D7F9,2,BLANK,0,0,1,1,0,0
2840,4B8A4AD4-ED67-4414-9C38-B77DED0690A6,,122.2,122.2,,,FA29B4AC-58AA-4B76-B03F-E9080588C739,2,BLANK,0,0,0,1,0,0
2841,D84D22A1-FD30-41A7-A5AB-309B28CF8867,,122.15,122.15,,,7230FFDA-5EC8-4B81-BBA6-7752FCF4C3A5,2,BLANK,1,1,0,0,0,0
2842,4CD048E0-900D-4A75-BB59-B6A1859E2344,,122.25,122.25,,,D7CD90B5-EDB9-4D14-AB9E-B8EAD0689004,2,BLANK,1,1,0,0,0,0
2843,BFA0D176-17AB-41FB-BC03-79F7EA8A5FDD,,,122.1,,,75484B15-8460-4FEB-BC74-FE668CC634FB,2,BLANK,0,0,0,1,0,0
2844,F1003883-E629-412F-9EF1-898F5ACED253,,122.5,122.5,,,AC19E9A6-FD98-42FA-8608-858965C9C810,2,BLANK,0,1,1,1,0,0
2845,9554133C-B062-44C2-8F27-92810DEE37D9,,122.2,122.2,,,9D9F6769-3247-4AB0-8716-7A64B89AFE8D,2,BLANK,0,0,1,1,0,0
2846,CCF9E187-7BAF-4E6F-A635-FEBBE6F38161,,122.6,122.6,,,82F49130-AF55-428A-A959-EC39F8880191,2,BLANK,0,0,1,1,1,0
2847,12E1A61D-2869-42D3-909B-C38A8636EDB7,,,122.1,,,D458B9A7-175C-4004-9A09-3E50081F86B5,2,BLANK,0,0,0,1,0,0
2848,A20C862C-B3F1-4393-8A88-97064E73914D,,122.5,122.5,,,41ABCA21-C003-4A3A-9F77-5231CB6AFA9E,2,BLANK,0,0,1,1,0,0
2849,94B77E17-D0A6-41A2-A707-D71D4CF88AB4,,122.5,122.5,,,679111A6-2905-4152-B032-DBEC18CB1C63,2,BLANK,0,0,0,1,0,0
2850,1E46E434-2FD4-47CA-9429-1388B1F97F15,,122.2,122.2,,,7769998B-50DA-4EA4-A1DC-208B04C1AA6C,2,BLANK,0,0,1,1,0,0
2851,E1BC9EFB-725D-4206-9AFD-65D908D003AD,,122.3,122.3,,,9512DE19-2F49-40B2-9B20-6C492B22B864,2,BLANK,0,0,1,1,0,0
2852,47663D91-60F9-4D46-B5BE-62C01F0265A1,,122.6,122.6,,,92BE3521-CED6-42A2-8B2C-978249E88861,2,BLANK,0,0,1,1,0,0
2853,568CE558-CF8D-4B48-B07F-9469900E72FF,,122.05,122.05,,,5116B481-36A0-41AE-BBB1-6ACE9D77E1ED,2,BLANK,1,1,0,0,0,0
2854,852B3AB1-ADE4-4375-BD5A-1EC6B0635629,,122.2,122.2,,,2B64E77D-9A90-4B65-838D-E2D2EB6CD651,2,BLANK,0,0,1,1,0,0
2855,EC5019E7-82C0-4808-8548-24C8195DB586,,122.2,122.2,,,71110D00-ECEE-4DEF-B24F-6CCDFCC06C9B,2,BLANK,0,0,1,1,0,0
2856,4E786BBD-0ECC-4ACD-8557-C5830A66AED1,,122.3,122.3,,,F7B048A5-6905-495A-9964-7C8F8A02ACD7,2,BLANK,0,1,1,1,0,0
2857,D589CD76-B490-4F63-B30E-002B417E885D,,122.3,122.3,,,BC459718-927F-42D9-950A-5298D4A414CA,2,BLANK,1,1,0,0,0,0
2858,46697D30-2363-4212-92ED-74FA6FD17D0F,,122.4,122.4,,,FD2510FD-E55A-4055-9260-BE0875CF249D,2,BLANK,0,0,1,1,0,0
2859,5062AB63-641F-4F87-8623-56527869634A,,122.3,122.3,,,6105E818-BA9A-4D53-B8F8-71049AE639B9,2,BLANK,0,0,0,1,0,0
2860,2F8BF456-DA27-40A4-9A5F-0218CC83A27A,,122.5,122.5,,,F785B631-4DC4-4957-A8C4-47852E54A800,2,BLANK,0,0,0,1,0,0
2861,294012DD-E2E2-4AC8-AA73-9091256222C9,,122.4,122.4,,,63F76901-0EBF-41A1-A903-7088685666DD,2,BLANK,1,1,0,0,0,0
2862,592C7012-AF85-4062-BB3B-EBE09BE093F7,,122.5,122.5,,,B39F6238-2F5D-4231-B21E-120462C00810,2,BLANK,0,0,0,1,0,0
2863,CFF3EC46-3AD5-4A19-A3AA-7F3C30BD6410,,,122.1,,,DE79AA50-5739-4909-9419-D30C2444405B,2,BLANK,0,0,0,1,0,0
2864,96A9D300-2FA8-4E0A-8B1F-1EDCEECFD13F,,122.6,122.6,,,D8E6BF85-EB6D-4E74-93FE-9FEF78AC7AD6,2,BLANK,0,0,1,1,0,0
2865,30517507-D1CB-414C-B386-631F88B7CF58,,122.4,122.4,,,A98AED12-0615-4596-97AA-9F1C5C9729D7,2,BLANK,0,0,0,1,0,0
2866,06EC02E2-DED7-4EE5-B140-40B11F907A0B,,122.2,122.2,,,F2246E0F-843B-4CEB-ADCE-FBA52A2D4E8F,2,BLANK,0,0,1,1,0,0
2867,9F574C1B-1868-4933-9D0A-0E1287E348B2,,,122.1,,,9640BB99-D5DD-45DF-8B26-C254B2EF6178,2,BLANK,0,0,0,1,0,0
2868,8885712B-2F93-4B84-82E3-06AF03DB3239,,122.3,122.3,,,2DCCDF51-EE3B-4C6C-8F8F-3C981199CB04,2,BLANK,0,0,0,1,0,0
2869,60A3DB80-E62C-4EB3-B1AC-D312316020F4,,122.4,122.4,,,881DAD23-525F-4BE1-A05B-4C5033C87F38,2,BLANK,0,0,1,1,0,0
2870,4E23511D-5D67-4E13-A8F4-C3993F08CAE9,,121.5,121.5,,,C0E026A6-4F47-4D4C-B8C5-6A42F9A80798,2,BLANK,1,1,0,0,0,0
2871,A43181BA-15F4-4348-B825-1037B9493D46,,122.2,122.2,,,C0E026A6-4F47-4D4C-B8C5-6A42F9A80798,2,BLANK,1,1,0,0,0,0
2872,7FE45D7D-0E56-42C1-96A3-2251BC780DCC,,,122.1,,,2A0FECDE-7DEE-4ABB-8B02-33A864BF5213,2,BLANK,0,0,0,1,0,0
2873,1248F6CD-345C-44C5-8EBF-75028FE907DF,,122.2,122.2,,,C5681718-B41B-4DC5-908B-D72D34075670,2,BLANK,0,0,1,1,0,0
2874,49B11249-959B-404D-BF2B-ECF198B9305B,,122.5,122.5,,,BFE70159-236A-473F-A651-B30A0ED26C9C,2,BLANK,0,0,1,1,0,0
2875,93CD84FF-5A99-4685-BA7C-93FD442912E6,,122.6,122.6,,,AB1B5B0A-1EB4-4874-B3B1-6599F411AA7D,2,BLANK,0,0,1,1,0,0
2876,66962D6D-4930-4D70-9DC4-4E55A027CB46,,122.5,122.5,,,9F9C9968-CB92-4019-9B08-215E20BC0E8F,2,BLANK,0,0,1,1,0,0
2877,6C87937E-7AEF-4BC9-B9A6-4CC8DEDC5EE4,,122.2,122.2,,,81B62123-A455-4A96-90AA-036E45851468,2,BLANK,0,0,1,1,0,0
2878,96F03103-2A08-4793-9FD6-A2F81A63D265,,122.4,122.4,,,B1012E82-091F-4CD0-AC8B-002C70117DA1,2,BLANK,0,0,1,1,0,0
2879,CEE474C1-30A8-447C-815C-B5FF6F212E82,,122.4,122.4,,,78F8CBAF-E1B4-464F-B0D7-D1833F30A2E1,2,BLANK,0,0,1,1,0,0
2880,3453BD9D-214C-41D2-95F6-CFD7AFBFE99B,,122.55,122.55,,,958D5F5C-FF6B-4C7A-8EA2-A82CE2EB69C7,2,BLANK,1,1,0,0,0,0
2881,C39C6CBF-E5E9-4DBC-82A8-86D26E3B26CB,,122.2,122.2,,,8C5D0E96-5157-4A50-B58D-B4A14477A43C,2,BLANK,0,0,1,1,0,0
2882,C6D7AEE6-FF03-40F6-83A2-E570FE266852,,122.2,122.2,,,70421D51-9C07-4A07-93D1-C99A01C54BDA,2,BLANK,0,1,1,1,0,0
2883,BE5C927A-0BF0-47DD-83C2-37095444DAAC,,121.4,121.4,,,EB0C8D4D-0AAD-4FEE-8DE3-E0EBACA65743,2,BLANK,1,1,0,0,0,0
2884,AC291A6C-8BB4-497E-9AA5-31B2B4FB8076,,122.4,122.4,,,0E916251-30A2-4B02-AD9A-5D209CDF1CC1,2,BLANK,0,0,1,1,0,0
2885,BCD91477-1100-4F54-A8AB-AE32001890AC,,122.3,122.3,,,E00B097D-5209-4720-9034-8EAAF0DBCFF7,2,BLANK,0,0,1,1,0,0
2886,54659285-B68F-4180-B9D7-5D5AAA1DDBBF,,122.15,122.15,,,9E6D5485-CBEA-40C4-AC7F-BCAAEB6227E9,2,BLANK,1,1,0,0,0,0
2887,92B2C731-7DE5-4CB6-A11C-66BDDFE399AE,,122.5,122.5,,,D7A1214E-7A4B-46B1-91DF-F1318ACBCE62,2,BLANK,1,1,0,0,0,0
2888,69307B0F-C368-43C8-A32A-B66B24602537,,122.5,122.5,,,C46AB4A7-B9DA-4131-A420-332540A7F488,2,BLANK,0,0,1,1,0,0
2889,B4831818-637A-4D22-9F8A-614408516435,,122.4,122.4,,,1B381730-812B-427E-90EC-8E4E881A278E,2,BLANK,0,0,1,1,0,0
2890,FC081DA5-EFA7-4410-B280-0A1DB47E9CF0,,122.4,122.4,,,D2978762-3B01-4DB4-A9DF-F71DFD9A6A23,2,BLANK,0,0,1,1,0,0
2891,ADDCBF8B-4F98-4A35-BACD-F86FAD53DD53,,122.3,122.3,,,1BD31CF3-BA57-426F-A5CA-C8ADD414AF6C,2,BLANK,0,0,1,1,0,0
2892,8CC52F1A-E53B-4493-9C69-07D99DAA7BC9,,122.6,122.6,,,5C9B23B9-AF1D-4BB0-AB28-AB5DEFE37177,2,BLANK,1,1,0,0,0,0
2893,7158BB6D-302E-4825-970D-87548366186E,2   3AH RCO FREQ 122.5 ALSO AVBL AT CORDOVA MUNI & CORDOVA MUNI SEAPLANE.,122.5,122.5,,,FBE615E2-3896-437B-80CA-47A94FE8B026,2,BLANK,1,1,0,0,0,0
2894,7D5A5820-0276-4AAF-AEE7-7288FCC37A6E,,122.3,122.3,,,F2D7640B-A9A5-42D5-829D-47132789CA80,2,BLANK,0,0,1,1,0,0
2895,1C73E60C-6358-4C9E-B59D-285CDEB9BBCE,,122.25,122.25,,,69CEBC57-B761-42A3-9D3F-87BA34E36AF0,2,BLANK,0,0,1,1,0,0
2896,01A46393-D4AD-4B14-8D75-AC1166DAADBF,,122.4,122.4,,,0D36CD8D-8AF1-45B0-AAB6-C65BFA7FFACC,2,BLANK,1,1,0,0,0,0
2897,F51E376F-C545-4F44-AE22-FA8B369C47D5,,120.4,120.4,,,070D92AF-62DD-4CD3-A5C3-0D830EF367AB,2,BLANK,1,1,0,0,0,0
2898,9A93EDE7-4243-4C51-BB8F-52C02695846E,,122.5,122.5,,,EDCB2E9F-2E12-4CE6-BB48-6E0ABD6E2A53,2,BLANK,0,0,1,1,0,0
2899,2EC051CC-84B1-49ED-BB10-6DB807F9C04F,,122.25,122.25,,,A89722B8-3BCE-49FC-A48F-B4D62CB4C675,2,BLANK,1,1,0,0,0,0
2900,E4F9477A-D938-44E5-BC93-CAADC7EEF48E,,122.2,122.2,,,3AEAAE86-2E5D-4DBD-B191-2F8B65A03DD5,2,BLANK,0,0,1,1,0,0
2901,7086B08A-5E94-444B-8E9D-1E9F9E3FC375,,122.3,122.3,,,EC12C03F-6E2C-40AA-89A0-00A87F5FA4F9,2,BLANK,0,0,1,1,0,0
2902,0230EB19-680C-4733-A884-28641D19E389,,122.5,122.5,,,4BAF8909-E278-439A-BAF8-C4A849854285,2,BLANK,0,0,1,1,0,0
2903,0173C57E-26AE-4D87-A352-C2120271676F,,122.2,122.2,,,C53D37F6-9992-4F17-9A00-59B233A188D0,2,BLANK,0,0,1,1,0,0
2904,2DCA35AE-A48B-44F1-A45D-23D9EC54589D,,122.4,122.4,,,E1BED8CC-C4FE-4745-8897-68CD368B6155,2,BLANK,1,1,0,0,0,0
2905,45B4D6CC-C7DC-4400-8B52-F9D811683350,,121.5,121.5,,,AA003275-F92F-4C29-8F57-52B91E99A795,2,BLANK,1,1,0,0,0,0
2906,60EF6E2D-1437-4DF1-BD81-998842EE966A,,122.2,122.2,,,AA003275-F92F-4C29-8F57-52B91E99A795,2,BLANK,1,1,0,0,0,0
2907,272FB276-51F1-40A3-B218-CD597B4CE42F,,123.6,123.6,,,AA003275-F92F-4C29-8F57-52B91E99A795,2,BLANK,1,1,0,0,0,0
2908,20DD6202-1EB7-4B2E-AB11-B83F111C1960,,122.3,122.3,,,C3E16BD8-33E2-4A2F-91A5-ABE78E888640,2,BLANK,1,1,0,0,0,0
2909,A953389E-BFF7-4882-B07D-3FEE7D544333,,122.3,122.3,,,684C70FE-E7CF-48B8-A930-D96E74FB3998,2,BLANK,0,0,1,1,0,0
2910,73B415C1-59B4-4314-A95F-194231EDDE9D,,122.25,122.25,,,206AB88F-ECC8-464D-A37A-761575130366,2,BLANK,1,1,0,0,0,0
2911,A01FFB88-16C0-4D5F-BC6F-EB296C76EB82,,122.6,122.6,,,F5E223C3-02D0-42F5-99B3-1E42AFA43E5E,2,BLANK,0,0,1,1,0,0
2912,46E215B7-F031-4B7C-BAF2-6ED9567D6AB0,,122.2,122.2,,,E52818E6-6564-44CA-9670-ABB96805077D,2,BLANK,0,0,0,1,0,0
2913,F04A15A8-6C69-4BCE-A7C2-EB89B17CF912,,122.4,122.4,,,0C95AE51-E06C-498A-BD51-572175713508,2,BLANK,0,0,1,1,0,0
2914,984ACBB5-304E-49EF-8675-86C93CE30445,,122.3,122.3,,,04A8A2C0-A786-4E29-9334-B38C2091DDE4,2,BLANK,1,1,0,0,0,0
2915,703B39D7-2B81-4B8E-8B24-E9DDE29DF5F4,,122.3,122.3,,,277A37B1-6C9C-47FB-94E2-1FB5FF8DC941,2,BLANK,0,0,0,1,0,0
2916,6A3ADC99-F47C-4E7B-BFB0-F2FE77E74E1D,,122.6,122.6,,,02311E81-EAF5-4C10-94B7-CB4F0E1D5782,2,BLANK,1,0,0,0,0,0
2917,250F3AD0-9C42-47AB-9725-72C0C60E1ED8,,122.3,122.3,,,2C3EDE14-EC73-455E-B046-ED690260F563,2,BLANK,0,0,0,1,0,0
2918,10898D79-33C6-4176-BDA7-E7118BF74575,,122.3,122.3,,,630FBCB6-78FE-43BB-8AD7-C1B2AD8C789E,2,BLANK,0,0,1,1,0,0
2919,A1F4FA0C-5A07-4FE5-A0B6-8B2F34CE8D2D,,122.45,122.45,,,2614B646-1F71-4723-908D-CD86FAB84CE0,2,BLANK,1,1,0,0,0,0
2920,0B2BB0F7-6C21-4C50-80B2-E9E0804715EF,,122.4,122.4,,,91D7E073-4BCB-42FD-A9D3-2236F6631558,2,BLANK,0,0,1,1,0,0
2921,F87934DA-0DD6-4050-875F-262CC513C1BC,,122.4,122.4,,,35712E4F-52C4-461C-96DA-A96EF8265F43,2,BLANK,1,1,0,0,0,0
2922,70D96B12-19C7-4A5B-A863-CDE6423F4AC2,,121.55,121.55,,,8BF2CFDD-0242-4C99-BC4C-37B782F00768,,BLANK,1,0,0,0,0,0
2923,3C1CE01A-E696-4FE8-B830-CC390AED55EC,,118.45,118.45,,,56C3F281-8A1A-4209-BF38-4EEAC575484A,,BLANK,0,0,1,0,0,0
2924,3A10067D-48DE-43B6-9776-41C2723E9408,,135.425,135.425,,,79AD5426-95CB-4154-971D-42A378F44B33,,BLANK,0,0,1,0,1,0
2925,B105F51B-9D34-4CA8-9341-676D8ABDD481,,132.3,132.3,,,B5BCAE85-FE50-454C-A93B-B91F91F10BAE,,BLANK,0,0,1,0,0,0
2926,68D4AE73-1FB5-4FB8-9A1C-1547068BAB40,,126.075,126.075,,,87E0A189-AC63-43C9-A37F-2C2E94F7F18C,,BLANK,0,0,1,0,0,0
2927,150EF34E-737D-43C6-99A7-A5925E8ED6B8,,119.525,119.525,,,16459F5F-E7B2-4C8D-AD5D-508A297D2DE8,,BLANK,0,0,1,0,0,0
2928,32CF7FAC-7BE0-4440-AE6E-8C1BCD23F1C7,,122.1,122.1,,,AE242D3F-DD9F-4D92-B0B2-0866D1091719,2,BLANK,1,1,0,0,0,0
2929,7F73D054-EBA7-49EC-B4C3-193492C60A5F,,121.3,121.3,,,A9DB3EE3-8702-4377-9AB7-D74D3C53A830,2,BLANK,1,1,0,0,0,0
2930,94464F26-BE3A-4594-B80D-487D3DAF16CD,,122.3,122.3,,,AE09A7C7-68E3-4CC3-9C80-6DC2D5907FEA,2,BLANK,1,1,0,0,0,0
2931,565204E7-F471-4F14-B2AF-2B49E893B7C0,,122.55,122.55,,,4725106D-BAEC-44A8-83A6-1770BECB5396,2,BLANK,1,1,0,0,0,0
2932,514D35F3-C25B-4984-9C94-8530034311F2,,122.5,122.5,,,97D473AE-0321-4AD5-98C0-CC66D0EF36B5,2,BLANK,0,0,1,1,0,0
2933,D9AB64F4-078D-49AF-8242-3C7E8CBA509B,,122.4,122.4,,,3EC1BB85-0A00-4C8C-9844-CF978C1B806C,2,BLANK,1,1,0,0,0,0
2934,60088699-2D62-4FE7-A49D-1A9C81DAAFEF,,120.9,120.9,,,44C76F3C-CFF1-4FF6-B91C-11B40CFB28BA,2,BLANK,1,1,0,0,0,0
2935,7B258D29-A4FF-4239-967A-BA5F78752DE6,,122.5,122.5,,,C939499C-069F-4195-9312-0E1BAC0FBFC0,2,BLANK,0,0,1,1,0,0
2936,FB1CC397-1142-4E95-ABD9-D1AA2B42FAC9,,121.2,121.2,,,560C838C-8800-4A3F-B043-4E84F03A739D,2,BLANK,1,1,0,0,0,0
2937,EA761313-7785-4253-9029-999AF1AE80D5,,121.5,121.5,,,560C838C-8800-4A3F-B043-4E84F03A739D,2,BLANK,1,1,0,0,0,0
2938,C509988A-0953-4217-916F-D45373BB1651,,243,243,,,560C838C-8800-4A3F-B043-4E84F03A739D,2,BLANK,1,1,0,0,0,0
2939,65E25728-4D77-4075-9308-9A8DF8AF74A0,,122.4,122.4,,,F12F33BE-A605-4FC2-8A0D-66F501FF8DE7,2,BLANK,0,1,1,1,0,0
2940,4D445A63-26F4-4EA0-8E4B-71A9EE82632E,,122.6,122.6,,,7C6D41EE-F631-47BF-BEEA-748010F5E84E,2,BLANK,0,0,1,1,0,0
2941,950E39FF-567F-4A08-86C4-F2AF5B246509,,122.4,122.4,,,8EFED78B-DFB5-4B8F-AA24-F4CB2889CBA7,2,BLANK,1,1,0,0,0,0
2942,3E8394CC-0316-49F4-89FC-EFD5C29E515B,,122.3,122.3,,,FA5607F0-9092-4601-BB58-724FEE845E81,2,BLANK,0,0,1,1,0,0
2943,76803D63-52EB-4971-B971-3F43D9F36FA1,,121.1,121.1,,,BFC74CAE-E3AA-4FAD-A189-1B48B48B9BD7,2,BLANK,1,1,0,0,0,0
2944,9096349B-B6DC-4CAB-9D24-A2C204FFAB86,,122.1,122.1,,,D2262F95-55E9-4DC8-8368-554EBD38409C,2,BLANK,1,1,0,0,0,0
2945,E231C176-C929-4EF2-B336-6B100D57761A,,122.1,122.1,,,AD36A929-57B0-4D7B-B3A1-E3CBE04C5FD9,2,BLANK,1,1,0,0,0,0
2946,413090A9-E396-431C-BAD9-831AF78D5510,,122,122,,,84568399-8BD5-4409-891B-7C8BE35F5141,2,BLANK,1,1,0,0,0,0
2947,F1B0AE2E-EC57-489A-9F88-94F8860363DD,,119.3,119.3,,,D8CCBD79-1731-407C-B4BE-FF0F0B7219FA,2,BLANK,1,1,0,0,0,0
2948,162A0235-8ACB-40F9-B32A-825D77914459,,122.3,122.3,,,9C10B18F-875A-4A4B-B154-7AC842A8C327,2,BLANK,1,1,1,1,0,0
2949,38B9BF1A-91F9-4A52-B5A7-8E0D939A9D1B,,122.6,122.6,,,E0BB588A-9682-4147-9F46-65701451F28F,2,BLANK,0,0,1,1,0,0
2950,51C1625B-4251-4142-92F9-8CCC9AB050B4,,122.3,122.3,,,3DD70458-DDB4-4002-935A-98D9DA1676CC,2,BLANK,0,0,0,0,0,1
2951,CB87BB7F-E9E5-4D7A-8EDA-8B591C9A7344,,122.5,122.5,,,E9646100-39C8-4256-A1A1-19FFC3DA7E2E,2,BLANK,1,1,0,0,0,0
2952,60476B45-AF37-46AD-BC46-085304B9E257,,122.5,122.5,,,5E6FC8F8-4590-4212-99A9-D8DB1C2193F7,2,BLANK,0,0,1,1,0,0
2953,25E155F3-993F-45B3-9909-95DEAC5C1C73,,122.3,122.3,,,2FB44929-65BD-4C5D-AE42-87189DBA48FF,2,BLANK,0,0,1,1,0,0
2954,07E16719-F186-46D6-8935-CD983A503275,,120.8,120.8,,,41DCE12B-F9D3-44FE-ACF3-915A647AFFF1,,BLANK,0,0,1,0,0,0
2955,49CFA398-D6E3-48F6-A8AC-6760FB0D127F,,134.325,134.325,,,E2469FB7-B353-467D-BB9E-9B0926C1EA3D,,BLANK,0,0,1,0,0,0
2956,0A40301A-5C65-45C9-86BF-90D2500B047E,,118.075,118.075,,,4E86DE75-0F26-4062-BBA2-50C21E4E9630,,BLANK,0,0,1,0,0,0
2957,D5B79ADA-2F3A-4BEF-B8E0-7AD2C499D7D0,,132.05,132.05,,,51DD43DD-F28F-4018-A218-973DCD69A9F2,,BLANK,0,0,1,0,0,0
2958,43DC8DA0-B182-4D49-9FF0-45A0BCF42BA4,,118.1,118.1,,,915919D5-411D-468D-9E3C-0D0DCB2EAB7E,,BLANK,0,0,1,0,0,0
2959,011BD7AB-98D3-4869-A963-44A7A2212C20,,118.075,118.075,,,F2333E4A-B4D7-4A58-A175-6E7423F1F107,,BLANK,0,0,1,0,0,0
2960,CCFF3F31-88C3-4958-BB20-4FCCB31341D6,,118.2,118.2,KH,,EF187F2D-CB9A-4CAB-8B12-495631730EB2,,BLANK,0,0,1,0,0,0
2961,450B5F28-C887-4827-B6E0-374BB589E85A,,127.15,127.15,,,3D44F4AA-EA23-4BCA-B81D-72618E48D7EF,,BLANK,0,0,1,0,0,0
2962,459D3763-1C38-49F4-98EC-AEF4E703DE95,,121.125,121.125,,,E161DBEB-3D7D-4747-9CA6-EA63A27F693E,,BLANK,0,0,1,0,0,0
2963,8EE80F87-0112-4573-B5AB-AD6A85159DC5,,120.425,120.425,,,22ED5D27-0CA6-4920-A255-AFFA5A0A4750,,BLANK,0,0,1,0,0,0
2964,16466D46-EED9-40A4-8698-ED6E12353FEC,,118.8,118.8,,,CD5FF175-D811-46D6-B22A-E21DE8E88765,,BLANK,0,0,1,0,0,0
2965,232C629C-388D-4700-9ACD-CEEED7B259EB,,119.475,119.475,,,ADE7C725-2BDF-4369-AE20-43B3293CEB33,,BLANK,0,0,1,0,0,0
2966,8C183A01-48FC-4809-9624-D86551747F6B,,118.15,118.15,,,BEF93FAF-B324-4B0D-8BF8-3E11E5153D8D,,BLANK,0,0,1,0,0,0
2967,19D33F21-0CA7-4673-86B3-BD649CE0F498,,118.825,118.825,,,DCBD626D-97D1-4BE3-9E8F-0BC68B9BEE0F,,BLANK,0,0,1,0,0,0
2968,A1B61CC7-D30D-4898-AF16-A3AD9360D4E5,,119.025,119.025,,,661E5ABA-D643-4940-8990-E719B0DD090C,,BLANK,0,0,1,0,0,0
2969,AA78E945-8E19-4823-85D7-3378DA78FE20,,413.2,413.2,,,992F575B-2CF6-487D-ACDE-E962146389AD,,BLANK,0,0,1,0,0,0
2970,78BB0A84-5B0E-43FE-9298-8338D31022DC,,118.425,118.425,,,9CD284FF-B4EB-40D0-B000-630F41B760C4,,BLANK,0,0,1,0,0,0
2971,99D1BF2C-EECE-4C00-BC9F-E117DC5FC9E7,,118.35,118.35,,,B8B2F046-259D-4E36-8C21-18CCA90DF133,,BLANK,0,0,1,0,0,0
2972,2C770638-3165-4B08-ACD5-35E0E87683A7,,118.025,118.025,,,26ADDBC3-5AB7-4B5A-A29E-E9F34867F537,,BLANK,0,0,1,0,0,0
2973,94A20996-A1AA-46E5-A31B-477F51870296,,118.875,118.875,,,5B3A4F0A-80F6-4341-92DF-FAD059541C78,,BLANK,0,0,1,0,0,0
2974,41DCF700-5D98-495B-8A5C-30301E4A0D02,,119.075,119.075,,,CEB19F2A-D47F-459E-91AA-722E69829984,,BLANK,0,0,1,0,0,0
2975,8714F108-7DCB-49CD-B713-EC58ECA8CD3B,,122.8,122.8,,,A96838A8-4B4B-47A5-97BE-0281F033BD80,,BLANK,0,0,1,0,0,0
2976,E2F9657A-75F5-43F0-AE11-F9CD4142DF34,,129.05,129.05,,,2C3FAAD2-AF8F-4365-ACB8-33C3E8C09ADC,,BLANK,1,0,0,0,0,0
2977,74467BC9-E2EC-4FA0-B0D4-7CA088FB205B,,118.025,118.025,,,E803EDC6-E7C7-4E68-AFB1-98246D09667E,,BLANK,0,0,1,0,0,0
2978,34466CB1-9665-4CC3-898B-8867D34158DC,,119.975,119.975,,,61CCD696-CF2E-49F4-B4CE-950FDAE8A895,,BLANK,0,0,1,0,1,0
2979,B7BEB234-816A-499B-8175-F13732560DA8,,120.775,120.775,,,F63D8262-7795-4EB7-8E9B-9820B9A88C5C,,BLANK,0,0,1,0,0,0
2980,F349DC59-8DA0-42BE-A2D4-C0A4DC73472E,,120,120,,,28A2CD1A-7BA2-4BDC-AFF1-4FBDF1F0B5E4,,BLANK,0,0,1,0,0,0
2981,2AFFE337-4771-46F6-B3E2-8ED79434FB4F,,133,133,,,B903D02F-1D89-4749-B84B-A5DA7B22F16E,,BLANK,0,0,1,0,0,0
2982,ACEFDEA7-F5AA-4557-AEBC-2D1AEEA3E5FB,,135.475,135.475,,,9F1C6F21-B07C-42EC-8CD7-BDC9C0E6F241,,BLANK,0,0,1,0,0,0
2983,ED06AC5D-13BA-4F92-9104-EB90774BFE1A,,134.375,134.375,,,143A1DC7-4FCD-43CD-8CB0-BF0A80DB5914,,BLANK,0,0,1,0,0,0
2984,0198B84F-7EDB-423B-849F-FDA758F47FBB,,124.175,124.175,,,11F993A3-179A-4B59-97DD-D8E37E19E00E,,BLANK,0,0,1,0,0,0
2985,765D2F7E-27C8-452A-9DE8-0CB949D8A2A2,,132.05,132.05,,,197D4904-1266-4253-8ED2-8583C6ED3443,,BLANK,1,0,0,0,0,0
2986,3287F417-A79D-4C3A-A69A-102F0436BAD5,,135.45,135.45,,,81D78338-7E8B-4EC5-8E08-EF7A74CACA15,,BLANK,1,0,0,0,0,0
2987,347748DB-621A-40C2-A66F-A9BB8B920CB0,,120.625,120.625,,,E1822825-C1C4-4CEB-BAE5-2B24847BE714,,BLANK,0,0,1,0,0,0
2988,DC627528-11D2-46D6-9DF1-4C6477E1350F,,135.275,135.275,,,B34E10C3-50FB-49AF-8DA7-071AD0D76DB4,,BLANK,0,0,1,0,0,0
2989,B537CEB4-496B-4D87-913D-8956CD4E04BF,,135.4,135.4,,,20A17518-27D9-407C-9550-F72BACC94156,,BLANK,1,0,0,0,0,0
2990,213CAA24-BE21-4636-B8D3-0FC798590542,,119.15,119.15,,,2EE3802D-E980-4D7D-8159-253D06D4F7A8,,BLANK,0,0,1,0,0,0
2991,5C7E8ECD-6CE3-4D65-854D-E4C82C318B57,,119.925,119.925,,,44C61D2E-35BB-49E7-AB90-2EC62C2A5E32,,BLANK,0,0,1,0,0,0
2992,C35B5BE4-DA4E-4282-926F-7E645ECBB888,,118.375,118.375,,,C20C55A1-0E3A-43BC-8A17-A3E74A5680DE,,BLANK,0,0,1,0,0,0
2993,A63D5182-C42B-4241-B0A9-6E6DA5A6374B,,119.35,119.35,,,8E014EB8-83BE-4AE8-BC81-9E92D56ED097,,BLANK,0,0,1,0,1,0
2994,799B9144-CB79-4D09-AD7B-A19E9A320910,,119.525,119.525,,,F650FBC8-DC41-4A27-A0E0-8B5F5A40CF27,,BLANK,0,0,1,0,0,0
2995,AE2FAEB4-4D10-47C4-A2C5-F66AC6BC2926,,118.925,118.925,,,D1773F89-CCDB-496A-BF05-060E6B954C77,,BLANK,0,0,1,0,0,0
2996,F7BBBDD9-DB2D-40AD-A032-FAD1912F71C4,,323.175,323.175,,,0C995C53-9B93-40A4-A319-7B5735573922,0,BLANK,0,0,1,0,0,0
2997,D6BFAF08-0641-4407-9CED-7E3F98977539,,263.125,263.125,,,D18DA696-0A00-43F2-8439-B7C4FD12B279,0,BLANK,0,0,1,1,0,0
2998,44ECF40F-3CAF-49BB-A7F7-4BB84C40AED2,,269.625,269.625,,,0CC0BC34-51C8-40FE-9713-F7781C9CD69C,2,BLANK,0,0,1,1,0,0
2999,E587C78E-CFB0-48AD-B0E2-D193D6C5A6F7,,342.425,342.425,,,3A8DED2D-7837-48BE-A38F-C740416B3017,2,BLANK,0,0,1,1,0,0
3000,3E8E5C91-22A6-4B07-86A6-7994404E9A18,,379.95,379.95,,,3A8DED2D-7837-48BE-A38F-C740416B3017,1,BLANK,0,0,1,1,0,0
3001,2BEA312B-F421-414E-BD87-D0139BB01131,,322.325,322.325,,,7B4C85C4-8B80-4379-BE59-96F91C23DB66,0,BLANK,0,0,1,0,0,0
3002,FBF9BFA3-D908-4D01-A64C-3BC877B2F2B4,,124.5,124.5,,,A6F1A70B-345B-485D-B161-4E66F8C26303,0,BLANK,0,0,1,0,0,0
3003,952D7C2F-6887-4790-9967-A5570FB21BB0,,270.325,270.325,,,A6F1A70B-345B-485D-B161-4E66F8C26303,0,BLANK,0,0,1,0,0,0
3004,92E05109-D45C-4C22-B5C8-D83EF3701720,,360.825,360.825,,,4324964B-3685-46EB-8791-1485283E07DE,0,BLANK,0,0,1,1,0,0
3005,0E682479-3CB5-4117-BCAA-87C50F9726A4,,282.225,282.225,,,0CC0BC34-51C8-40FE-9713-F7781C9CD69C,3,BLANK,0,0,1,1,0,0
3006,F8F295EF-77E1-43B8-83C6-235E189D02E0,,127.95,127.95,,,E9F24745-646D-484A-BF26-86A8C49E0D07,0,BLANK,0,0,1,0,0,0
3007,D9DA5A65-2F2B-4D65-B644-391F0DDD63FE,,269.3,269.3,,,24CC28A6-1701-4354-B64F-E03A0F06CEE8,0,BLANK,0,0,1,1,0,0
3008,853B58F7-455B-4BBB-B996-48DCFBACB7B9,,122.05,122.05,,,295F96C5-E5E9-443D-BF52-DC8B7B575B9B,2,BLANK,1,1,0,0,0,0
3009,33DFF42E-A14A-424D-B3B3-24C8546B5742,,126.45,126.45,,,,,,1,1,0,0,0,0
3010,EB383A15-2EA8-4E04-8F1C-C138CFB3F77A,,278.05,278.05,,,,,,1,1,0,0,0,0
3011,6888BFA0-F663-44E6-A735-C810FB4E44F2,,128.5,128.5,,,,,,1,1,0,0,0,0
3012,36DB6F2B-1428-499B-80F3-7FFC5CE751AF,,124,124,,,,,,1,1,0,0,0,0
3013,E9E0A37A-CF87-4DE5-8C0A-F08E96A3FA29,,119,119,,,,,,1,1,0,0,0,0
3014,016B26B3-B828-4223-B687-6096AC0DFB0C,,119.7,119.7,,,,,,1,1,0,0,0,0
3015,F0E95266-DBDA-4730-8D71-650081AD5DA7,,118.7,118.7,,,,,,1,1,0,0,0,0
3016,663FB415-77D9-46E4-9734-8FA80D01B47E,,119.7,119.7,,,,,,1,1,0,0,0,0
3017,4DF68CD9-D2F8-4994-8B1F-9448BDEA4968,,118.1,118.1,,,,,,1,1,0,0,0,0
3018,C48FF26D-493D-474A-9344-769C6716151E,,118.1,118.1,,,,,,1,1,0,0,0,0
3019,B8CE86F2-49A5-4E8E-80CF-03AE769E0D55,,119.7,119.7,,,,,,1,1,0,0,0,0
3020,C1521952-7197-425E-9996-D04FEC627DE3,,255.4,255.4,,,,,,1,1,0,0,0,0
3021,4F8E7E3B-45D4-47A6-87EC-F896935A8634,,119.7,119.7,,,,,,1,1,0,0,0,0
3022,B0FE5EEA-E2DA-4C86-BE0A-231A3834A4C2,,119.7,119.7,,,,,,1,1,0,0,0,0
3023,F92A99EB-E5AB-472F-B46B-AF3F6D68EDD9,,119.7,119.7,,,,,,1,1,0,0,0,0
3024,54E197B7-2E19-4813-AA01-0743842A73F9,,119.7,119.7,,,,,,1,1,0,0,0,0
3025,5654D2BD-F00D-4EA3-958E-64D3E45D053E,,124,124,,,,,,1,1,0,0,0,0
3026,23DC78FA-C1F0-49A6-AD81-6228FD89E09F,,277.3,277.3,,,,,,1,1,0,0,0,0
3027,21F471EF-6F5F-473A-9EFB-585395DFFC71,,259.025,259.025,,,,,,1,1,0,0,0,0
3028,0692E616-0229-4CBE-B161-77BBA23F5FF9,,121.75,121.75,,,,,,1,1,0,0,0,0
3029,3C616294-C322-4054-AB0A-AB9C055F4CC1,,358.475,358.475,,,,,,1,1,0,0,0,0
3030,6C46D87C-9F15-4A1F-8A4D-6E414DFBB88A,,121.3,121.3,,,,,,1,1,0,0,0,0
3031,D9DB604B-D8E0-409D-81E4-59E1E2B0881F,,120.4,120.4,,,,,,1,1,0,0,0,0
3032,658FC0E2-3C96-4367-ABC7-66CD53D38F0C,,120.4,120.4,,,,,,1,1,0,0,0,0
3033,06E5AD61-CF23-496F-BC38-512EB7A0B95D,,119.3,119.3,,,,,,1,1,0,0,0,0
3034,9F0B2974-CC53-4436-AD88-8470B2247694,,131.775,131.7,,,,,,1,1,0,0,0,0
3035,0347135E-4CED-47C6-ADAB-D8B7996FFE53,,119.7,119.7,,,,,,1,1,0,0,0,0
3036,201D6593-8B32-47DC-9473-521B48A43AB9,,119,119,,,,,,1,1,0,0,0,0
3037,DD377482-DC54-4BDD-8F60-D63D9E309D09,,118.5,118.5,,,,,,1,1,0,0,0,0
3038,40B2193A-C01E-4859-BCC5-1ADD2A39AD53,,119.7,119.7,,,,,,1,1,0,0,0,0
3039,1EC7B632-9BB3-468E-855B-B54F577D10A5,,118.9,118.9,,,,,,1,1,0,0,0,0
3040,64CC8A37-D94F-4E40-9248-435995490262,IFR TFC ONLY,118.5,118.5,,,,,,1,1,0,0,0,0
3041,BBA435A3-481B-4252-9E46-E9632BF8298A,,134.05,134.05,,,,,,1,1,0,0,0,0
3042,550DA46E-2367-40F8-8491-530F8507ABB8,,121.9,121.9,,,,,,1,1,0,0,0,0
3043,8FDE9750-1235-44F2-87A8-68E3BCF7522A,,118.7,118.7,,,,,,1,1,0,0,0,0
3044,4ED7457E-C808-450A-8BB8-077B99527B73,,129,129,,,,,,1,1,0,0,0,0
3045,D9E19A60-04A4-4404-8AAE-BECC4EEB2C5B,,124,124,,,,,,1,1,0,0,0,0
3046,A5BC2369-C779-4058-A385-82DECEFA3023,,124,124,,,,,,1,1,0,0,0,0
3047,0632DAC4-DB0F-458E-9230-D3A788918F7B,,127.9,127.9,,,,,,1,1,0,0,0,0
3048,54BA8563-026D-4A92-A803-348D51FEB687,,129,129,,,,,,1,1,0,0,0,0
3049,F57B7F42-FC1D-4A76-BADF-8368765785F9,GND-FL040.,122.3,122.3,,,,,,1,1,0,0,0,0
3050,839F3E8C-09B1-410E-9D6B-DB86D44E45DF,GND-FL040.,119.45,119.45,,,,,,1,1,0,0,0,0
3051,2607857C-1CB6-49A0-82D9-F2FE20E0BE56,GND-FL040.,124.4,124.4,,,,,,1,1,0,0,0,0
3052,FEBE9DFF-9983-44F2-A60B-DBFC49017EA5,GND-FL040.,129,129,,,,,,1,1,0,0,0,0
3053,6D8B8AC2-965D-44E2-938A-2E5F9B48AE7E,Bcst/corr trip info and PIC decision for flt delay.,131.125,131.125,,,,,,1,1,0,0,0,0
3054,8ED37F40-A758-4857-B12C-4D96CFC88675,,119.3,119.3,,,,,,1,1,0,0,0,0
3055,00BC70B5-DFE8-45BF-B3CA-F2B9CCB28280,,123.7,123.7,,,,,,1,1,0,0,0,0
3056,A77CA757-CA31-496F-AE6A-1CA551FA7747,,118.1,118.1,,,,,,1,1,0,0,0,0
3057,45CA7A0E-34FE-4050-99EA-6CDB53AB14F2,,119.45,119.45,,,,,,1,1,0,0,0,0
3058,BF3B2559-69D2-4E37-A147-88DC566881C3,,124.4,124.4,,,,,,1,1,0,0,0,0
3059,48A9185F-2C09-4BDD-8552-2BAE719FCEE8,,126.6,129,,,,,,1,1,0,0,0,0
3060,BC90FD85-EA11-4072-81B8-74A867F219B3,,132.03,132.03,,,,,,1,1,0,0,0,0
3061,5D60FDFB-7447-42E8-83B4-037C21DDAE07,,279.525,279.525,,,,,,1,1,0,0,0,0
3062,BEBFDA9D-6E42-44ED-9429-00EC0F5A1172,(123.675 civ)(123.825 mil),123.675,123.675,,,,,,1,1,0,0,0,0
3063,9A39AE64-D607-4A92-8720-076FBA6262E3,(123.675 civ)(123.825 mil),123.825,123.825,,,,,,1,1,0,0,0,0
3064,E6CC2987-B573-4D8E-8652-4B7D9DF02083,,134.18,134.175,,,,,,1,1,0,0,0,0
3065,17111F86-02F6-499A-BFD9-EF10745E9BD5,,259.025,259.025,,,,,,1,1,0,0,0,0
3066,83278EDC-1142-4310-8A74-94F62E7F195D,"LINTON ZONE 233.45, 118.550",118.55,118.55,,,,,,1,1,0,0,0,0
3067,5647E878-5DB6-4F14-AC0B-F2ABCEBFCC9B,"LINTON ZONE 233.45, 118.550",281.825,281.825,,,,,,1,1,0,0,0,0
3068,DD05E38A-2C48-49DF-A8C6-8E05AF609C18,"LINTON ZONE 233.45, 118.550",233.45,233.45,,,,,,1,1,0,0,0,0
3069,20BDCACE-DF9A-47E4-8ABD-7FD41B47127C,,275.85,275.85,,,,,,1,1,0,0,0,0
3070,79963400-B900-4C65-9745-872E49D96DFE,,118.55,118.55,,,,,,1,1,0,0,0,0
3071,5E644BC2-A13B-473C-9541-4BD9D796CBBD,,123.3,123.3,,,,,,1,1,0,0,0,0
3072,B02E0F66-51A8-4F2E-8ED4-D9EEBD3913B9,,369.125,369.125,,,,,,1,1,0,0,0,0
3073,78F4FECC-F127-4907-BA10-201DEA0F9E7E,(E Arr/Dep 259.6) (W Arr/Dep 252.875) (Lichfield corridor 292.525),252.875,252.875,,,,,,1,1,0,0,0,0
3074,1F2E54CE-AFCB-412F-8C8E-02D88946B03B,(E Arr/Dep 259.6) (W Arr/Dep 252.875) (Lichfield corridor 292.525),259.6,275.5,,,,,,1,1,0,0,0,0
3075,69C1A27E-AE26-4FF9-B2C8-74CC31834A7F,,121,121,,,,,,1,1,0,0,0,0
3076,6A911098-A430-4630-9202-9221B7C3B14E,,282.575,282.575,,,,,,1,1,0,0,0,0
3077,522EA229-A809-46C4-9572-A83FE88AD6DA,,123.95,120.35,,,,,,1,1,0,0,0,0
3078,E5DFDDA7-726D-4B7D-81FE-C024D8564C4D,,337.6,337.6,,,,,,1,1,0,0,0,0
3079,1B10E38F-D670-46FC-8A7C-228661E9069A,,123.3,123.3,,,,,,1,1,0,0,0,0
3080,AF209057-DCA7-468A-8C9D-94241DE3627A,,128.9,128.9,,,,,,1,1,0,0,0,0
3081,E362E881-1241-4E38-80B5-0846E04AF5FC,,128.9,128.9,,,,,,1,1,0,0,0,0
3082,4F434910-965A-436A-A8C5-E4A4EC2B7318,,264.675,264.675,,,,,,1,1,0,0,0,0
3083,1FA6CAA8-81DD-4CA4-8EEA-18AFF77536BC,,122.1,122.1,,,,,,1,1,0,0,0,0
3084,895A2789-EAC6-4B63-84D5-E69622753A7B,,278.625,278.625,,,,,,1,1,0,0,0,0
3085,B56C3CFA-88C7-4E54-83E2-90F9E8D38489,,123.6,123.6,,,,,,1,1,0,0,0,0
3086,652E0495-010F-412C-993A-781149A9ACF7,,257.8,257.8,,,,,,1,1,0,0,0,0
3087,D51469FC-C0B9-44BB-9019-A1719DC907C6,,121.45,122.1,,,,,,1,1,0,0,0,0
3088,C6C733AE-B65F-425F-B080-7B49DD6D80BF,,379.75,379.75,,,,,,1,1,0,0,0,0
3089,979991F2-0712-404F-8AC7-4BEE15622359,,118.8,118.8,,,,,,1,1,0,0,0,0
3090,7D1981CA-1FF3-4076-9DF5-EB3855B545EB,,241.125,241.125,,,,,,1,1,0,0,0,0
3091,23D2E8DE-7B9E-498D-AFEB-0C09CF74E9E9,,129.8,129.8,,,,,,1,1,0,0,0,0
3092,058F4059-CD4B-4FC1-8D56-73E966BDDD64,,370.525,370.525,,,,,,1,1,0,0,0,0
3093,A4E3A69B-183A-473E-B2A4-3B58A716AA39,,362.3,362.3,,,,,,1,1,0,0,0,0
3094,B07CF0AD-5414-4278-AC4B-05EDF39C4BDF,,119.7,119.7,,,,,,1,1,0,0,0,0
3095,04DF54FD-6077-4EB9-AAD4-9274F758FBF8,,142.45,142.45,,,,,,1,1,0,0,0,0
3096,271733BE-EAC5-4C62-8A73-AAAEF41D87CF,,371.025,371.025,,,,,,1,1,0,0,0,0
3097,A82741AD-05D6-43FC-AAFA-3BE170E36BDA,,118.525,118.525,,,,,,1,1,0,0,0,0
3098,E8B2BF5B-5E7D-435E-BD73-FB6E25EF38B3,,122.1,122.1,,,,,,1,1,0,0,0,0
3099,84074C62-8D1A-4783-BB3F-0F38EA2EE4B5,,257.8,257.8,,,,,,1,1,0,0,0,0
3100,3DB12E23-FED2-4B2E-B6E9-65F7AFAA8F54,,315.025,315.025,,,,,,1,1,0,0,0,0
3101,ABB7CA56-A77A-4DD9-8BA7-F436934A9BE2,,373.575,373.575,,,,,,1,1,0,0,0,0
3102,7CDEE976-F33F-48CC-80BE-53410E0FD49C,,362.3,362.3,,,,,,1,1,0,0,0,0
3103,C9C9D174-B5AC-4FD2-8B57-FD356267BEF3,,122.7,122.7,,,,,,1,1,0,0,0,0
3104,D90AD201-66B9-4A04-B316-0FC8D0E05F89,,138.75,138.75,,,,,,1,1,0,0,0,0
3105,A14B956B-592A-4F9F-AD15-878EBFA6FEB3,,142.45,142.45,,,,,,1,1,0,0,0,0
3106,BDC95B29-7D02-4071-8DD4-3931DC8B517F,,370.575,370.575,,,,,,1,1,0,0,0,0
3107,E13C91F5-70D1-4C2B-B45C-E445597F6877,,336.1,336.1,,,,,,1,1,0,0,0,0
3108,C8EC0CA3-571E-4171-AEE8-E260DE1E1001,,311.675,311.675,,,,,,1,1,0,0,0,0
3109,2EBD8C09-EBD2-463E-9CFB-59F1D9A88592,,123.3,123.3,,,,,,1,1,0,0,0,0
3110,D545CC77-F978-4E06-B903-98CFC146D211,,142.1,142.1,,,,,,1,1,0,0,0,0
3111,B490C114-6F93-4A6D-9E91-A04EE4713108,,265.9,265.9,,,,,,1,1,0,0,0,0
3112,10272C9C-C9AA-494D-86E0-A99D7763408B,,374.925,374.925,,,,,,1,1,0,0,0,0
3113,12E88EB5-F5F1-4A86-BA62-465D144DC457,,121.75,121.75,,,,,,1,1,0,0,0,0
3114,9EAC7366-A5DE-4A1A-B705-58D30D8935CC,,125.625,125.625,,,,,,1,1,0,0,0,0
3115,668FB74F-0EDE-4AB6-8D8B-1DBF470E8C3C,,121.75,121.75,,,,,,1,1,0,0,0,0
3116,79DA7967-B31A-4B0A-86C2-3C0943C6527C,,257.8,257.8,,,,,,1,1,0,0,0,0
3117,E44AB8A9-967D-4B1F-897D-D7C145DDB4A5,,342.175,342.175,,,,,,1,1,0,0,0,0
3118,6FECDC00-180E-4565-90DB-3D40D59BE935,,138.9,138.9,,,,,,1,1,0,0,0,0
3119,ACE81993-AFD3-47FA-A25D-90C5443F5BE5,,131.6,131.6,,,,,,1,1,0,0,0,0
3120,86961CBD-6022-4880-9619-E8FECC0F3C4D,,121.78,121.775,,,,,,1,1,0,0,0,0
3121,57257BED-5265-4298-883B-D3028D53A90B,,126.555,126.55,,,,,,1,1,0,0,0,0
3122,CD1FEB2F-C18B-49B1-ABEB-6642A618DD30,,121.6,121.6,,,,,,1,1,0,0,0,0
3123,F25658B4-F508-4710-884A-3E910ECA7B0A,,121.85,121.85,,,,,,1,1,0,0,0,0
3124,819011A8-9B3B-4225-A6CC-F8747D66E0B5,,119.05,119.05,,,,,,1,1,0,0,0,0
3125,A132E152-C2AB-4489-B588-225168C62A1D,,131.625,131.625,,,,,,1,1,0,0,0,0
3126,42D5A826-7028-4FAA-891D-AD708AEF8CF4,,128.925,128.925,,,,,,1,1,0,0,0,0
3127,81504C17-FE6F-483F-9D34-4CBA918923FD,Call ARRIVAL,118.25,118.25,,,,,,1,1,0,0,0,0
3128,B37F3491-60F0-421E-9C7B-427F41BD7831,Call ARRIVAL,389.375,389.375,,,,,,1,1,0,0,0,0
3129,8D191652-176A-41CC-99EC-3EAAD016787F,,118.95,118.95,,,,,,1,1,0,0,0,0
3130,BBA5524D-F352-4210-A600-5B62CD396182,,120.525,120.525,,,,,,1,1,0,0,0,0
3131,C0107BD2-1565-4A2B-98CD-A632C652DC2B,,133.175,133.175,,,,,,1,1,0,0,0,0
3132,3E273930-3216-470E-A9BC-F37C2EBA200D,,134.125,134.125,,,,,,1,1,0,0,0,0
3133,EB63BFCE-D177-47B2-BCC3-0E567E0957A7,,357.025,357.025,,,,,,1,1,0,0,0,0
3134,94B2D5CA-95B7-4792-8499-29555B43D166,,131.75,131.75,,,,,,1,1,0,0,0,0
3135,FBA92891-B991-44A9-88EE-5D702775AF39,,45.35,45.35,,,,,,1,1,0,0,0,0
3136,594BA647-8B87-4513-BC55-81E55469F36F,,120.7,120.7,,,,,,1,1,0,0,0,0
3137,AC5A3C71-9F17-4630-890C-A2FDD5BB3771,,123.5,123.5,,,,,,1,1,0,0,0,0
3138,ACB49E73-DEA2-43EC-805B-7F692FC513B4,FL050-FL200,133,133,,,,,,1,1,0,0,0,0
3139,9E89A4F6-F998-4F41-BDA7-ACB5B34E3C6E,FL050-FL200,124,124,,,,,,1,1,0,0,0,0
3140,7A80081E-0B41-44C6-B26F-545D7AB6211A,Blw FL200,125.9,125.9,,,,,,1,1,0,0,0,0
3141,7160CC33-A051-448F-937D-14CF24C10B58,Blw FL200,134.5,134.5,,,,,,1,1,0,0,0,0
3142,9A37D231-20E5-442F-880D-55C6047166DD,,257.8,257.8,,,,,,1,1,0,0,0,0
3143,632FA744-F877-448C-831F-9592A56C6A06,,122.1,122.1,,,,,,1,1,0,0,0,0
3144,B5F412D2-D53D-465E-B4C2-6F7E04B47F28,,290.475,290.475,,,,,,1,1,0,0,0,0
3145,F00E2C1C-DFB4-4236-8B18-D15E583D8300,,232.875,232.875,,,,,,1,1,0,0,0,0
3146,10910106-B371-4849-AAD4-78D948070134,,122.1,122.1,,,,,,1,1,0,0,0,0
3147,41598519-A296-4370-ABD9-456F5B217719,,370.725,370.725,,,,,,1,1,0,0,0,0
3148,4E92A7D2-3F9C-4D56-A4FD-B9765D560B15,,362.3,362.3,,,,,,1,1,0,0,0,0
3149,1E3A3A3E-9306-4AF1-BA7F-E9B0A88805DA,,142.45,142.45,,,,,,1,1,0,0,0,0
3150,0BEBAE1D-4A17-49E3-85F8-E4130D5E1B0E,,251.175,251.175,,,,,,1,1,0,0,0,0
3151,D0B1EDE4-FBA0-4251-B2B2-5CB175426566,,280.475,280.475,,,,,,1,1,0,0,0,0
3152,2BB12DB5-9865-4BE8-8C42-AF2679A4801B,,373.575,373.575,,,,,,1,1,0,0,0,0
3153,56CDDA04-AA08-4194-A69D-525917464D89,,119.075,119.075,,,,,,1,1,0,0,0,0
3154,F1A78B64-0B27-4ABD-9815-0735F4111BA9,,122.1,122.1,,,,,,1,1,0,0,0,0
3155,0564975D-DC2B-4206-8B9A-78D66D34C8C7,,124.25,124.25,,,,,,1,1,0,0,0,0
3156,D777BB2F-451A-42CC-9A91-F26C8818A62A,,119.4,119.4,,,,,,1,1,0,0,0,0
3157,4059AC38-B50B-4716-B95B-5917BD0B253B,,124,124,,,,,,1,1,0,0,0,0
3158,1878C0BF-5978-456C-AB38-6E438AD49F75,,132,132,,,,,,1,1,0,0,0,0
3159,F753DEA5-74D4-4091-85F4-42166B099CE3,,133.15,133.15,,,,,,1,1,0,0,0,0
3160,86676604-0EFA-4FFA-9A94-CA593BF87BF2,,136.075,136.075,,,,,,1,1,0,0,0,0
3161,EE7C189F-C076-484C-822A-9233A3FB4D5D,,122.1,122.1,,,,,,1,1,0,0,0,0
3162,3725A9BE-CB07-41F2-84B0-47D081FD27C1,,143.9,143.9,,,,,,1,1,0,0,0,0
3163,4CB2CA3E-F0F8-4C0F-B1B5-2D860269F3CC,,119.475,119.475,,,,,,1,1,0,0,0,0
3164,3DFA46D0-11DE-4D77-B875-37AC9CF7DDB4,,362.3,362.3,,,,,,1,1,0,0,0,0
3165,38C1FBA4-F5C6-401C-873D-65DDF8F3754C,,284.025,284.025,,,,,,1,1,0,0,0,0
3166,708E10E6-7DD7-4CBE-A7CF-BF92B22E262B,,121,121,,,,,,1,1,0,0,0,0
3167,528D9D32-F523-442F-9138-D0CB414B4B5C,,142.45,142.45,,,,,,1,1,0,0,0,0
3168,11D26695-D71A-4161-A69C-CFF34FF218FD,,233.275,233.275,,,,,,1,1,0,0,0,0
3169,A93E70A9-8C6B-46BF-9565-6692257D6D81,,369,369,,,,,,1,1,0,0,0,0
3170,3317D5B0-C5E5-4EDC-8F83-6EBF66C25818,,379.25,379.25,,,,,,1,1,0,0,0,0
3171,FDEF52D9-C378-4C93-8333-1BFEE86E9186,,122.1,122.1,,,,,,1,1,0,0,0,0
3172,39185BAD-8BC0-4427-93B5-96DEFFE51DA4,,123.5,123.5,,,,,,1,1,0,0,0,0
3173,60AE305C-87C9-42B9-8BA2-26E8A7E0976E,,118.3,118.3,,,,,,1,1,0,0,0,0
3174,D5300AEF-1C6F-4240-86AC-A7B176DCD3D3,,126.2,126.2,,,,,,1,1,0,0,0,0
3175,8EC0DD08-DEEA-4BF9-9E94-297BF7A8C1A3,,122.7,122.7,,,,,,1,1,0,0,0,0
3176,CB2C5EC5-6BA8-4147-8264-BAB9DF74B0ED,,118.15,118.15,,,,,,1,1,0,0,0,0
3177,7574C4F3-4803-44A1-A509-8BC467C9F2B4,,118.75,118.75,,,,0,BLANK,1,1,0,0,0,0
3178,2250E74D-9F60-4541-A294-C3EC9F7CCA26,,123.3,123.3,,,,,,1,1,0,0,0,0
3179,F51DCC0F-BE0C-44F1-96B9-61E9F0303333,,134.1,134.1,,,,,,1,1,0,0,0,0
3180,0FA13C37-638A-4D56-9D54-232EEA1A736B,,234.075,234.075,,,,,,1,1,0,0,0,0
3181,D1DA4C84-F929-4415-9449-FFB0BAEB9A85,,278.45,278.45,,,,,,1,1,0,0,0,0
3182,1A63CDB8-BB64-4757-9643-E1CAFF4C8118,,371.4,371.4,,,,,,1,1,0,0,0,0
3183,AB329D31-A5B0-4BE1-AE60-B20F428BD3D2,,122.22,122.22,,,,,,1,1,0,0,0,0
3184,1DAE1CD5-AE49-427E-9617-A0BE2C9E6506,(DEP W 131.175),127.1,127.1,,,,,,1,1,0,0,0,0
3185,01E82CF7-6266-4B05-884F-EB08E9DD87E9,,122.7,122.7,,,,0,BLANK,1,1,0,0,0,0
3186,72D3215C-E083-4B9C-993A-133C0C560836,,122.7,122.7,,,,,,1,1,0,0,0,0
3187,3051627A-D7F3-4DA2-BAE5-64B13F71C333,,338.225,338.225,,,,,,1,1,0,0,0,0
3188,F03FEE03-3906-477F-BA33-41ED89D19360,,120,120,,,,,,1,1,0,0,0,0
3189,B956095E-9E6B-4E9E-9300-BF2835758C5F,,142.3,142.3,,,,,,1,1,0,0,0,0
3190,DCCF15AF-5A2B-4DF8-BAB8-D8F4CE9935C2,,118.45,118.45,,,,,,1,1,0,0,0,0
3191,903E9328-89DD-4FDF-BFC7-690AD2EBF6E9,,123.5,123.5,,,,,,1,1,0,0,0,0
3192,F1D36BA3-F130-42B8-8DA5-D67AE80E5730,,123.5,123.5,,,,,,1,1,0,0,0,0
3193,A89E6224-0312-4AD6-82B3-93205D67D37F,,131.6,131.6,,,,,,1,1,0,0,0,0
3194,C5BE9C08-5AA8-4A25-A370-8B7F796FFB2F,,118.7,118.7,,,,,,1,1,0,0,0,0
3195,A7D9B754-32C9-41FF-ABDF-642F8D1F6BF8,,139.3,139.3,,,,,,1,1,0,0,0,0
3196,DD1F37EB-9A31-4B30-8E12-CA31E2EDBD5F,,121.7,121.7,,,,,,1,1,0,0,0,0
3197,87715B06-53AB-42D5-92E6-51C501D00F41,,122.1,122.1,,,,,,1,1,0,0,0,0
3198,E94C3F5F-5F1D-405C-A266-6F864532EE1B,,131.525,131.525,,,,,,1,1,0,0,0,0
3199,CEE98095-58A4-419C-B5E8-1C41ACABA66B,,120.2,120.2,,,,,,1,1,0,0,0,0
3200,8A1D9C15-AB31-40A3-A649-BD34AB08B2CA,,119,119,,,,,,1,1,0,0,0,0
3201,1CD2214C-61F8-49EF-B441-551ABF52ACD3,,119.1,119.1,,,,,,1,1,0,0,0,0
3202,E8E22071-38F0-4709-A8CF-7E2CD935F1E6,,123.5,123.5,,,,,,1,1,0,0,0,0
3203,140E95D5-522D-43FE-8BDF-9A8E102483EC,,123.5,123.5,,,,,,1,1,0,0,0,0
3204,150C1C86-44AF-49E3-BBF2-4E4EDDC80EE5,,32.1,32.1,,,,,,1,1,0,0,0,0
3205,ADC406FF-F9C2-4FB9-A15F-EA7E49E8AD2C,(DoD only),264.725,264.725,,,,,,1,1,0,0,0,0
3206,EE11936A-52FD-4D0E-A7A6-D0AF74F265F9,,372.4,372.4,,,,,,1,1,0,0,0,0
3207,E7A49594-448C-4A37-AF43-860D211BDD06,,32.1,32.1,,,,,,1,1,0,0,0,0
3208,9E7BCA19-6635-458D-AE34-F3D78BEBFCEA,,122.7,122.7,,,,,,1,1,0,0,0,0
3209,D68BA36B-E78B-4B05-90B8-C29580FC6AF9,,126.2,126.2,,,,,,1,1,0,0,0,0
3210,27EF9F52-AF83-4C1C-9634-DEA3B4EA587B,,234.65,234.65,,,,,,1,1,0,0,0,0
3211,697FC8F4-F9BE-45FD-A6E7-FB46AAE61B35,,278.025,278.025,,,,,,1,1,0,0,0,0
3212,BAEAADA7-7479-486E-8B57-636A7B8688DD,,136.625,136.625,,,,,,1,1,0,0,0,0
3213,49133A23-0DC4-49FB-89E2-2BB5A621921C,,131.055,131.05,,,,,,1,1,0,0,0,0
3214,853DC747-C78F-4A1B-A597-482D9D74742E,,118.775,118.775,,,,,,1,1,0,0,0,0
3215,AF689B6C-7CB2-4C01-8EC8-899F03842939,,130.855,130.85,,,,,,1,1,0,0,0,0
3216,BF7D234D-C33D-43EB-B05F-0AD3D0833B99,,118.2,118.2,,,,,,1,1,0,0,0,0
3217,4557897A-6ED3-4FFA-B7D1-1D007C5889C0,,134.375,134.375,,,,,,1,1,0,0,0,0
3218,BB589F41-C68C-41CE-A591-3C89E2B12F89,,118.825,118.825,,,,,,1,1,0,0,0,0
3219,2794C9AC-A366-4D9D-A24C-2FA0D2F6AF13,,126.325,126.325,,,,,,1,1,0,0,0,0
3220,C8D204DD-823C-44EC-8284-428007A8BE6C,,387.75,387.75,,,,,,1,1,0,0,0,0
3221,5A6BD5B3-463C-4564-A57F-D6B05F171C7D,,118.5,118.5,,,,,,1,1,0,0,0,0
3222,64301771-8FF8-4FB6-9298-A16812C77233,,119.7,119.7,,,,,,1,1,0,0,0,0
3223,052B5AEE-FFA9-444E-88F9-215ECB079D40,Rwy 02-20.,124.6,124.6,,,,,,1,1,0,0,0,0
3224,F4D723CD-87FF-464E-84CA-505B7ECBF165,Rwy 02-20.,124,124,,,,,,1,1,0,0,0,0
3225,982495A6-724D-4FDE-836C-79CA1E2432DB,,121.2,121.2,,,,,,1,1,0,0,0,0
3226,D97F52A8-63B9-4EA2-85EB-306414BE0852,,124,124,,,,,,1,1,0,0,0,0
3227,217C2EDE-2E7C-46AA-B9CA-CD730AA2C468,,127.9,127.9,,,,,,1,1,0,0,0,0
3228,9628054A-F8EF-4EF0-9D31-C13A13CE3732,,300.05,300.05,,,,,,1,1,0,0,0,0
3229,35FBB79D-9EC9-4248-8B43-B47701EA1427,,123.3,123.3,,,,,,1,1,0,0,0,0
3230,744844DC-75AE-4F23-8B50-8B2ABB674C99,,234.8,234.8,,,,,,1,1,0,0,0,0
3231,F25F56D2-0302-4245-AFF3-8D24519DDF61,,143.4,143.4,,,,,,1,1,0,0,0,0
3232,8CCF4A20-92A6-495C-925D-8FB1B08217A5,,32.1,32.1,,,,,,1,1,0,0,0,0
3233,AE137A9C-C37C-4ABB-ABC1-F4C27211D143,(6721.5 Opr 2200-0600Z++)(11256.5 Opr 0600-2200Z++),6721.5,6721.5,,,,,,1,1,0,0,0,0
3234,A2DDFA70-ABAA-4A08-B0A8-9E61532975B6,(6721.5 Opr 2200-0600Z++)(11256.5 Opr 0600-2200Z++),11256.5,11256.5,,,,,,1,1,0,0,0,0
3235,C47CADC3-B3AD-42F6-8D44-25B9BF4D866B,,123.7,123.7,,,,,,1,1,0,0,0,0
3236,610C7486-6C0F-4D0C-BB12-8F97D9AAA0F4,,121.85,121.85,,,,,,1,1,0,0,0,0
3237,E580F352-30D8-4C00-B116-0E3631B03307,,118.05,118.05,,,,,,1,1,0,0,0,0
3238,5E9F6FCF-2ED1-42EB-AAD3-0F2FF5FC8C03,,8825,8825,,,,,,1,1,0,0,0,0
3239,30B3E7A7-6C3D-4356-AC46-061DFAA6E319,,6628,6628,,,,,,1,1,0,0,0,0
3240,C566FA05-C4CA-4FD9-8166-2D9E5F23D32A,,3016,3016,,,,,,1,1,0,0,0,0
3241,BE8B2C50-075D-4059-8DE7-4A6714BED959,,8906,8906,,,,,,1,1,0,0,0,0
3242,AD480477-B35B-47B8-BE60-E30D07DDE8FD,,13306,13306,,,,,,1,1,0,0,0,0
3243,6B20180E-5E58-4520-84D1-E7C6CFFC106F,,11309,11309,,,,,,1,1,0,0,0,0
3244,9A52B008-A789-470F-86F3-498B901B8F9B,,17946,17946,,,,,,1,1,0,0,0,0
3245,96CD3DE8-9326-47F6-90E4-F223C94EE281,,5598,5598,,,,,,1,1,0,0,0,0
3246,01D020D6-20BA-4509-90B4-8E1D650645DF,,13354,13354,,,,,,1,1,0,0,0,0
3247,47066169-1917-4C7B-AD45-CA37F9AC75AB,(132.075 only for Oceanic Clnc req/del),127.9,127.9,,,,,,1,1,0,0,0,0
3248,E673D4AB-D92D-4AD7-9AD9-8A736F0A6019,(132.075 only for Oceanic Clnc req/del),132.075,132.075,,,,,,1,1,0,0,0,0
3249,5B4F4BFB-BF02-46F4-A66F-C9B58D6D0B45,,118.65,118.65,,,,,,1,1,0,0,0,0
3250,0A8D2A4F-7FFE-48F3-9321-D86842082931,,126.2,126.2,,,,,,1,1,0,0,0,0
3251,34A16055-7C49-4A52-A909-F7126DC832DC,,118.2,118.2,,,,,,1,1,0,0,0,0
3252,623470D4-9CA9-406D-8737-880A0F1E581C,,126.2,126.2,,,,,,1,1,0,0,0,0
3253,A4C6AFFA-86D8-486B-BF8A-AF50E608BF4B,,118.6,118.6,,,,0,BLANK,1,1,0,0,0,0
3254,89F1DB0E-D68F-4BC7-BE41-06B360914BB7,,127.1,127.1,,,,,,1,1,0,0,0,0
3255,DF0BBF50-0529-44E6-90FA-CEC79B71A9C6,,118.8,118.8,,,,,,1,1,0,0,0,0
3256,325A5771-7917-4A80-9255-EECC7BA708D7,,126.2,126.2,,,,,,1,1,0,0,0,0
3257,D63FCC5F-890B-4E71-B540-EFAD8B3A9517,,118.05,118.05,,,,,,1,1,0,0,0,0
3258,C4267926-0E78-4454-967D-D0A73CC05F43,,126.2,126.2,,,,,,1,1,0,0,0,0
3259,5B294B7F-9B74-4F40-B4BA-0556A4EA0DB8,,118.05,118.05,,,,,,1,1,0,0,0,0
3260,3C14EDEE-C30B-4F8E-8735-E222F9E39D1E,,126.2,126.2,,,,,,1,1,0,0,0,0
3261,8A2B2173-6011-4BF4-8D2B-9AC6629177BA,,118.65,118.65,,,,,,1,1,0,0,0,0
3262,6C4D8E68-8DA4-4B93-A691-533EF52AAE0D,,270.8,270.8,,,,,,1,1,0,0,0,0
3263,0CAC1EF3-2480-46FB-B5B1-4ADC0A1024DC,,118.2,118.2,,,,,,1,1,0,0,0,0
3264,B794DB36-E83F-4A03-90FC-B897A455C7AC,,118.15,118.15,,,,,,1,1,0,0,0,0
3265,A19B865F-9F7A-4BF6-8C36-56A0CDC9BA62,,118,118,,,,,,1,1,0,0,0,0
3266,FE394C5C-15A8-4ADC-AAE5-CEE1B860E36B,,243,243,,,,,,1,1,0,0,0,0
3267,29C7D4BA-3BE5-46BC-BE2A-2E7FB62140F9,,140.5,140.5,,,,,,1,1,0,0,0,0
3268,4C68B0F4-4E01-477C-9331-145127D19C2B,,236.8,236.8,,,,,,1,1,0,0,0,0
3269,BC157A0A-6881-49BD-A4F3-644A82D5193D,,118.55,118.55,,,,,,1,1,0,0,0,0
3270,C4CC3388-9F33-42EF-A8D1-33DF89C25832,,126.2,126.2,,,,,,1,1,0,0,0,0
3271,6583307A-4373-40A4-830F-D31DB884190A,,284.4,284.4,,,,,,1,1,0,0,0,0
3272,EBA5EB3F-1A9F-404D-8FEE-286D4D9C01B3,,236.8,236.8,,,,,,1,1,0,0,0,0
3273,3D975067-AA8D-49BC-9ADD-E3A101DE7480,,126.2,126.2,,,,,,1,1,0,0,0,0
3274,DB348F76-3AED-43B3-AB39-007A45B845AE,,228.2,228.2,,,,,,1,1,0,0,0,0
3275,4AD629EB-35F5-433A-AE12-1F58B677939F,,138.05,138.05,,,,,,1,1,0,0,0,0
3276,92A5938C-BB1A-461D-8377-63A60C8253A6,,373.8,317.85,,,,,,1,1,0,0,0,0
3277,71118D6E-11CD-4CD8-804E-F54E050CEAF5,,270.6,270.6,,,,,,1,1,0,0,0,0
3278,069BF05E-D4C9-4D9A-BAB3-9A7BA11A8384,,118.3,118.3,,,,,,1,1,0,0,0,0
3279,33FE1165-9717-4666-82A1-B48043F4B222,,120.7,120.7,,,,,,1,1,0,0,0,0
3280,034382FE-03A8-4A26-ADF6-1CF44D00FC57,,261.4,261.4,,,,,,1,1,0,0,0,0
3281,DBCE124E-CFD4-467F-8B94-FA1CD4F9218A,Controlled by Fukuoka FSC,118.2,118.2,,,,,,1,1,0,0,0,0
3282,45E8CEA2-145A-4429-895D-384D35D2E98F,,119.1,119.1,,,,,,1,1,0,0,0,0
3283,4710AAFF-BAB9-472E-ABC5-7F4FCDC8A877,,261.2,261.2,,,,,,1,1,0,0,0,0
3284,784482DE-1E7E-428C-8579-99267014A7CC,,119.65,119.65,,,,,,1,1,0,0,0,0
3285,7D8F1408-4E58-4A49-9A8F-563B233B38F0,,118.15,118.15,,,,,,1,1,0,0,0,0
3286,06734385-AD56-4727-A07D-6889D62311F4,,126.2,126.2,,,,,,1,1,0,0,0,0
3287,EE797046-C862-4973-A65E-B19E89C1EE11,,118.05,118.05,,,,,,1,1,0,0,0,0
3288,D56F1509-F0C0-4E4C-BA3D-F27213E5B3C8,,126.2,126.2,,,,,,1,1,0,0,0,0
3289,EAFDABC0-B9EB-44A1-83C7-7FCC0C2368C5,,122.7,122.7,,,,,,1,1,0,0,0,0
3290,7AC243EF-4967-4CD2-AFF1-686AE9119BEE,,126.2,126.2,,,,,,1,1,0,0,0,0
3291,5931C2B1-C964-4E69-A0AE-B8FA687E1CC1,,118.4,118.4,,,,,,1,1,0,0,0,0
3292,79A4C434-F243-4020-A809-3A1FAA74BB1E,,118.025,118.025,,,,,,1,1,0,0,0,0
3293,BD0AFA9D-9063-4EDE-A5A0-CF2B1671B45D,,119.7,119.7,,,,,,1,1,0,0,0,0
3294,D574FE6A-0C42-4A5D-B1BE-9F33A95C6BB0,,261.2,261.2,,,,,,1,1,0,0,0,0
3295,C6F08B75-799F-4A94-A8CF-91BDCE229AE2,,118.025,118.025,,,,,,1,1,0,0,0,0
3296,7DC004C1-98AE-4521-87EE-A148671FCBF7,,126.2,126.2,,,,,,1,1,0,0,0,0
3297,87957A4F-308A-4BA4-B03D-ED2804522738,,118.85,118.85,,,,,,1,1,0,0,0,0
3298,D1B8CDFE-78F6-41A9-8CF9-AA4431D69ABE,,118.6,118.6,,,,,,1,1,0,0,0,0
3299,8E2169C8-5A47-4C7D-933E-4C36FF9B6BEF,,126.2,126.2,,,,,,1,1,0,0,0,0
3300,AA1597BB-E122-48C8-9E21-FA7C0DAA314C,Controlled by Tokyo FSC,118.7,118.7,,,,,,1,1,0,0,0,0
3301,A23630E1-313D-4C88-A922-B84D78AE8448,,118.05,118.05,,,,0,BLANK,1,1,0,0,0,0
3302,D0C23037-0826-474F-A5D5-C4139FB7CB7C,,124.3,124.3,,,,,,1,1,0,0,0,0
3303,2E42DD97-9AF8-4176-BC90-3063FB0AD68A,,118,118,,,,,,1,1,0,0,0,0
3304,D0B80F63-FBB5-485E-B19F-8FFFE62F9C29,,126.2,126.2,,,,,,1,1,0,0,0,0
3305,3D700F2B-6E81-4B4A-9363-A48E27B3F3AC,,124.3,124.3,,,,,,1,1,0,0,0,0
3306,487FAAE3-F39A-49F3-A319-36116B8FE964,,36.8,36.8,,,,,,1,1,0,0,0,0
3307,4E8373E1-B5AF-4385-8FF0-4A06174BA5FD,,122.5,122.5,,,,,,1,1,0,0,0,0
3308,BB90C6BF-2A07-494D-8873-1DE758755EA3,,288.8,288.8,,,,,,1,1,0,0,0,0
3309,10ACCAEB-A8D1-4444-B4DF-55C268F4137D,,118.65,118.65,,,,,,1,1,0,0,0,0
3310,FEC9B22C-8BF6-41D1-B4BD-041C534612AA,,118.5,118.5,,,,,,1,1,0,0,0,0
3311,479F2AD8-1AE4-4ED2-98E0-7149FF71DAC9,,118.4,118.4,,,,,,1,1,0,0,0,0
3312,51C285F1-B86D-449F-A10C-34A8F6126650,,121.7,121.7,,,,,,1,1,0,0,0,0
3313,A8E3BE4B-4220-4668-A0AC-D97A2F8C0B42,,118.15,118.15,,,,,,1,1,0,0,0,0
3314,B3D2C8E8-B74A-4E12-8A2E-CDD3C5798341,,126.2,126.2,,,,,,1,1,0,0,0,0
3315,034D3E69-2976-4523-9AC4-B82C332DA161,,132.3,132.3,,,,,,1,1,0,0,0,0
3316,07106B52-4D6D-4CDA-A0C7-041225F27289,,255.2,255.2,,,,,,1,1,0,0,0,0
3317,A284AD59-CEBA-45AE-925F-BD5F23B7FB73,,118.75,118.75,,,,,,1,1,0,0,0,0
3318,54B6297B-7A52-423A-90FE-B06A846B666C,,126.2,126.2,,,,,,1,1,0,0,0,0
3319,698091B1-9FD3-43ED-BDC8-5B3050436F06,,133.85,133.85,,,,,,1,1,0,0,0,0
3320,4EB70424-9313-4881-AF54-A300C31FE158,,315.3,315.3,,,,,,1,1,0,0,0,0
3321,40C56561-CCE6-4F75-B7D5-02B4C7607270,,132.6,132.6,,,,,,1,1,0,0,0,0
3322,17D38152-5A2D-4AAC-8B73-42A4F620E680,,276.8,276.8,,,,,,1,1,0,0,0,0
3323,BDA2C27D-87D4-4943-AF95-60D334884712,,119,119,,,,,,1,1,0,0,0,0
3324,FF49F30D-7EBE-418C-850A-9C52F1E0F16F,,127.9,127.9,,,,,,1,1,0,0,0,0
3325,3736A82B-DEED-43C7-BF3F-D3E6AAC95F19,,119,119,,,,,,1,1,0,0,0,0
3326,7906E59E-2C26-40C0-B5B3-226548D6C4A7,,127.9,127.9,,,,,,1,1,0,0,0,0
3327,20E77B97-29DB-4BB5-86E0-74E852422A89,,124.25,124.25,,,,,,1,1,0,0,0,0
3328,C27EA0D3-96CE-4503-950D-2F4783EE8A48,,127.9,127.9,,,,,,1,1,0,0,0,0
3329,E419B016-76BD-4C03-A20A-CE01E7502049,,120.35,120.35,,,,,,1,1,0,0,0,0
3330,CD712C9A-7295-452A-AC1B-5E2ED90E8E77,,125.55,125.55,,,,,,1,1,0,0,0,0
3331,F05EBC96-3AB2-4380-8466-AFC06D221D04,,121.7,121.7,,,,,,1,1,0,0,0,0
3332,0013A03D-8303-4951-B99C-EEBC67761D23,,121.85,121.85,,,,,,1,1,0,0,0,0
3333,D0B6A648-AEC5-47E7-9860-BF50C22AD846,,121.65,121.65,,,,,,1,1,0,0,0,0
3334,790A0FEE-693E-4103-93AF-B0DD8C74599F,,118.1,118.1,,,,,,1,1,0,0,0,0
3335,7C3E53A9-FBFE-4DF7-9D24-890A283D8AC8,,118.85,118.85,,,,,,1,1,0,0,0,0
3336,70D7B45F-B4D9-4237-9FF0-7013ECB054DD,,118.6,118.6,,,,,,1,1,0,0,0,0
3337,29EFC0A6-F1F0-495F-99AF-BF533286E99F,,122.7,122.7,,,,,,1,1,0,0,0,0
3338,02EB3514-1D62-4A18-8C2E-BD29915E5273,,118,118,,,,,,1,1,0,0,0,0
3339,538B1B2E-CA35-4DA5-AEFE-CB7803C928C4,,335.8,335.8,,,,,,1,1,0,0,0,0
3340,B1ECCF1E-4F8A-46CE-BC45-B93D67E979B3,,122.7,122.7,,,,,,1,1,0,0,0,0
3341,8C34DAEB-FB5D-4695-A166-4B776B9F7AF2,,118.05,118.05,,,,,,1,1,0,0,0,0
3342,E294496E-400C-4B3B-BB4B-2488330C93A8,,132.3,132.3,,,,,,1,1,0,0,0,0
3343,90ADA485-4A74-4232-9D36-547D24D7535A,,255.2,255.2,,,,,,1,1,0,0,0,0
3344,A0E99A2C-EE03-4039-AF75-5039961DC6BE,,118.3,118.3,,,,,,1,1,0,0,0,0
3345,FDF85439-4ED5-46EC-8FB1-F907D3205EAA,,122,122,,,,,,1,1,0,0,0,0
3346,0A39B67B-1FC5-4128-B99E-643D602D648E,(EAST),126.9,5562,,,,,,1,1,0,0,0,0
3347,9F7BE558-03CF-41E5-8A0F-273F2540126C,,121.1,121.1,,,,,,1,1,0,0,0,0
3348,7379FA8B-714E-42AD-8034-270A560D3745,,124.7,124.7,,,,,,1,1,0,0,0,0
3349,FB1828C4-C9E1-4BD8-85C1-0E05927AA724,,126.2,126.2,,,,,,1,1,0,0,0,0
3350,F633456F-EF20-4B48-8DFE-4D73EE8AF9A7,,363.8,363.8,,,,,,1,1,0,0,0,0
3351,DCB70AA1-D791-48EA-B7AA-EB1371CC033E,,355,355,,,,,,1,1,0,0,0,0
3352,6C407D73-5B76-4C8B-B3FD-2ADF86F05744,,126.3,126.3,,,,,,1,1,0,0,0,0
3353,67F5E40E-E4A6-4F29-8354-72ACA41828D8,,277.8,277.8,,,,,,1,1,0,0,0,0
3354,510E61A6-7E39-4173-AF04-523018CFFEA1,,121.6,121.6,,,,,,1,1,0,0,0,0
3355,A4515134-E181-43F5-9D2F-52A22A4ACBA7,,126.9,126.9,,,,,,1,1,0,0,0,0
3356,661D4B5C-52EB-4C37-9EC3-FFC285704746,,5680,5680,,,,,,1,1,0,0,0,0
3357,950B3EA2-1715-4EAB-BEDB-43F161B4F055,,5520,5520,,,,,,1,1,0,0,0,0
3358,0F5A70EC-287C-4B50-A30D-5E9F7484FE31,,118,121.9,,,,,,1,1,0,0,0,0
3359,ECD2AF42-146A-4348-9964-E81EADF0A5FA,,128.9,128.9,,,,,,1,1,0,0,0,0
3360,7C208A72-DA6B-4D73-AD82-C3252D276273,,124.4,124.4,,,,,,1,1,0,0,0,0
3361,85733B4C-2E42-4768-8EA5-8741A6495351,,119.7,119.7,,,,,,1,1,0,0,0,0
3362,5834BFA7-26A1-4843-ABCD-032DAA854C30,,127.7,127.7,,,,,,1,1,0,0,0,0
3363,6DF42EEC-8244-4F34-9EC1-D98CFF844170,,118.5,118.5,,,,,,1,1,0,0,0,0
3364,757CBD92-74B4-4975-A874-718996E8735A,,127.5,127.5,,,,,,1,1,0,0,0,0
3365,E4877A62-CEE6-4D8F-9B82-A08DC774736B,,118.4,118.4,,,,,,1,1,0,0,0,0
3366,956A34DC-116E-46E5-ACB0-12DE9626D3D7,,118.7,118.7,,,,,,1,1,0,0,0,0
3367,848D9048-0B03-41F3-BA90-896FD0B70575,,121.8,121.8,,,,,,1,1,0,0,0,0
3368,CA383D73-D36C-489F-AD48-16F802562F0C,,3834,3834,,,,,,1,1,0,0,0,0
3369,2FCFC3F8-3E74-4E34-9246-1C6FC971A115,,122.3,122.3,,,,,,1,1,0,0,0,0
3370,1E350176-8918-4812-98F5-453045070D4F,,5447.5,5447.5,,,,,,1,1,0,0,0,0
3371,81207DED-6BB1-49DB-9FA7-291F66EBB42E,,3834,3834,,,,,,1,1,0,0,0,0
3372,C756C19E-963E-43A8-9ED2-8F5EEE70039D,,122,122,,,,,,1,1,0,0,0,0
3373,CEDA02F7-6E4E-4C10-8DF8-96751238D9CC,,5447.5,5447.5,,,,,,1,1,0,0,0,0
3374,B7BFEB3F-BE7E-4097-931B-563288B5BCF9,,6802.5,6802.5,,,,,,1,1,0,0,0,0
3375,9AB91DC7-528A-4690-906E-F6BCBE08D829,,123.5,123.5,,,,,,1,1,0,0,0,0
3376,A409B673-00E4-43F8-AB60-4DF586303392,,122.1,122.1,,,,,,1,1,0,0,0,0
3377,B40F4C26-A448-4488-8DCE-96CD59A3ABF2,,126.9,126.9,,,,,,1,1,0,0,0,0
3378,B827630C-6184-4145-ABF6-78D0DCFA82BC,,126.9,126.9,,,,,,1,1,0,0,0,0
3379,D02AC17F-885A-4559-93D0-DDBF87EDE67D,,6577,6577,,,,,,1,1,0,0,0,0
3380,8F8CACA5-DAC9-43C7-BAFB-F43D3F0DE8D0,,5490,5490,,,,,,1,1,0,0,0,0
3381,10290DA5-AE58-4C4B-9869-0C9BD6E7721F,,6589,6589,,,,,,1,1,0,0,0,0
3382,EB65F387-3910-43E0-9233-E76879FBBBCE,,8070,8070,,,,,,1,1,0,0,0,0
3383,4AEAE248-1CCD-4E77-868C-62EC8F5AA724,,118.15,118.15,,,,,,1,1,0,0,0,0
3384,DF1889DF-6CF4-411C-9E72-79541EA8A626,,118.1,118.1,,,,,,1,1,0,0,0,0
3385,BDBA2FC2-9817-4F83-AB30-C9C6AAC6DD10,,126.2,126.2,,,,,,1,1,0,0,0,0
3386,826EDCD1-5AD2-4D30-BC32-FD10A952DA03,,360.2,360.2,,,,,,1,1,0,0,0,0
3387,E8CBCC96-8DE5-4261-B605-BE28C04D00F9,W sctr,126.9,126.9,,,,,,1,1,0,0,0,0
3388,A6B87AE5-4B99-4B7B-B998-5FE7C9FAC015,E SCTR,123.6,123.6,,,,,,1,1,0,0,0,0
3389,74EE86A1-C097-457B-8BED-9E95700E6264,W SCTR,126.9,126.9,,,,,,1,1,0,0,0,0
3390,D502D8D3-8468-432D-B2C5-C60B6426FBA5,,4495,4495,,,,,,1,1,0,0,0,0
3391,497500A5-7E17-4259-A9F7-81841D93B4A0,,5188,5188,,,,,,1,1,0,0,0,0
3392,8BC44AC2-D3D1-4AE7-991C-E8A5C63A7834,,129.2,129.2,,,,,,1,1,0,0,0,0
3393,253CF23D-0CB4-4788-89B1-4BC0890F573B,,121.7,121.7,,,,,,1,1,0,0,0,0
3394,0D280B7B-3B86-477D-AD1E-755E876A6F6E,,123.7,127.3,,,,,,1,1,0,0,0,0
3395,DE6F57F3-3D33-4AE9-ACF9-738B7CA7F6C1,,127.3,123.7,,,,,,1,1,0,0,0,0
3396,4C525132-2CAE-47AA-9930-82EDF84F8972,,121.9,121.9,,,,,,1,1,0,0,0,0
3397,296BA776-DFCD-445A-8A5A-8DE77957FDF5,,118.1,118.1,,,,,,1,1,0,0,0,0
3398,DC798FFC-F610-4074-9843-EE538572E2B3,,8918,8918,,,,,,1,1,0,0,0,0
3399,EE68A9D5-2C16-4039-B820-64DBAAC8AC3A,,5550,5550,,,,,,1,1,0,0,0,0
3400,E8BAB274-E01F-4206-AAE8-80D3DC133F30,,6554,6554,,,,,,1,1,0,0,0,0
3401,89B1D21E-D71A-4A6F-835A-9A5F527F4812,,11309,11309,,,,,,1,1,0,0,0,0
3402,D750D5FB-6349-4E61-949B-458C82E7E844,,6983,6983,,,,,,1,1,0,0,0,0
3403,497AD41D-43DB-49D0-B11C-3F87C51D0426,,122.2,122.2,,,,,,1,1,0,0,0,0
3404,3C214B0D-30CC-44A1-9AA0-E4DE86C3D620,,5820,5820,,,,,,1,1,0,0,0,0
3405,E025303F-523A-4243-9C9D-DE914DBE583C,,9055,9055,,,,,,1,1,0,0,0,0
3406,7365321E-A071-498F-8D66-192CA2BDCB03,,8070,8070,,,,,,1,1,0,0,0,0
3407,5739D246-0AF7-48E7-9B3D-E766651F39E7,,122.6,122.6,,,,,,1,1,0,0,0,0
3408,B9EA7EFF-A1D3-4826-8C64-901B68208E6F,,5180,5180,,,,,,1,1,0,0,0,0
3409,60344316-3EA8-437E-B749-804DA513A9CC,,6589,6589,,,,,,1,1,0,0,0,0
3410,D6DEDB61-9E6E-4210-8041-ABF0FF77C3EE,,122.6,122.6,,,,,,1,1,0,0,0,0
3411,5421B37D-A7C5-4A34-9868-82E0E2A3A08E,,4520,4520,,,,,,1,1,0,0,0,0
3412,157EAC3E-AA47-46B4-8394-05AEEFADD3F3,,6589,6589,,,,,,1,1,0,0,0,0
3413,F660831D-6586-4E0F-97FF-113A2651706A,,8070,8070,,,,,,1,1,0,0,0,0
3414,75FB0836-87CF-43C2-B87C-A165F0083F53,,5188,5188,,,,,,1,1,0,0,0,0
3415,01B9A894-4DA7-4532-AF49-F06BABB10EE6,,118.3,118.3,,,,,,1,1,0,0,0,0
3416,BD4190E1-C4D0-40FE-A90F-EBEDBBB18CB0,,121.9,121.9,,,,,,1,1,0,0,0,0
3417,2DA33AB9-F62B-45BC-9499-8575FF7E84D6,,8070,8070,,,,,,1,1,0,0,0,0
3418,6B7A6E67-292E-4F89-9787-CA95EC9FC64B,,118.1,118.1,,,,,,1,1,0,0,0,0
3419,1EE19FF6-074E-406E-B176-2A9ECD7BA5F4,,122.5,122.5,,,,,,1,1,0,0,0,0
3420,9EE6BE98-CDF7-4942-8CCB-57567225F3FC,,6589,6589,,,,,,1,1,0,0,0,0
3421,2571F48A-E0E6-4B9D-98DC-28587EDB1C2C,,122.3,122.3,,,,,,1,1,0,0,0,0
3422,8A1AF543-0EA1-44EF-AC0A-398E4821644B,,8070,8070,,,,,,1,1,0,0,0,0
3423,F9A1C4ED-50A2-4022-AAF6-579032F465AF,,121.5,121.5,,,,,,1,1,0,0,0,0
3424,2E3E12E8-A585-4CCD-A704-472084ADAC9D,,6595,6595,,,,,,1,1,0,0,0,0
3425,60303937-776B-43F5-BD38-F15C8E5684BC,,3416,3416,,,,,,1,1,0,0,0,0
3426,BFAB772C-7071-4499-A58E-76E6EE91C4E6,,5631,5631,,,,,,1,1,0,0,0,0
3427,4E1AA259-8C1F-45A2-A63E-C6A9641849EE,,122.5,122.5,,,,,,1,1,0,0,0,0
3428,D7BCCF92-E5F0-44A0-AEFC-D493BBAE1484,,121.9,121.9,,,,,,1,1,0,0,0,0
3429,4B530C9D-04C5-4B0F-860C-80D99E11D979,,11309,11309,,,,,,1,1,0,0,0,0
3430,BEDFE762-D7A6-48B4-B2CF-00F89CCE39A4,,8834,8834,,,,,,1,1,0,0,0,0
3431,C736E777-3D0F-4513-8CD8-FBEDDFE79334,,5580,5580,,,,,,1,1,0,0,0,0
3432,AE0ECFFB-840B-48BC-A4FD-F8ECB173E6A3,,6631,6631,,,,,,1,1,0,0,0,0
3433,D51F5A6E-DA33-4F36-B6F0-C7276CDA1AD8,,123,123,,,,,,1,1,0,0,0,0
3434,A48C73E3-94C2-402C-AF61-8C2F583211A5,,9055,9055,,,,,,1,1,0,0,0,0
3435,F15EB5C0-60F1-464E-B382-70268C0B1F47,,7435,7435,,,,,,1,1,0,0,0,0
3436,F2EF5206-5278-4B4A-B657-FC4E6A52835D,,5836,5836,,,,,,1,1,0,0,0,0
3437,97BCC470-144D-4AED-856D-AEC6DF04794E,,122.5,122.5,,,,,,1,1,0,0,0,0
3438,E588DEDE-6E2B-40BC-B5D2-97272F9E31BC,,120.3,120.3,,,,,,1,1,0,0,0,0
3439,BD02A572-335A-440A-8F88-2FEC06DA8F8B,,122.1,122.1,,,,,,1,1,0,0,0,0
3440,E9D74E6F-9C91-4DB4-84C8-985ACD028782,,4485,4485,,,,,,1,1,0,0,0,0
3441,279E0CBA-3BC9-4F6D-A24E-7EBE3F48E603,,6554,122.8,,,,,,1,1,0,0,0,0
3442,3516D50D-F79B-493C-A2E1-CFE07563EB79,,123.9,123.9,,,,,,1,1,0,0,0,0
3443,3E4C4404-FAFC-4294-9F21-D6019AF36C8B,,120.7,120.7,,,,,,1,1,0,0,0,0
3444,37D546B9-70C3-4CCE-810E-E173883F2238,,132.5,132.5,,,,,,1,1,0,0,0,0
3445,31CB66FD-AD55-4F43-A172-6A839F0F1FB3,,128.1,128.1,,,,,,1,1,0,0,0,0
3446,4024AF15-31B1-406C-87F1-FA7856D3D900,,128.3,128.3,,,,,,1,1,0,0,0,0
3447,677EC081-320B-408C-A0F9-A24B2D30595F,,127.5,127.5,,,,,,1,1,0,0,0,0
3448,FE2521F3-EE08-494D-8C1C-9D80F7CD2C8F,,8918,8918,,,,,,1,1,0,0,0,0
3449,CBCD3FFE-1F70-4E81-889F-C5E0DAD175E2,,11309,11309,,,,,,1,1,0,0,0,0
3450,FB5CA503-639B-422B-9988-5E15BB4C38DC,,122.7,122.7,,,,,,1,1,0,0,0,0
3451,A46B8EC7-4BE5-414F-9359-8AD979A58FEF,,123,123,,,,,,1,1,0,0,0,0
3452,9D25F990-DB04-485A-8447-187E1B7A2A66,,122.1,122.1,,,,,,1,1,0,0,0,0
3453,2B92C227-5EE7-4594-A0E4-7341D432F79D,,126,126,,,,,,1,1,0,0,0,0
3454,56E7B09A-4C3E-4E6E-AFDE-BE5990ACE312,,125,125,,,,,,1,1,0,0,0,0
3455,4BD4EA9F-2E7F-46C3-85F4-629DD04DC578,,6886,6886,,,,,,1,1,0,0,0,0
3456,61974994-9FD3-4F83-8837-C6BB812BEB49,,6811,6811,,,,,,1,1,0,0,0,0
3457,2509B956-81E5-4648-956B-D58E9318C9A9,,6886,8834,,,,,,1,1,0,0,0,0
3458,E4E5B292-B036-4863-85CB-FDED6A32E7D7,,121,121,,,,,,1,1,0,0,0,0
3459,78FB4008-561E-42A9-830E-D0392308EC54,,11309,11309,,,,,,1,1,0,0,0,0
3460,93607781-B300-4C40-AF44-0E5A8B24CAEE,,8882,8882,,,,,,1,1,0,0,0,0
3461,F829CD84-332B-49BE-B3C8-1D2B3569D5A0,,3416,3416,,,,,,1,1,0,0,0,0
3462,DDCD3BBE-9A95-4C0F-B6A9-5DFC9BE5763F,,5574,5574,,,,,,1,1,0,0,0,0
3463,C71092CC-E131-4586-9D40-79F27D523620,,6577,6577,,,,,,1,1,0,0,0,0
3464,F771684D-FC62-4CE4-8FE1-A9C6FBDDDFBA,,123,123,,,,,,1,1,0,0,0,0
3465,F47B023E-1B62-4CE1-AB7D-A7DE5678B866,,122.4,122.4,,,,,,1,1,0,0,0,0
3466,1C6DC0DD-76FB-4E23-B3E3-419A21CD8F97,,131.1,131.1,,,,,,1,1,0,0,0,0
3467,35DA4450-D92B-4ADE-A2FD-83AC42FAD67C,,122.1,122.1,,,,,,1,1,0,0,0,0
3468,C661C6D5-4BA8-43E6-B5FD-F6900E0FC66B,,11309,11309,,,,,,1,1,0,0,0,0
3469,CE0DFF81-BA6F-4304-9078-2D69FAB4505B,,8957,8957,,,,,,1,1,0,0,0,0
3470,59BA1144-FAE0-4E44-8671-AF0C386BBE66,,3416,3416,,,,,,1,1,0,0,0,0
3471,CBB734E2-3189-4F7C-B3C9-2FEDACD7BBB1,,5631,5631,,,,,,1,1,0,0,0,0
3472,7C05DBE8-C04E-4C03-9E48-743AE9CD1927,,6595,6595,,,,,,1,1,0,0,0,0
3473,ED220FB3-BCCB-48C1-B776-5E38EC8A096D,,11361,11361,,,,,,1,1,0,0,0,0
3474,28D1537C-4C58-4F1C-A571-9E9F3CED386F,,7400,6554,,,,,,1,1,0,0,0,0
3475,00E31560-D94A-4733-949B-C16A346FD4B3,,125.45,125.45,,,,,,1,1,0,0,0,0
3476,EE33847A-AC7E-49A6-AEBA-AE025C502F28,,122.2,122.2,,,,,,1,1,0,0,0,0
3477,BF480D3C-10E4-4E84-96BF-25DB34BD8827,,125.1,125.1,,,,,,1,1,0,0,0,0
3478,3FFBEAC8-50A6-4CDA-84AD-284A01299A0E,,124,119.2,,,,,,1,1,0,0,0,0
3479,2617AA48-9113-40EB-B8B1-C58BC11D80BC,,9055,9055,,,,,,1,1,0,0,0,0
3480,CD5E5411-DDAD-43A7-AC56-C83358930198,,9062.5,9062.5,,,,,,1,1,0,0,0,0
3481,D3E13E02-0F5A-486E-A3A1-B04CC1E5649B,,121.9,121.9,,,,,,1,1,0,0,0,0
3482,CBDE567B-06E5-471D-A6B2-8B0A57097FF9,,125.7,125.7,,,,,,1,1,0,0,0,0
3483,16766147-CCAE-49E3-92AA-5B2ACD3A2758,,125.9,125.9,,,,,,1,1,0,0,0,0
3484,E12C0A74-CB4D-4F87-B0B0-D4B1B9CFF877,,122.5,122.5,,,,,,1,1,0,0,0,0
3485,5ED7E5AF-5B03-48E9-AE87-26CA77C960CE,,9010,9010,,,,,,1,1,0,0,0,0
3486,575CC8DE-73B3-4F85-97A2-0AF71C535603,,125.25,122.2,,,,,,1,1,0,0,0,0
3487,03295DA2-6623-4E01-B68C-17F7FB7FE103,,123,123,,,,,,1,1,0,0,0,0
3488,7C0EB670-0263-4B3F-8C69-306F0136D63B,,9055,9055,,,,,,1,1,0,0,0,0
3489,001A4473-6F32-407F-B3B9-D6DA0DA1ECD8,,5340,5340,,,,,,1,1,0,0,0,0
3490,08474967-E5A0-41BF-8944-09F9D9808720,,6554,6554,,,,,,1,1,0,0,0,0
3491,0AADB34A-6085-4D92-B5B5-5502A99AA53A,,7825,7825,,,,,,1,1,0,0,0,0
3492,7C75F194-537A-4D78-A3CE-44419C63939B,,9145,9145,,,,,,1,1,0,0,0,0
3493,FD9BA89E-8B16-4BB5-A84D-3B0A56A1C4E0,,9146,9146,,,,,,1,1,0,0,0,0
3494,9F154548-F4A5-46BA-A344-93F7E7DE118E,,7825,118.7,,,,,,1,1,0,0,0,0
3495,0B9A893A-C8CE-4B6C-A386-612304AF24F6,,4495,4495,,,,,,1,1,0,0,0,0
3496,842D0F50-0280-4094-86A2-7A58C3DC9C15,,122.9,122.9,,,,,,1,1,0,0,0,0
3497,AAE2249C-6458-41CE-A1B4-9A4900FD89C9,,6553,6553,,,,,,1,1,0,0,0,0
3498,CA384921-152A-488F-801F-CE476D1CD672,,132.5,132.5,,,,,,1,1,0,0,0,0
3499,40E5BD17-5406-4558-B2AA-86E61D6C304E,,11244,11244,,,,,,1,1,0,0,0,0
3500,DF2E0FE5-0F74-4F9F-BC76-2BA65E148A73,,130.3,130.3,,,,,,1,1,0,0,0,0
3501,3D92C467-F930-4E63-A177-ACEB3A62B1FF,,5711,5711,,,,,,1,1,0,0,0,0
3502,6631A0F5-8C3F-4F1E-8EF6-BA999CF4016F,,121.1,121.1,,,,,,1,1,0,0,0,0
3503,3EC845FB-38F1-472E-B46F-D740F0296D5D,,119.5,119.5,,,,,,1,1,0,0,0,0
3504,01E252F4-63BF-47CF-991A-AB086755E272,,119.7,119.7,,,,,,1,1,0,0,0,0
3505,41535CBD-8FFF-4855-949B-0CE4A9F37B08,,5580,5580,,,,,,1,1,0,0,0,0
3506,34CDA650-F7D9-4C3C-A157-74110EF4DD44,,8834,8834,,,,,,1,1,0,0,0,0
3507,A55FF462-81F3-4EE1-A9CD-20C12A7FEE97,,122.2,122.2,,,,,,1,1,0,0,0,0
3508,8A48E417-9292-4C9D-81AE-37AC20303388,,3416,11309,,,,,,1,1,0,0,0,0
3509,73F54552-A606-42F0-A57B-EACD3B078036,,8882,8882,,,,,,1,1,0,0,0,0
3510,E4553852-39B9-4677-91D8-40B3227F8C9F,,11309,3416,,,,,,1,1,0,0,0,0
3511,E340740D-58DD-4829-A8D7-99A2AC682F4A,,5574,5574,,,,,,1,1,0,0,0,0
3512,A9FCE0EA-D89C-4D6F-835B-37ABB79CE915,,6577,6577,,,,,,1,1,0,0,0,0
3513,4CA2B387-8867-4AC4-9C61-D0A15FB691F6,,122.5,122.5,,,,,,1,1,0,0,0,0
3514,F6E120DF-9DB9-4F0C-9036-EDCEC36856B3,,134.7,134.7,,,,,,1,1,0,0,0,0
3515,CCF0A53D-1064-4962-941D-7CE6F675CC97,,134.7,134.7,,,,,,1,1,0,0,0,0
3516,2033FF3D-9C7A-4C6A-B4D5-9DDE0BF33AA1,,119.7,119.7,,,,,,1,1,0,0,0,0
3517,2B9B1AD0-7F8C-497B-BC22-63F24A678AAC,,119.7,119.7,,,,,,1,1,0,0,0,0
3518,024A9E50-7044-4BF0-8DDD-827277A437EF,,5687,5687,,,,,,1,1,0,0,0,0
3519,B90F3D63-FD60-496B-A17A-1E3E8966F9D6,,3032,3032,,,,,,1,1,0,0,0,0
3520,97C57ECA-8617-4F5E-B892-ADC350D72DDA,,8974,8974,,,,,,1,1,0,0,0,0
3521,13BDB66F-0CC2-40C9-8EE6-670DEE1E7932,,11235,11235,,,,,,1,1,0,0,0,0
3522,CE7B5363-769D-44E6-994E-157A2DACC74B,,13206,13206,,,,,,1,1,0,0,0,0
3523,8CD0B874-0D33-49F1-9015-07D790BCBF33,,124.3,124.3,,,,,,1,1,0,0,0,0
3524,42D86792-B8F6-40ED-87FF-9C3CF670C61E,,119.7,119.7,,,,,,1,1,0,0,0,0
3525,7E90BFC3-9897-43CE-A327-FAD87106541B,,128.2,128.3,,,,,,1,1,0,0,0,0
3526,A610C9EF-24F0-4072-A0D8-3AB40F65140D,In flt Info sctr blw TCA Noumea parts 1.2 Magenta,124.3,124.3,,,,,,1,1,0,0,0,0
3527,C32A378E-06CB-46E2-BA86-8DE12A0C626E,,130.6,130.6,,,,,,1,1,0,0,0,0
3528,45B5DAB6-88A6-422A-A184-5D767BA97AE9,,130.05,130.05,,,,,,1,1,0,0,0,0
3529,4BEF5029-FCA5-4EA6-8DE5-7FA973DC389C,,128.9,128.9,,,,,,1,1,0,0,0,0
3530,5B168FDB-1D9E-4000-96D2-C6C2CA34D2F2,,125.1,125.1,,,,,,1,1,0,0,0,0
3531,B0035ED4-F215-4039-B7E4-98E49F3433C7,In flt Info sctr blw TCA Noumea part 1.4 Iles Loyaute.,125.1,125.1,,,,,,1,1,0,0,0,0
3532,8F4FC8F3-1F9F-4632-87ED-0D1C1D91D201,,118.5,118.5,,,,,,1,1,0,0,0,0
3533,8D7BE9E9-C46F-4FA6-97A9-91B48B45A0C1,,120.15,120.15,,,,,,1,1,0,0,0,0
3534,DBD2B8E2-12B5-4575-BEF2-E68D2B168161,,121.7,121.7,,,,,,1,1,0,0,0,0
3535,B95F311B-B387-4EE7-98A5-E29FEF23830A,,11235,11235,,,,,,1,1,0,0,0,0
3536,D79C3BFC-3C96-4E04-B78B-A100B3C21342,,13206,13206,,,,,,1,1,0,0,0,0
3537,998D2B25-2A03-46B2-8AC7-C5D2E38D90ED,,3032,3032,,,,,,1,1,0,0,0,0
3538,3A243011-129E-404E-8AC0-409DCB238155,,5687,5687,,,,,,1,1,0,0,0,0
3539,796FCF87-82EA-4D7E-95F7-BA2597EAFC32,,125.7,125.7,,,,,,1,1,0,0,0,0
3540,A5CE4EF1-1363-4850-8C1E-D10BC273E825,,5687,5687,,,,,,1,1,0,0,0,0
3541,D53BB529-D75D-4EBA-8238-43E390EEB499,,3032,3032,,,,,,1,1,0,0,0,0
3542,4885F62C-474F-495D-A0D8-5D1FAE2D3435,,8974,8974,,,,,,1,1,0,0,0,0
3543,706CB568-9FBF-4BF5-9B86-A1A14186EC8B,,11235,11235,,,,,,1,1,0,0,0,0
3544,E401DFFF-D2E3-4CA6-8809-2D9A9811B7F8,,13206,13206,,,,,,1,1,0,0,0,0
3545,58444E1A-6950-4138-BB58-DB3E737196D4,,130.25,130.25,,,,,,1,1,0,0,0,0
3546,2A4693C3-EE21-42D5-8FD8-3C57DD6A68B1,,261.7,261.7,,,,,,1,1,0,0,0,0
3547,B1E834CE-C304-42A7-9601-97BDDA402E1E,,5687,5687,,,,,,1,1,0,0,0,0
3548,0A4EE4F6-057E-42D6-92F2-E28D6E7D0CEF,,3032,3032,,,,,,1,1,0,0,0,0
3549,6626CAC0-533B-480B-833A-3A89DA2E214E,,8974,8974,,,,,,1,1,0,0,0,0
3550,0EF4798D-6E40-44E4-B2FE-21E6760365D7,,11235,11235,,,,,,1,1,0,0,0,0
3551,B05574AC-A3DA-4F11-B73F-01F3AD2B905A,,13206,13206,,,,,,1,1,0,0,0,0
3552,50F8FFD5-9BA0-452E-9945-166D1CB937DC,,135.25,132.95,,,,,,1,1,0,0,0,0
3553,C4D39098-5013-4D0D-8217-B91F1EB2C0BD,,119.625,119.625,,,8CC92F58-9C1F-48EB-AFF8-0F300AA74FC8,,BLANK,0,0,1,0,0,0
3554,A1967A6C-588C-43C3-A41E-0EEC829CC87F,,124.6,124.6,,,,,,1,1,0,0,0,0
3555,A0BF5B1B-F5A1-47FC-B7CC-7BBEE6CACF11,,121.73,121.73,,,,,,1,1,0,0,0,0
3556,7D400D14-F5EF-48FB-A08B-46FFCFC02606,,118.925,118.925,,,,,,1,1,0,0,0,0
3557,C94FF0A3-EABC-45EC-A7C0-8CA524BC0101,,260.4,260.4,,,,,,1,1,0,0,0,0
3558,055B1939-FCCE-4588-AEF3-E53B526D0EA6,,128.32,128.32,,,,,,1,1,0,0,0,0
3559,0F627FE0-59B0-45BF-9328-056252CC602E,,246.1,246.1,,,,,,1,1,0,0,0,0
3560,ADE631D2-C6C2-4F24-8910-20C227205AB0,,134.25,134.25,,,,,,1,1,0,0,0,0
3561,642EC2CA-CAB1-4470-9DA5-0B3614802F55,,128.2,134,,,,,,1,1,0,0,0,0
3562,0381C59A-7302-4F7C-8C71-FBBB6AFB288E,,297.5,255.4,,,,,,1,1,0,0,0,0
3563,E0B6167B-AC00-4D24-9937-D79EB561A2E3,,119.3,119.3,,,,,,1,1,0,0,0,0
3564,3A8B9C0C-0BB8-4221-9B95-30E22635A8EA,,121.25,121.25,,,,,,1,1,0,0,0,0
3565,5B465A37-B619-4D0D-9D68-236518A6DFA3,,127.3,127.3,,,,,,1,1,0,0,0,0
3566,C763FF10-40CB-428E-A57A-30749F02671C,,134.4,134.4,,,,,,1,1,0,0,0,0
3567,7CFF9C57-8815-41E9-B2E6-75372662F6AC,,123.7,123.7,,,,,,1,1,0,0,0,0
3568,B97821FC-9081-48BA-AE62-A26BBDB8F016,,133.25,133.25,,,,,,1,1,0,0,0,0
3569,D417F2AE-270C-4A62-92DB-62944C75E2E1,,134.2,134.2,,,,,,1,1,0,0,0,0
3570,5EC932FB-99D4-4D99-B5E3-2AEBB7932D4F,,128.3,128.3,,,,,,1,1,0,0,0,0
3571,05783715-C0FC-42AC-8060-4EE07ABD92EF,,118.5,118.5,,,,,,1,1,0,0,0,0
3572,4D92264E-451F-4709-9040-452A7FA3DC1D,,135.1,135.1,,,,,,1,1,0,0,0,0
3573,E012CEC9-E573-4C71-B927-848F3E1E644B,,119.575,119.575,,,51B7ED17-92C1-47F7-9E9F-D804CDE7107B,,BLANK,0,0,1,0,0,0
3574,0B189A3E-A2B3-422F-847E-79267C9A12F3,,134.2,134.2,,,46D13AC9-CE0F-470E-A46E-BD0F8FC3F90F,0,BLANK,0,0,1,1,0,0
3575,63823388-BE30-429A-8B97-10C1CBC711BD,,123.9,123.9,,,,,,1,1,0,0,0,0
3576,CD2FB71F-9AA0-48CB-A95C-CF867916B5D7,,118.9,118.9,,,,,,1,1,0,0,0,0
3577,9A581CAF-5D72-4156-9DF6-EF51F53EDB1D,5 NM TO 3700',122.8,122.8,,,,,,1,1,0,0,0,0
3578,5AB01168-0E31-45D5-A9EB-633AAAEDEEA0,,269.25,269.25,,,84C79328-FF84-4EAD-8E11-781E128175E9,1,BLANK,0,0,1,1,0,0
3579,856845F6-91A4-47DE-A70A-D128BE66B981,,122.3,122.3,,,,,,1,1,0,0,0,0
3580,40413C33-2FB8-4F26-9FFB-B1B23900F8BE,,135.75,135.75,,,79333AA3-6C36-44D9-9EEF-4C3D23C75DBF,,BLANK,1,0,0,0,0,0
3581,ADD8A86D-1696-4BD8-AC53-049FE95C5537,,123.425,123.425,,,,,,1,1,0,0,0,0
3582,85B1D828-DD45-43F6-B9E8-D3C74B18AE65,(DEP W 131.175),131.75,131.75,,,,,,1,1,0,0,0,0
3583,819D5770-42D0-4E4B-89D1-629F64A92784,,126.4,126.4,,,,,,1,1,0,0,0,0
3584,6314B172-C2FB-472E-B6E9-F3381667704D,,123,123,,,,,,1,1,0,0,0,0
3585,C4A5D04D-CDC3-456E-9E41-8539908F9A5F,,127.075,127.075,,,2D78C035-1ABD-4EC6-9CB3-E667C617F96F,0,BLANK,0,0,1,0,0,0
3586,F4F3F28D-2D3B-4CF3-9C3F-C95F7C49C41A,,292.175,292.175,,,2D78C035-1ABD-4EC6-9CB3-E667C617F96F,0,BLANK,0,0,1,0,0,0
3587,DEBF1C52-6B72-4C7F-B326-879EFBE1C9A5,,123.25,123.25,,,,2,BLANK,1,1,0,0,0,0
3588,3C47FB51-1FB1-4662-BAE0-50DF4276A902,,122.15,122.15,,,43FDBA62-9950-4A86-B02E-A54C74EE1008,2,BLANK,0,0,0,1,0,0
3589,8C450EBA-5DCB-44CD-A62F-9D189B942E4D,,135.375,135.375,,,985280D9-F7FE-4794-96D2-85DAC9019C7D,,BLANK,0,0,1,0,0,0
3590,E369C693-8741-4437-A045-6515BB53B1B6,,259.6,259.6,,,,,,1,1,0,0,0,0
3591,ED02CEBB-BE48-41C1-99FD-6A693E171449,(E Arr/Dep 259.6) (W Arr/Dep 252.875) (Lichfield corridor 292.525),292.525,292.525,,,,,,1,1,0,0,0,0
3592,623BAC9B-7033-4B07-95BE-DCC896345651,,275.35,275.35,,,,,,1,1,0,0,0,0
3593,A052FF04-0CC6-4B52-BB66-D7F5CD0782D3,,123.55,123.55,,,,,,1,1,0,0,0,0
3594,0B3A8A7C-EBF5-4319-A093-A664224375D2,,122.85,122.85,,,,,,1,1,0,0,0,0
3595,4B146625-F20C-4803-AEB4-9336CFC0B71E,,119.3,119.3,,,,,,1,1,0,0,0,0
3596,41007DBA-0258-48A4-880E-9D18540DD918,,119.9,119.9,,,,,,1,1,0,0,0,0
3597,338ECFA1-33B6-49D8-B910-214C2F865A31,,122.2,122.2,,,FAEFDC9F-2170-441F-B8F9-28C735D0D994,2,BLANK,0,0,1,1,0,0
3598,41CD5916-0532-4E7E-B267-A1FC7348A96F,,121.5,121.5,,,68DF29BA-9EA9-4889-8BA2-B8516AE43737,2,BLANK,0,0,1,1,0,0
3599,1F8E99B0-5496-4E3F-890F-89239834BCCD,,121.5,121.5,,,7FFD0B58-0F60-4912-B2E7-719874F55B12,2,BLANK,0,0,1,1,0,0
3600,0B255CFB-A1F0-4B98-8994-539DFE48F49D,,121.5,121.5,,,34F9A658-C57D-4CA4-9A59-77F6D39DD1BD,2,BLANK,0,0,1,1,0,0
3601,CB14ED5D-7EE0-4B40-BF79-8D8C98B46ABF,,243,243,,,34F9A658-C57D-4CA4-9A59-77F6D39DD1BD,2,BLANK,0,0,1,1,0,0
3602,C69250A5-CAE8-48F8-89D6-66D73B577AB8,,121.5,121.5,,,D0486F7F-BC20-4AA2-84D7-1F45931897DA,2,BLANK,0,0,1,1,0,0
3603,692EA5B3-5BA0-43BC-B198-E89FA6611F08,,243,243,,,D0486F7F-BC20-4AA2-84D7-1F45931897DA,2,BLANK,0,0,1,1,0,0
3604,195A4AEA-E8DA-4715-8C51-FF355B0534EF,,121.5,121.5,,,9CEF0C77-DC02-4E4E-B71D-15F87B5092C4,2,BLANK,0,0,1,1,0,0
3605,6CB7B8EF-433A-4E83-959D-C9045B66A9CA,,121.5,121.5,,,A99ED97D-FB42-47E0-B728-0D3AA7A152EA,2,BLANK,0,0,1,0,0,0
3606,84CF4B8C-77BE-410B-9285-1B946627A918,,121.5,121.5,,,8C272E9E-F3E0-4D5D-80BD-78CD57BD940A,2,BLANK,0,0,1,1,0,0
3607,FC07AA87-F362-4566-B544-87C11C622557,,121.5,121.5,,,E90B3070-76BB-447F-A5DD-39BA74B2EF94,2,BLANK,0,0,1,1,0,0
3608,98324BDD-C910-418E-930E-FB404B694723,,121.5,121.5,,,870FF8FE-51A8-4E61-BF6C-CBA87D1D626E,2,BLANK,0,0,1,0,0,0
3609,4E4FE33F-74F5-4681-A740-EC6FE5591D74,,121.5,121.5,,,8ADEBBE2-31B1-41B8-A0AA-A7D8D16A6C76,2,BLANK,0,0,1,0,0,0
3610,9983D5CE-B69C-47FA-BA7C-9EC329FA7F5D,,121.5,121.5,,,A267A467-B418-49B3-8CFB-6B09AF137E66,2,BLANK,0,0,1,1,0,0
3611,A1FCAE8F-F3F9-4552-8610-C462279E37C6,,121.5,121.5,,,F35B8770-3DDA-4AF3-BD22-A3544B0DE261,2,BLANK,0,0,1,0,0,0
3612,DC6D3F49-71C5-4029-8737-CD0BF23F8804,,121.5,121.5,,,7C108835-5395-4CB2-BE9D-9A38AFF4CA20,2,BLANK,0,0,1,0,0,0
3613,2958E700-1462-4323-A59F-D28113B1D377,,121.5,121.5,,,9F1CC238-39BE-466E-9278-8198436F9B6A,2,BLANK,0,0,1,1,0,0
3614,C97CC503-66A6-41A4-A999-1A6C48F8B408,,121.5,121.5,,,A9F6FF3C-E228-410F-998F-834DE2FE2475,2,BLANK,0,0,1,0,0,0
3615,A62FF2F5-17F2-4648-880D-C7489BB8EDC8,,121.5,121.5,,,BDD723DC-DEC1-486B-9E14-5F29B5AB764F,2,BLANK,0,0,1,0,0,0
3616,BF2F3254-66D3-463B-BB05-0BB87D83C0CD,,121.5,121.5,,,31E1C686-AF7B-495E-A2A0-21F32E5E640F,2,BLANK,0,0,1,1,0,0
3617,AA9C8EA9-FFBF-4692-B4A9-C3902F0F08A8,,121.5,121.5,,,315FEC3D-E8FA-424C-B105-8AA8DD84C8C8,2,BLANK,0,0,1,1,0,0
3618,4EC34A53-AFF4-4D10-8AFF-B68139118C56,,121.5,121.5,,,577556D4-5B84-42B2-8357-5B499E1E389A,2,BLANK,0,0,1,0,0,0
3619,1D070255-75DA-42C9-A6B2-AA27567E8987,,121.5,121.5,,,8ACE1C07-CF71-442A-A1E6-A0DA2405C965,2,BLANK,0,0,1,1,0,0
3620,ECE0B370-2D9E-4455-A7EB-1AC5147A6F0B,,121.5,121.5,,,F371D501-B65F-4037-8781-576D4E20AC19,2,BLANK,0,0,1,1,0,0
3621,845D5794-A0DB-4048-ABAF-21AEEF4D05A7,,121.5,121.5,,,CEC04121-2C58-4676-B4C6-E9B2A8A0E4F3,2,BLANK,0,0,1,1,0,0
3622,5C39C047-7342-4F63-8801-7EB98AF9BF9B,,121.5,121.5,,,E9F96BE8-DE57-48DD-83CD-31116299E9F1,2,BLANK,0,0,1,0,0,0
3623,54CFB023-C35E-4915-84C4-8FBA03AD848F,,243,243,,,,2,BLANK,1,1,0,0,0,0
3624,27B6AE3A-5A0E-4BFB-A352-E5FA559DA917,,121.5,121.5,,,1E24F2B6-A6D5-49DE-B204-94DA21F13322,2,BLANK,0,0,0,0,0,1
3625,54EACD2A-D15B-48E3-BFDC-A31C917C6B4C,,243,243,,,1E24F2B6-A6D5-49DE-B204-94DA21F13322,2,BLANK,0,0,0,0,0,1
3626,92D5A339-09B8-4F68-897E-7DEAE4AE7194,,121.5,121.5,,,F4E4C6E7-8B0A-429B-8A09-F7BFD5056010,2,BLANK,0,0,1,0,0,0
3627,A85E3290-7999-4B5E-B961-2E0DB8164FC7,,121.5,121.5,,,DE124C4B-2E3B-4E50-8934-939E11F470D1,2,BLANK,0,0,0,1,0,0
3628,4EF016A7-A127-470B-9AE9-73C44119923B,,121.5,121.5,,,142EC7CB-7903-4A1A-A968-1F687B2DD2EC,2,BLANK,0,0,1,1,0,0
3629,F9C95678-984E-40DA-BF82-107A04FA2145,,121.5,121.5,,,8AE7B971-9F69-47B9-95C6-C3051A3270CD,2,BLANK,0,0,0,1,0,0
3630,DA0DEFF7-9476-40BF-A89B-C284A4DF26CF,,121.5,121.5,,,770CD501-FE76-4F9C-A25E-E277CB731D2C,2,BLANK,0,0,1,1,0,0
3631,9489B8CC-C613-46DF-BF6F-7E067169110F,,121.5,121.5,,,42127C7F-9F17-46AB-A04F-49801274D358,2,BLANK,0,0,1,0,0,0
3632,B2515221-2B29-460C-A23E-275E4819CBC4,,121.5,121.5,,,AD9EFFFE-652E-496F-ADC0-7AB80583BBFD,2,BLANK,0,0,1,1,0,0
3633,8CD6DE5D-DB45-44D6-B38B-690263A0A1EF,,243,243,,,AD9EFFFE-652E-496F-ADC0-7AB80583BBFD,2,BLANK,0,0,1,1,0,0
3634,75A34A5C-FA7F-4FF2-9BA3-82F1F7173A68,,121.5,121.5,,,A3ADCD47-3203-4FCC-8ED7-5D208187817B,2,BLANK,1,1,1,0,0,0
3635,FA0BF80B-E5B4-4518-ADD6-C691149627F2,,121.5,121.5,,,08A64A8D-F156-4281-B417-62968EBC1E09,2,BLANK,0,0,1,0,0,0
3636,4E83234E-F55C-4651-83B2-F0FEF6E88F61,,243,243,,,08A64A8D-F156-4281-B417-62968EBC1E09,2,BLANK,0,0,1,0,0,0
3637,D98CC9C4-9AFA-4ECB-AF7F-DD15FC23A444,,121.5,121.5,,,0B23302A-2804-4AB1-999E-D3045DB94E4A,2,BLANK,0,0,1,0,0,0
3638,BECE7C50-1E2F-44F3-9A34-4F7464B43419,,131.7,131.7,,,,,,1,1,0,0,0,0
3639,2EEAAFD6-019D-40C6-B5B6-6D49D43812C3,,124,124,,,,,,1,1,0,0,0,0
3640,AC261793-8258-48DB-9988-9D423CD6BAC3,,132.7,132.7,,,,,,1,1,0,0,0,0
3641,03D9617C-A60C-43EC-8D9A-1374AD662A5D,,126.7,126.7,,,,,,1,1,0,0,0,0
3642,05F8F41E-9BD7-45B7-9FCA-8EA414B98EF8,,118.325,118.325,,,DE6E02A2-AB02-47C6-8E8E-75F0496FFC2A,,BLANK,1,0,0,0,0,0
3643,8A03832A-5436-401F-B40B-77B0FD849F8A,,257.625,257.625,,,411733FE-A5A0-43AD-9F5B-FBC5D6584EDC,0,BLANK,0,0,1,1,0,0
3644,48B64FD0-1324-48A7-84D0-2F103B418943,,118.625,118.625,,,73FDFC53-A6A7-4F6F-8549-48C3749BFC87,,BLANK,0,0,1,0,0,0
3645,D2C166BB-E971-489C-840B-27572A26F6E9,,122.8,122.8,,,B668BC9B-78F2-4165-B5F0-70112A8AA9D6,,BLANK,0,0,1,0,0,0
3646,28008967-4C60-4B0E-848E-6A426566090B,,269.475,269.475,,,A166F322-EDAB-4525-865C-7911008B8823,0,BLANK,0,0,1,0,0,0
3647,0DB05B61-1DCD-4FB1-824D-3A6EFA9AF403,,5340,5340,,,,,,1,1,0,0,0,0
3648,0EB06683-3D94-4D2A-BDDD-D2BCE9E4A912,,9055,9055,,,,,,1,1,0,0,0,0
3649,025B4615-60F4-49F7-851A-06AA7834CCD4,,6554,6554,,,,,,1,1,0,0,0,0
3650,7855033C-565D-435D-87FC-B4486287CB5B,,6554,6554,,,,,,1,1,0,0,0,0
3651,0005DF7E-23F3-4E79-8C03-9609ED6626FF,,9055,9055,,,,,,1,1,0,0,0,0
3652,087B2B54-9738-457B-B4AD-B8957DBAC211,,132.025,132.025,,,564D9974-A18D-4E5C-A763-2CC9655B0A35,0,BLANK,0,0,1,1,0,0
3653,4B6F5BA8-E8A3-43C7-96BE-0DC5ACDDB0B5,,118.175,118.175,,,F4B10A29-050C-45A8-8568-5AFE4E9FF95B,,BLANK,0,0,1,0,0,0
3654,D34D384F-3498-435A-A086-4A944AAB93C2,,118.825,118.825,,,8CED4792-B40F-4BFF-BFCD-5D318DBCFA37,,BLANK,0,0,1,0,0,0
3655,D6719FE8-F2DC-47C8-A6D7-DBB4C6C57C04,,123.875,123.875,,,7913E768-1CEC-4A29-88F5-F561BB05E528,,BLANK,0,0,1,0,0,0
3656,9FFE2213-0671-4FBF-A7ED-167E31A4B793,,285.625,285.625,,,0EE7F2B1-96F3-4609-9504-B804E5B5785C,0,BLANK,0,0,1,1,0,0
3657,77ECC5F2-7603-4BE9-89DE-30D4F62B48C8,,127.675,127.675,,,232826CD-9E6A-419C-A7D5-5FA73A9BF720,0,D,0,0,1,1,0,0
3658,6151EAE7-0A39-46F6-9B56-7C810B458807,,127.675,127.675,,,999E031B-2B0B-4DA6-A59E-73BDB319FBA2,0,D,0,0,1,1,0,0
3659,E78B24BA-BC63-4AC0-AF92-96123A296E7A,,123.6,123.6,,,,,,1,1,0,0,0,0
3660,E9BD110D-5A8C-4CA2-8187-AC6F3BA8EFDC,,125.175,125.175,,,,,,1,1,0,0,0,0
3661,16A22104-CFCF-4C0E-8C6A-DF9F9C4360E0,,132.15,132.15,,,,,,1,1,0,0,0,0
3662,0A913257-E39C-4BAB-9BFE-9284F829E6D8,,127.65,127.65,,,,,,1,1,0,0,0,0
3663,761D37F2-3F34-4E4F-A60C-3220829ED9D6,,257.9,257.9,,,,,,1,1,0,0,0,0
3664,A42EB8A5-61B0-43F8-8C0A-4730F78343E1,,6667,6667,,,,,,1,1,0,0,0,0
3665,2E937FEE-CF78-4CB1-8562-DE2810805C74,,2956,2956,,,,,,1,1,0,0,0,0
3666,3B70A177-C622-4E04-858A-C577FCED1710,,122.85,122.85,,,,,,1,1,0,0,0,0
3667,80889BA2-15C2-4596-82E0-2EEF1AA8BF61,,281.425,281.425,,,3D80EF31-EA35-49CB-A3E2-A17B637E745A,1,BLANK,0,0,1,1,0,0
3668,414562B0-405E-495A-9187-647D0A701979,,285.525,285.525,,,E22A3830-DACC-47C2-A18B-8BB8B7FA9327,1,BLANK,0,0,1,1,0,0
3669,835EF54E-9F10-4E5C-B792-5248CE5A57A2,,118.8,118.8,,,00727E05-04E3-4A99-98D5-E55A37593A69,,BLANK,0,0,1,0,0,0
3670,57DDCB9D-A46F-431B-B726-A3A8888C6259,,124.175,124.175,,,E5BE960E-F6BA-45BE-8B17-DC04D042F9FF,,BLANK,0,0,1,0,0,0
3671,509CA677-0E6D-44B0-A2A7-C3872219B727,,119.925,119.925,,,6142ABFD-CB4A-4400-84BA-D51E6E7184D2,,BLANK,0,0,0,0,1,0
3672,B19004B2-4186-4A6F-885B-70C965DB4D87,,317.1,317.1,,,,,,1,1,0,0,0,0
3673,DF46B2B6-288B-4F17-AA77-135D6908CA8F,,125.6,125.6,,,,,,1,1,0,0,0,0
3674,D40EBF80-8482-4017-9B18-31CA8B4C5D5D,,304.4,304.4,,,,,,1,1,0,0,0,0
3675,295744AC-873B-4BBB-A752-A7379EF5D3B5,,132.45,132.45,,,,,,1,1,0,0,0,0
3676,A20585BD-2DB1-45AE-BFE4-27D5F7995508,,315.7,315.7,,,,,,1,1,0,0,0,0
3677,3F3F585C-1E8E-4795-91A7-052F21DF447D,,124.95,124.95,,,,,,1,1,0,0,0,0
3678,199CA6E8-03DD-432D-94A9-9A6A18DC3382,,287.6,287.6,,,,,,1,1,0,0,0,0
3679,AB73ACA9-A2E4-43BC-8449-6CB08DA6A0B2,,133.8,133.8,,,,,,1,1,0,0,0,0
3680,8CF7C984-213F-4DB8-B1C0-859C1717E41A,,228.4,228.4,,,,,,1,1,0,0,0,0
3681,C1A88A2D-4DD6-4F50-9BF9-92AF6169B8FC,,303.8,303.8,,,,,,1,1,0,0,0,0
3682,0D02B269-6F0C-4361-B372-3BE7914FB8D7,,132.9,132.9,,,,,,1,1,0,0,0,0
3683,96C620D9-81F3-4977-A647-9E8F1787F019,,118.9,118.9,,,,,,1,1,0,0,0,0
3684,F939CDF0-2D57-47E4-B260-3A4BE2EECA15,,227.3,227.3,,,,,,1,1,0,0,0,0
3685,078BAFE5-13DF-4F01-9403-B61A435F9E86,,134.15,134.15,,,,,,1,1,0,0,0,0
3686,873C9B16-6A7F-4A09-869E-0266506C556F,,315.9,315.9,,,,,,1,1,0,0,0,0
3687,D039BED2-CF55-427D-98AD-58D1C939853B,,123.7,123.7,,,,,,1,1,0,0,0,0
3688,AF258BBF-5E93-4E29-B5A3-3CBF4E6A96CF,,312,312,,,,,,1,1,0,0,0,0
3689,1F4AF19C-98B5-4212-83D2-B57661067D66,,133.35,133.35,,,,,,1,1,0,0,0,0
3690,1101F93B-C8AB-4671-82D1-155359C768D4,,309.4,309.4,,,,,,1,1,0,0,0,0
3691,F553F42D-A800-475F-8C72-3C5717E3D58B,,133.7,133.7,,,,,,1,1,0,0,0,0
3692,8BC64F56-D15F-460B-BDC4-5B6B74D81AB1,,120.4,120.4,,,,,,1,1,0,0,0,0
3693,4F2894C1-BA41-49AF-A48F-B2481506AD6F,,125.275,125.275,,,,,,1,1,0,0,0,0
3694,D8C41E66-E6B0-4A82-A201-429DBBCB59E0,,123.9,123.9,,,,,,1,1,0,0,0,0
3695,3606B2CB-0248-419F-9B96-3D8774531AC1,,276.5,276.5,,,,,,1,1,0,0,0,0
3696,D6514D41-2904-42EC-B898-FBE629255758,,132.3,132.3,,,,,,1,1,0,0,0,0
3697,963BD0A9-9516-4100-92E5-1F61FD539C52,,255.2,255.2,,,,,,1,1,0,0,0,0
3698,98DA7DE2-D567-47FA-BB00-92A1CC2C6F50,,126.7,126.7,,,,,,1,1,0,0,0,0
3699,B47937E4-5254-4EF4-8194-C291479EB6A7,,118,118,,,,,,1,1,0,0,0,0
3700,46BA62E5-F039-4868-A0E6-72D41244AA80,,123.6,123.6,,,,,,1,1,0,0,0,0
3701,29B84560-0882-4F5D-95C0-B8CDC6048985,,132.95,132.95,,,,,,1,1,0,0,0,0
3702,F688C981-0688-4F20-B72F-66023EFBB609,,123.3,123.3,,,,,,1,1,0,0,0,0
3703,B6587189-8CF6-42D2-A497-BE795FD5E30B,,122.2,122.2,,,FCD8D437-DE18-4C48-B935-A3CD360921C1,2,BLANK,0,0,0,1,0,0
3704,05F918FE-191B-4A61-880D-D1FF28867D25,,134.95,134.95,,,D09DC1D0-74BA-4FE6-87CA-15E05927D8C0,0,D,0,0,1,0,0,0
3705,2D027B27-774B-46A9-8AF4-20C06AD78750,,327.075,327.075,,,D09DC1D0-74BA-4FE6-87CA-15E05927D8C0,0,D,0,0,1,0,0,0
3706,0F1EBFDA-5A72-4301-B683-05CB8C47540D,,132.425,132.425,,,315FEC3D-E8FA-424C-B105-8AA8DD84C8C8,1,BLANK,0,0,1,1,0,0
3707,C305A9F6-9A5C-4D69-8A6D-9B7CAF68C658,,317.45,317.45,,,315FEC3D-E8FA-424C-B105-8AA8DD84C8C8,1,BLANK,0,0,1,1,0,0
3708,7E412388-AFB2-4DAF-A79A-6891C186E7D2,,118.375,118.375,,,708D138A-4DDC-4777-8609-EE020AFF41E9,,BLANK,0,0,1,0,0,0
3709,3E260670-601D-426B-A744-12C3CEB4BBBB,,121.5,121.5,,,232826CD-9E6A-419C-A7D5-5FA73A9BF720,2,BLANK,0,0,1,1,0,0
3710,67249DBD-9DC7-45DF-88A8-5B3EDC5913C4,,243,243,,,232826CD-9E6A-419C-A7D5-5FA73A9BF720,2,BLANK,0,0,1,1,0,0
3711,4C1E6306-1130-40F3-B370-B55E66F9E158,,132.15,132.15,,,,,,1,1,0,0,0,0
3712,FC79DAD8-1050-4AE4-B47A-7D133937AC66,,131.9,131.9,,,,,,1,1,0,0,0,0
3713,95D55051-913E-45D2-AF77-2AECAE011DAF,,6589,6589,,,,,,1,1,0,0,0,0
3714,9FBBEFC1-64B1-4EC4-BB9D-6DFFACAABB65,,8070,8070,,,,,,1,1,0,0,0,0
3715,D8CC1711-2A56-41B0-BE97-CA48A22D15AF,,8070,8070,,,,,,1,1,0,0,0,0
3716,C3DE7441-EC80-426D-994E-5B2E9427F4F5,,8918,8918,,,,,,1,1,0,0,0,0
3717,02E7A609-2D40-4C06-A629-C139D5F9FF48,,124.35,124.35,,,,,,1,1,0,0,0,0
3718,B80EC337-B987-4095-B036-B60A5E829D1E,,8070,8070,,,,,,1,1,0,0,0,0
3719,8A093DC7-DF94-4753-B992-24C5F86783A8,,4490,4490,,,,,,1,1,0,0,0,0
3720,3677B553-F37B-41A3-A57D-37AC7497DC6A,,8882,8882,,,,,,1,1,0,0,0,0
3721,44519A5C-D446-4BA6-AC92-D92BD48B6267,,7825,7825,,,,,,1,1,0,0,0,0
3722,E0283BD9-0024-47D9-938E-103D96BF30DF,,126.45,126.45,,,FEA22EF2-8764-44FC-948F-7F12E5A455EA,2,BLANK,1,1,0,0,0,0
3723,94CE82C2-EA07-4029-8A76-98200A6E01DF,,120.3,120.3,,,,,,1,1,0,0,0,0
3724,030D6C83-50BE-4537-8E6A-5B93802308C2,,119.1,119.1,,,,,,1,1,0,0,0,0
3725,239C7600-FD20-40A8-9FFA-0CB3136FC125,,119.625,119.625,,,,,,1,1,0,0,0,0
3726,8E583A63-9325-4E49-9580-11CEF265D5BB,,119.1,119.1,,,,,,1,1,0,0,0,0
3727,5191FB68-DA92-44B5-98AE-9F487F870B6B,,121.5,121.5,,,F23DCB8E-7684-4769-A2FE-AC8C54624DA1,2,BLANK,0,0,1,0,0,0
3728,3A8E36F0-1E44-4DC2-869A-F45C330A6292,,243,243,,,F23DCB8E-7684-4769-A2FE-AC8C54624DA1,3,BLANK,0,0,1,0,0,0
3729,48A80259-7161-4AC8-B878-F599A7B6B734,,121.5,121.5,,,F75FA07D-BBE0-4CA6-9AFF-806D3FFF1D46,2,BLANK,0,0,1,0,1,0
3730,32523CA2-88D5-4D64-A3A6-7648D01A1C5C,,243,243,,,F75FA07D-BBE0-4CA6-9AFF-806D3FFF1D46,2,BLANK,0,0,1,0,1,0
3731,7A771B0A-6A9A-4C91-A9DB-0A0FD516A8B3,,121.5,121.5,,,80CE3FA5-1095-43FE-8011-2313DB83CD0E,2,BLANK,0,0,1,0,0,0
3732,78A9ADCD-7BCA-4A55-A86E-45FB1CBB5FC1,,243,243,,,80CE3FA5-1095-43FE-8011-2313DB83CD0E,2,BLANK,0,0,1,0,0,0
3733,BDBAA38D-6EC9-4026-AB3A-6CA486D7BBC0,,121.5,121.5,,,57FF3E67-6DFC-4CD2-B680-72685A046F9D,2,BLANK,0,0,1,0,0,0
3734,338E520A-F310-41CB-906A-145C7740C0D3,,243,243,,,57FF3E67-6DFC-4CD2-B680-72685A046F9D,2,BLANK,0,0,1,0,0,0
3735,BEA6F6A9-0F34-4A0E-8CF2-7B620E2692C5,,121.5,121.5,,,2040A81C-4359-4987-826E-161C71008C10,2,BLANK,0,0,1,1,0,0
3736,59F74AB6-D65A-40BC-8598-8B3BB45F173D,,243,243,,,2040A81C-4359-4987-826E-161C71008C10,2,BLANK,0,0,1,1,0,0
3737,7673AC6E-C815-4CC2-9D13-BE8EE6812DC5,,121.5,121.5,,,7EF9B386-F4DE-4301-9D5E-C5C9679DA2A2,2,BLANK,0,0,1,0,0,0
3738,02BE9217-F880-4CD5-BCE0-C1346EFB94E0,,243,243,,,7EF9B386-F4DE-4301-9D5E-C5C9679DA2A2,2,BLANK,0,0,1,0,0,0
3739,6FB79F92-5DDF-468E-85D6-38551CB77BD5,,121.5,121.5,,,D5380148-28EF-4783-A578-8FF8232D0429,2,BLANK,0,0,1,0,0,0
3740,DA7FA0D2-9CC4-47DE-BAAB-9F12C2E84BDD,,121.5,121.5,,,B9658A75-78DB-40CE-83E0-2733A9EDDFEE,2,BLANK,0,0,1,0,0,0
3741,98161452-C177-472A-9D4E-152530C47B0C,,243,243,,,B9658A75-78DB-40CE-83E0-2733A9EDDFEE,2,BLANK,0,0,1,0,0,0
3742,5BD7B014-410C-4CBE-92C2-9CB0BF33246F,,119.925,119.925,,,904741D9-B105-4C4E-AE66-44CBCD8C5DD7,,BLANK,0,0,1,0,0,0
3743,9C453E16-8230-43CF-83C3-C88BD0B5F596,,121.5,121.5,,,BA8C4B0F-2244-4E2D-A01E-EC1678B17451,2,BLANK,0,0,1,0,0,0
3744,66B4BADC-A906-40A5-B60B-DD8FC90DAEE6,,121.5,121.5,,,C22464E7-5DE9-4CAA-B77D-80328214820B,2,BLANK,0,0,1,0,0,0
3745,2D0A3740-46CB-4C24-BD2E-AE7D6821F058,,121.5,121.5,,,D41E92DA-502D-4E33-A142-2C06AF1DED34,2,BLANK,0,0,1,0,0,0
3746,F5738FE0-7E43-4760-A67D-3757FC8D3BA1,,121.5,121.5,,,0C995C53-9B93-40A4-A319-7B5735573922,2,BLANK,0,0,1,0,0,0
3747,67FE5106-AB12-4AC5-A80F-75D74E5F5DEC,,243,243,,,0C995C53-9B93-40A4-A319-7B5735573922,2,BLANK,0,0,1,0,0,0
3748,3AB259DE-D572-4961-B7C8-044FE4F60B70,,121.5,121.5,,,8B326448-1671-4F21-A5F4-FB8EAB08834B,2,BLANK,0,0,1,0,0,0
3749,F4236A5C-E054-4F9E-8755-52CAD0851665,,243,243,,,8B326448-1671-4F21-A5F4-FB8EAB08834B,2,BLANK,0,0,1,0,0,0
3750,096981A1-DA39-495F-A9BD-AF0067229B8F,,121.5,121.5,,,7C339451-1DB5-4FC5-8C22-4DE6B3A1E49A,2,BLANK,0,0,1,1,0,0
3751,3019837A-412E-499F-A2F9-C6281807C5DD,,243,243,,,7C339451-1DB5-4FC5-8C22-4DE6B3A1E49A,2,BLANK,0,0,1,1,0,0
3752,5FCC25A2-49B1-4AA1-A36F-8F1713497200,,121.5,121.5,,,0D558491-30CC-4396-BED9-302703112927,2,BLANK,0,0,1,0,0,0
3753,38C678C9-74A0-4993-8469-D88BF18BBD34,,243,243,,,0D558491-30CC-4396-BED9-302703112927,2,BLANK,0,0,1,0,0,0
3754,510F6A28-9F6C-4957-A73A-66CA387F563F,,121.5,121.5,,,F8892021-6C53-4FA9-8DB6-4696C09259AE,2,BLANK,0,0,1,0,0,0
3755,2BCF6EE2-8969-416C-8057-62A3F376F53B,,243,243,,,F8892021-6C53-4FA9-8DB6-4696C09259AE,2,BLANK,0,0,1,0,0,0
3756,1483C8F7-F5E4-4E84-81A9-5F5E169F9A94,,118.075,118.075,,,0A96BB03-7AFE-45BB-B16F-A5D476E5ACD0,,BLANK,0,0,1,0,0,0
3757,F2BFADEC-51C7-4A31-85CB-C0F0710FCE2A,,121.5,121.5,,,EF493190-5C94-4A1F-B65E-6071C274DA8B,2,BLANK,0,0,1,0,0,0
3758,B435439E-A9A4-485E-9EA7-CDEE6D354FE1,,243,243,,,EF493190-5C94-4A1F-B65E-6071C274DA8B,2,BLANK,0,0,1,0,0,0
3759,C08325EB-865C-4D90-993D-63D529C3BC76,,121.5,121.5,,,E5840715-7798-4C0F-9A33-EE3131DFB333,2,BLANK,0,0,1,0,0,0
3760,0C5D5D9E-4195-4714-A88C-D8C67AFA35D5,,243,243,,,E5840715-7798-4C0F-9A33-EE3131DFB333,2,BLANK,0,0,1,0,0,0
3761,B12D977B-D4CD-49C5-89E5-6CB487F5A83B,,121.5,121.5,,,070B3405-4586-47E5-A4CE-A08CB7B1AC94,2,BLANK,0,0,1,0,0,0
3762,2710EF22-4A9A-4BE1-A652-6BFA8E651DFE,,121.5,121.5,,,B774004B-6B09-43EB-9B75-A342C15F1849,2,BLANK,0,0,1,0,0,0
3763,457EF603-D483-4A37-989F-22006F55C27D,,121.5,121.5,,,63A48388-3F99-4BF4-B590-F848958D670B,2,BLANK,0,0,1,0,0,0
3764,CDAD8F3D-C095-4B03-B2AE-CE98167788DF,,243,243,,,63A48388-3F99-4BF4-B590-F848958D670B,2,BLANK,0,0,1,0,0,0
3765,7D9AF06F-5F6E-48FD-91FC-4741800BA7AA,,121.5,121.5,,,467B79B0-DB33-488A-8F13-2C5B12B94F42,2,BLANK,0,0,1,1,0,0
3766,0F1CFD05-5858-4301-93BE-CDD26111BBD3,,243,243,,,467B79B0-DB33-488A-8F13-2C5B12B94F42,2,BLANK,0,0,1,1,0,0
3767,8FF9130D-2E15-41CD-B507-BD5405DDFBE5,,121.5,121.5,,,2CE99DDD-9C0D-4400-8995-78C2218DF35E,2,BLANK,0,0,1,0,0,0
3768,D17CBA57-2F6C-4034-8C64-A4147464CC27,,311.575,311.575,,,,,,1,1,0,0,0,0
3769,FCCB58CF-B088-4334-94B3-AD4507F51DDE,,257.8,257.8,,,,,,1,1,0,0,0,0
3770,745C8E57-01FE-45C6-9EA3-B38B625ACC28,,122.1,122.1,,,,,,1,1,0,0,0,0
3771,F8EC5E7F-FA92-41AE-B984-E32E7DFBD542,,373.975,373.975,,,,,,1,1,0,0,0,0
3772,5D52819F-E857-4428-AF83-01F5319BD067,,142.15,142.15,,,,,,1,1,0,0,0,0
3773,0006AF42-A099-4DA6-9B22-3844AAF08DCD,,121.705,121.7,,,,,,1,1,0,0,0,0
3774,D9FFB79C-8C44-4A42-91D3-070FAE958B06,,126.2,126.2,,,,0,BLANK,1,1,0,0,0,0
3775,E21AE944-D1A2-4FFD-909F-1FD67C6C7C1D,,118.35,118.35,,,,0,BLANK,1,1,0,0,0,0
3776,4878E80D-CD97-4522-BC69-34877FA70ED6,,126.5,126.5,,,,,,1,1,0,0,0,0
3777,4D867BCF-1271-46AA-9296-2F0135F1A6AA,,119.1,119.1,,,,,,1,1,0,0,0,0
3778,7C70F287-CA11-46B4-834E-81CE63EF41D5,,258.3,258.3,,,,,,1,1,0,0,0,0
3779,237CE5C7-CE09-4440-9C6C-1AA32FE56B45,,335.8,335.8,,,,,,1,1,0,0,0,0
3780,42FABE13-8111-4995-BABA-9ED0A851459B,,118.55,118.55,,,,,,1,1,0,0,0,0
3781,942DEB9E-99B6-4B29-B5B5-061180780A58,,118.55,118.55,,,,,,1,1,0,0,0,0
3782,5C4A8283-ED53-4AD8-A24A-82572707A1B9,,121.5,121.5,,,C71B0CB3-598B-4F16-9F22-AEFF3370D0E4,2,BLANK,0,0,1,0,0,0
3783,767DF257-2B12-454B-A294-118ECBAD6702,,243,243,,,C71B0CB3-598B-4F16-9F22-AEFF3370D0E4,2,BLANK,0,0,1,0,0,0
3784,9A4AFED1-6F1F-4592-8089-78A0D32B4C20,,121.5,121.5,,,5F501D42-9790-4AF9-80F9-8689553B2FD2,2,BLANK,0,0,1,1,0,0
3785,1A32860E-E9D1-498B-8643-3111A8ADD429,,243,243,,,5F501D42-9790-4AF9-80F9-8689553B2FD2,2,BLANK,0,0,1,1,0,0
3786,7E5F6E13-A53E-4222-BACF-7BE0E84E6688,,121.5,121.5,,,16722EF1-046A-4E17-A983-F829F0BF07FC,2,BLANK,0,0,1,0,0,0
3787,646E7F7C-0F7D-424C-8E66-37F556D650E6,,243,243,,,16722EF1-046A-4E17-A983-F829F0BF07FC,2,BLANK,0,0,1,0,0,0
3788,D2A57B77-F3F6-4409-A3D7-0FE7AD76F303,,121.5,121.5,,,5CB381A8-CA49-4742-B36D-5BA90796654E,2,BLANK,0,0,1,0,0,0
3789,A0AFB5FA-0633-4019-A881-230641675534,,243,243,,,5CB381A8-CA49-4742-B36D-5BA90796654E,2,BLANK,0,0,1,0,0,0
3790,3E630A63-E5FA-4007-BAA2-0D5E777D3160,,121.5,121.5,,,89F41430-E257-486A-B849-BF3ACAFBDAC6,2,BLANK,0,0,1,0,0,0
3791,0D5AA778-4393-4C14-AA3B-29EFC533699E,,243,243,,,89F41430-E257-486A-B849-BF3ACAFBDAC6,2,BLANK,0,0,1,0,0,0
3792,3220CFAE-D5C1-49CB-B470-96AD1A1AC2AB,,121.5,121.5,,,BF5680EA-86C6-4E50-9A0C-FE45D8478063,2,BLANK,0,0,1,1,0,0
3793,BAD0DE0C-8D48-42C4-B88F-B5878A9B0F7B,,243,243,,,BF5680EA-86C6-4E50-9A0C-FE45D8478063,2,BLANK,0,0,1,1,0,0
3794,E51BC35C-97A3-410E-90CD-DF2A33046291,,121.5,121.5,,,73D02480-B0B7-4250-8801-20154DA5F378,2,BLANK,0,0,1,0,0,0
3795,C2C6C51C-8F56-4342-A30F-3EA5E03AB7F7,,243,243,,,73D02480-B0B7-4250-8801-20154DA5F378,2,BLANK,0,0,1,0,0,0
3796,B9EC480A-CC69-4E6E-88EE-834CF6CB04E1,,121.5,121.5,,,4F6653D6-0EDE-4090-A9C2-2AA39E1F524B,2,BLANK,0,0,1,0,0,0
3797,B461A2F1-66BC-4830-8169-2B6AA4F1082C,,243,243,,,4F6653D6-0EDE-4090-A9C2-2AA39E1F524B,2,BLANK,0,0,1,0,0,0
3798,E1885FFC-1B45-49FA-8651-0BA2985840AF,,121.5,121.5,,,53595160-FA79-4685-BB80-20F02B4965E3,2,BLANK,0,0,1,1,0,0
3799,16E0D648-EC24-469A-9403-73141F6AA775,,243,243,,,53595160-FA79-4685-BB80-20F02B4965E3,2,BLANK,0,0,1,1,0,0
3800,C1006DFC-5CB9-4F9F-86A6-286CC78ACD3A,,134.875,134.875,,,AD590645-8824-4EA9-8FDD-65E514D38E66,0,BLANK,0,0,1,0,1,0
3801,A9AE641B-1F2A-4800-AD09-E4B8A1BAB93B,,124.25,124.25,,,8B326448-1671-4F21-A5F4-FB8EAB08834B,0,BLANK,0,0,1,0,0,0
3802,70A4067F-57E6-495C-BFF2-983B7D0A37D9,,134.95,134.95,,,B963127C-12BF-46C7-9285-F08930BA6EFE,,BLANK,1,0,0,0,0,0
3803,0A8EEB7A-4A46-43E5-B5A6-838084B0C2F7,,121.975,121.975,,,109458B6-99AE-4EFC-8CDD-56498D082E41,,BLANK,0,0,1,0,0,0
3804,5E530703-DE38-4C60-A48B-C3767BB7A61A,,122.1,122.1,,,8E2C858B-F9B5-44B4-85C1-CD93800888AA,2,BLANK,1,1,0,0,0,0
3805,6D2381A1-8B9B-4618-8331-085C3F87BEA5,,130.015,130.015,,,,,,1,1,0,0,0,0
3806,086E8AFB-E66C-455F-AFC3-79461C53C1CA,,118.6,118.6,,,,,,1,1,0,0,0,0
3807,03A08479-7916-4718-86A0-5A81C6BF6E3F,,362.3,362.3,,,,,,1,1,0,0,0,0
3808,4614F4B9-1070-43B4-9D94-6D56F4E74E29,,37,47.2,,,,,,1,1,0,0,0,0
3809,F3BE4A78-FEFF-4A2F-B8B9-7FA2E8B14811,,121.85,121.85,,,,,,1,1,0,0,0,0
3810,E80B868B-00A6-4583-8552-34428680BF23,,121.9,121.9,,,,,,1,1,0,0,0,0
3811,6184A881-4E0F-4A06-A9E3-5E884DE46F52,,118.65,118.65,,,,,,1,1,0,0,0,0
3812,064C734D-4F58-409F-98B6-182A58EC2C2C,,118.25,118.25,,,,,,1,1,0,0,0,0
3813,F47D9BD5-92B9-4127-A255-88FB81744EC1,,128.075,128.075,,,E9B11E27-35C8-470D-B7D6-7C8EBFC34AD1,1,BLANK,0,0,1,1,0,0
3814,57DF1DBB-160D-46BE-BF6D-680D3BA3435E,,323.2,323.2,,,E9B11E27-35C8-470D-B7D6-7C8EBFC34AD1,0,D,0,0,1,1,0,0
3815,31DC47B3-2015-4C70-9998-347F0AECB361,,132.7,132.7,,,9CEF0C77-DC02-4E4E-B71D-15F87B5092C4,2,D,0,0,1,1,0,0
3816,45A30F85-8182-44AC-A9A4-1FE8ABE0CB09,,226.675,226.675,,,9CEF0C77-DC02-4E4E-B71D-15F87B5092C4,2,D,0,0,1,1,0,0
3817,2F63C849-6AF5-4870-B825-A5EAE72511B0,,132.7,132.7,,,C2B8FCC5-11A7-4D95-B001-FAE1C5E985B2,2,D,0,0,1,1,0,0
3818,2A04743B-0409-478D-A38D-6687FC114F12,,226.675,226.675,,,C2B8FCC5-11A7-4D95-B001-FAE1C5E985B2,2,D,0,0,1,1,0,0
3819,62C3AC6D-FE01-4524-B2D9-6392634CBE9D,,135.575,135.575,,,1AB45016-E377-4E93-A490-2EA10997B92D,0,BLANK,0,0,1,0,0,0
3820,E01D3980-A1E6-4BD4-99A3-98013A143FDD,,323.15,323.15,,,1AB45016-E377-4E93-A490-2EA10997B92D,0,BLANK,0,0,1,0,0,0
3821,9F58052F-A7C3-4DCB-BDD0-675425086085,,121.5,121.5,,,0EE7F2B1-96F3-4609-9504-B804E5B5785C,2,BLANK,0,0,1,1,0,0
3822,7B8B7AF3-B21F-4BF1-903D-C36BF9D010A2,,121.5,121.5,,,057CBD5E-8B54-4D94-B6F1-92A498711E73,2,BLANK,0,0,1,0,0,0
3823,4EBAD041-9909-440A-9FC4-74C73F1828C2,,121.5,121.5,,,65E24347-208F-4B99-B184-74CC928E4DB9,2,BLANK,0,0,1,1,0,0
3824,32A4F05E-6814-44C6-9751-34E4C7900E36,,243,243,,,65E24347-208F-4B99-B184-74CC928E4DB9,2,BLANK,0,0,1,1,0,0
3825,674F5645-88EE-484D-9481-E99FC40A0D91,,269.15,269.15,,,131D7D47-B203-4EC2-BB4B-30E30738E017,0,BLANK,0,0,0,1,0,0
3826,89C7CE70-46C8-47A9-9E16-FFBFBE9A4AD4,,127.475,127.475,,,32BAD4F4-C44F-474A-BAAA-84812B369B04,0,BLANK,0,0,1,1,0,0
3827,D28299B4-3D9D-47B7-8FF0-A13BCB9DF245,,346.275,346.275,,,32BAD4F4-C44F-474A-BAAA-84812B369B04,0,BLANK,0,0,1,1,0,0
3828,3FDFEFDD-15E6-487E-9E93-B2A1E90CDD5B,,121.5,121.5,,,08A1905B-3FB3-4FA3-851F-C4634238C572,2,BLANK,0,0,1,0,0,0
3829,663A0124-0708-4B95-8C05-200828A4ACB4,,243,243,,,08A1905B-3FB3-4FA3-851F-C4634238C572,2,BLANK,0,0,1,0,0,0
3830,694D43F9-EE0D-4870-B0E4-BC654E6D103E,,292.175,292.175,,,08A1905B-3FB3-4FA3-851F-C4634238C572,3,BLANK,0,0,1,0,0,0
3831,79EDDCB9-93B4-48AC-B3C9-E806E69C9C56,,243,243,,,88FA500B-AB05-4E8B-BB02-5559F2370850,2,BLANK,0,0,1,1,0,0
3832,C29B67EC-EFE7-4DC4-9C0A-FF1DCA3E5702,,322.425,322.425,,,61FCE1FF-E620-4F86-A80A-BDB8E9688FDF,0,BLANK,0,0,1,1,0,0
3833,30C18A47-2A1D-47CA-9D7E-3B8F22215646,,307.1,307.1,,,AA88167A-B9BF-4BE9-ABE2-228B44AC58C6,0,BLANK,0,0,1,0,0,0
3834,D7243E5C-F69E-41EA-946D-C62215607BB7,,121.5,121.5,,,411733FE-A5A0-43AD-9F5B-FBC5D6584EDC,2,BLANK,0,0,1,1,0,0
3835,9602AE29-800A-49F3-B153-818DD3AE5BBC,,121.5,121.5,,,1F71FCEA-17EF-4950-B829-18F9C8FA3A9B,2,BLANK,0,0,1,0,0,0
3836,38BC0253-678F-48E3-97A4-0BADF0D510CF,,257.975,257.975,,,1F71FCEA-17EF-4950-B829-18F9C8FA3A9B,0,BLANK,0,0,1,0,0,0
3837,B1AADE4D-80B5-4242-9A36-3B545588743D,,327.125,327.125,,,1F71FCEA-17EF-4950-B829-18F9C8FA3A9B,3,BLANK,0,0,1,0,0,0
3838,0A6998AB-2391-41DB-97BE-598F4E882A21,,284.675,284.675,,,AF7AFEE7-99D1-4C7F-8F6D-FC4022B0515E,0,BLANK,0,0,1,0,0,0
3839,AF016A67-5675-4CD3-B3E6-4EC57BF7FC24,,127.475,127.475,,,1063C4C8-3C16-47F5-AA8A-E13E754B53D8,0,BLANK,0,0,1,0,0,0
3840,AFD47390-891E-4E08-B04E-0CFA993F4615,,346.275,346.275,,,1063C4C8-3C16-47F5-AA8A-E13E754B53D8,0,BLANK,0,0,1,0,0,0
3841,17692C0E-285B-4C5F-92A4-712DA672F9F4,,127.8,127.8,,,40D9C4CA-1888-4F45-934F-F0B5BB3E462C,0,BLANK,0,0,1,0,0,0
3842,3D23269E-49F2-44D6-A423-31675CE84E17,,319.1,319.1,,,40D9C4CA-1888-4F45-934F-F0B5BB3E462C,0,BLANK,0,0,1,0,0,0
3843,664A6024-4047-4A15-904B-B4BF2179954A,,121.5,121.5,,,FCAA1C68-14D8-488A-803A-8FC31FA9E1A2,2,BLANK,0,0,1,0,0,0
3844,679360EE-7AEA-4D4F-963B-117EAA73962A,,243,243,,,FCAA1C68-14D8-488A-803A-8FC31FA9E1A2,2,BLANK,0,0,1,0,0,0
3845,CFEAB7C9-D2BC-4E60-81CF-344B6C8F5A26,,121.5,121.5,,,2FAEB2A2-1428-4299-88A5-F708615E662C,2,BLANK,0,0,1,0,0,0
3846,A42E0677-9D1A-45D0-9FD0-D7B2C1BBEF9D,,284.675,284.675,,,33DBAE80-A584-4A30-836D-518F2F83B7B5,0,BLANK,0,0,1,0,0,0
3847,1D70A06B-47B5-4E93-9E9E-8296ABBC7BB4,,121.5,121.5,,,7BE90ADB-45B8-4AB7-839D-521358E9B6C3,2,BLANK,0,0,1,0,0,0
3848,5C034AE2-E4F7-40CE-99DB-D678C1B5085F,,121.5,121.5,,,BD31A39F-428A-4C6A-849C-DAFE9B436EAA,2,BLANK,0,0,1,1,1,0
3849,8D4C2D74-B3B8-4A88-9DD3-A49CA3B8B49E,,284.675,284.675,,,BD31A39F-428A-4C6A-849C-DAFE9B436EAA,0,BLANK,0,0,1,1,1,0
3850,A566DE53-99CB-455F-AD49-90AF1F7A10E9,,121.5,121.5,,,0AD3F5BB-21B3-427E-A14B-0D1291D47D04,2,BLANK,0,0,1,1,0,0
3851,78010D5B-3603-4D98-B959-94994DA9D06B,,128.15,128.15,,,0255B70F-B444-4FF9-AEA4-1156AA475098,0,BLANK,0,0,1,0,0,0
3852,22CAEC50-54A8-4261-8437-02ADDD34FC2C,,323.125,323.125,,,0255B70F-B444-4FF9-AEA4-1156AA475098,0,BLANK,0,0,1,0,0,0
3853,35E4A677-CDD1-42BA-8AA2-B79CE654D4E7,,119.15,119.15,,,,,,1,1,0,0,0,0
3854,7D2F102B-C689-436E-ADD8-7D0342F4DE75,,129.6,129.6,,,,,,1,1,0,0,0,0
3855,6E1FEA62-585B-4D3E-B50D-2F00207967EB,,119.055,119.05,,,,,,1,1,0,0,0,0
3856,587A50A9-69FF-429C-B2D4-DA6DAE4E54A2,,119.225,119.225,,,,,,1,1,0,0,0,0
3857,15566FA0-F24A-4AD8-A902-801D291EE7BD,,125.25,125.25,,,,,,1,1,0,0,0,0
3858,DBB02D32-6A64-43D9-B529-CAAA9C7547E2,,119.425,119.425,,,,,,1,1,0,0,0,0
3859,E818625E-B056-45EC-ADA2-320F5CDFC7CB,,118.65,118.65,,,,,,1,1,0,0,0,0
3860,88F3609E-3968-4295-B0DC-BAEBA032D52E,,132.9,132.9,,,,,,1,1,0,0,0,0
3861,06A9AFCB-2760-4FCD-9BE3-19E5A49B6778,,132.5,132.5,,,,,,1,1,0,0,0,0
3862,EF716632-6804-4542-BA4E-0AB1CAC959EA,,228.4,228.4,,,,,,1,1,0,0,0,0
3863,585AA6DF-3BC2-449C-BE59-416D3ECEFAB6,,246.1,246.1,,,,,,1,1,0,0,0,0
3864,556A6BF4-8B94-4C51-97DD-8D5D29105409,,119.1,119.1,,,,,,1,1,0,0,0,0
3865,F87B08E0-7F53-4AEA-BECF-07B92EE58270,,133.7,133.7,,,,,,1,1,0,0,0,0
3866,8640DF02-6310-4147-B4CC-DD33EC120E9C,(EAST),8876,8876,,,,,,1,1,0,0,0,0
3867,D77150C0-ACC4-4561-8F5C-7DE01B4C092D,(EAST),5562,5562,,,,,,1,1,0,0,0,0
3868,28BB850A-FB03-4FD1-89CA-7A062363701F,,127.125,127.125,,,3243B579-5EE1-4B7E-833E-50F18F2720FB,,BLANK,0,0,1,0,0,0
3869,52BCD057-5822-4A7B-80CB-99C0279E6FDF,,120,120,,,9F481CD9-9062-4777-99CA-031DA6F22162,,BLANK,0,0,1,0,0,0
3870,29D78EE8-17C5-4F3F-8141-10A268A9BE0F,,127.85,127.85,,,5B9080DD-0D9C-42B6-AAD6-B2251C5EDAAF,0,D,0,0,1,0,0,0
3871,35C12F1B-807C-4635-B7F4-3E7611294842,,127.85,127.85,,,8F5A9E6D-0B3B-4622-9DAD-5EFC3C922CDF,0,D,0,0,1,0,0,0
3872,2E3019C6-D52B-4EA7-840C-BF35D800B067,,124.325,124.325,,,D5380148-28EF-4783-A578-8FF8232D0429,0,BLANK,0,0,1,0,0,0
3873,8C9ED959-9532-409F-8485-8924183409C1,,353.85,353.85,,,D5380148-28EF-4783-A578-8FF8232D0429,0,BLANK,0,0,1,0,0,0
3874,D6183B23-5A43-4843-B64D-5B947E93C5A6,,122.1,122.1,,,,,,1,1,0,0,0,0
3875,A8D6E6FA-0435-411C-9805-77D988E9DFF9,,128.95,128.95,,,,,,1,1,0,0,0,0
3876,8B240635-5C25-450C-A8A7-22CD818944D5,,118,118,,,,,,1,1,0,0,0,0
3877,F5ED6968-FA8A-4155-B013-57CAD8D56FB5,,236.825,236.825,,,EAB9D599-98F7-4CC9-844A-E07B55A02770,0,BLANK,0,0,1,0,0,0
3878,83405EA3-85CA-4D68-BB22-C89510B73F6B,,132.325,132.325,,,D77E9268-BD41-439A-853B-1388962C6662,1,BLANK,0,0,1,1,0,0
3879,014D1924-8530-4E6E-893D-186F50C5FF2A,,257.925,257.925,,,B578F27E-22B2-44B6-A7E2-664F7DD3EFFA,0,BLANK,0,0,1,0,0,0
3880,489EE93A-1AE6-4824-86D0-EF0870500AAE,,132.275,132.275,,,1405CBFC-7565-4DD2-A798-289E6E5C967F,1,BLANK,0,0,0,1,0,0
3881,505DEF35-E72C-4690-A9A9-568D2A61EF51,,126.275,126.275,,,05BE0F9E-0AB1-471C-970B-F183DD4284B6,0,BLANK,0,0,1,0,0,0
3882,906172B1-1582-4982-8EAB-6A3492B144DA,,226.675,226.675,,,B1D4905A-DAC0-4958-9D8A-24F92D537DC8,0,BLANK,0,0,1,1,0,0
3883,F99D911C-D2E6-4229-9F95-8E40141E88C9,,256.875,256.875,,,2806EB34-3D1D-4FD8-ABA2-A3D8C827261B,0,D,0,0,1,1,0,0
3884,B75CA6A4-1650-4E52-A155-EFF409A2ACB5,,269.025,269.025,,,EBC43A5D-FEDA-4D9E-ABBE-7230503F32ED,0,BLANK,0,0,1,0,0,0
3885,4EA972F0-067A-4F84-82BE-652156309C33,,128.225,128.225,,,4301D7CD-293F-449D-8722-6C5A3016DDF3,1,BLANK,0,0,1,0,0,0
3886,8455B61C-D64F-4C5C-BD0E-4EBA86C8CDA5,,323.275,323.275,,,FDD77375-632B-4018-A6BB-47F432C91219,0,BLANK,0,0,1,0,0,0
3887,29BEB862-6DD3-4B9B-A0D2-7D1A0132ED51,,134.625,134.625,,,0BC4944D-95C7-4EC9-809C-8EF986A5F7FC,1,BLANK,0,0,1,1,0,0
3888,4EF159BB-DAE0-47C8-8C6C-E67E0496AAA9,,285.525,285.525,,,869A73BC-0EBD-4E18-A926-89241AD21F37,1,BLANK,0,0,1,0,0,0
3889,DF749A37-5BB0-4732-8C5E-3C1DA0492D46,,133.4,133.4,,,3A923346-D80D-433D-BF46-E181AF39AAC4,0,D,0,0,1,1,0,0
3890,CC114FC1-D42E-452D-A3C6-BDB0D9A3F953,,125.8,125.8,,,,,,1,1,0,0,0,0
3891,11DAAC0F-E23E-4BD3-828A-78E7215668DA,,119.75,119.75,,,,,,1,1,0,0,0,0
3892,E52285B9-98BF-4769-ADD1-BA8B245BA325,,122.4,122.4,,,EE7776F5-6F11-4CE3-906F-D9EAA2E05A34,2,BLANK,0,0,1,1,0,0
3893,B111AE0A-6F21-47E2-99E7-D1C6794CA451,,122.2,122.2,,,7A928260-FE2C-47CA-B7D1-6234C627E135,2,BLANK,0,0,1,1,0,0
3894,968BFD0A-ECD7-4009-8AF3-97A31E575C99,,124.7,124.7,,,,,,1,1,0,0,0,0
3895,E5F88A13-CCF3-4B99-9097-B57AC817E74F,,131.405,131.405,,,,,,1,1,0,0,0,0
3896,E50BBAF4-3318-454F-9658-CCD1234B884A,,118.15,118.15,,,,,,1,1,0,0,0,0
3897,0A95E575-68DF-4306-AEB8-BB419917F513,,126.2,126.2,,,,,,1,1,0,0,0,0
3898,71E2B22E-86B9-4B6E-873A-82BD89873C04,,124.3,124.3,,,,,,1,1,0,0,0,0
3899,4E5E28BE-102F-4B74-A2D0-26FE891DA6BB,,261.2,261.2,,,,,,1,1,0,0,0,0
3900,B19C3AEE-E29E-4505-9E3A-302394585C68,,119.1,119.1,,,,,,1,1,0,0,0,0
3901,6B507C68-AA30-404D-B77E-F48F58501E46,,122.2,122.2,,,,0,BLANK,1,1,0,0,0,0
3902,60A0C41E-C8C8-4A81-A6A2-7C91731C920C,,5767.5,5767.5,,,,,,1,1,0,0,0,0
3903,22F9F80C-6144-44A7-B2BB-57C003478FD1,,239.025,239.025,,,8DF487D7-C080-4903-9459-67669B056F86,0,BLANK,0,0,1,1,0,0
3904,0F417C24-6F52-4AD7-847F-0F45EC6B4BC1,,239.025,239.025,,,A62D5068-7C2C-4FB7-97F8-E390D9E50904,0,BLANK,0,0,1,1,0,0
3905,2BAE569F-EB00-45BD-AF43-01B824A84E77,,124.175,124.175,,,EB919E75-E0CA-45CB-9B7B-E4DAEBBBFA5F,,BLANK,0,0,1,0,0,0
3906,73B5CFD5-2374-4E45-BE9F-BF48D98A3F5F,,134,134,,,12D6A639-2C1A-4ECC-8CF2-70363D7F76AF,0,BLANK,0,0,0,0,0,1
3907,B16D45B4-40A7-4A34-BC0B-5CA839C259EF,,118.475,118.475,,,CEA81F36-29AE-4AAF-A01A-FA057D76DB4E,,BLANK,0,0,1,0,0,0
3908,AAE08892-0E1E-4A5A-8E72-40509F8A568D,,122.6,122.6,,,73A7798E-09F5-4D61-B8AB-D2E5253D1F22,2,BLANK,0,0,1,1,0,0
3909,4DE860D9-2056-48B0-B79B-BA7A4D5DD453,,122.5,122.5,,,5796E9D3-152D-440C-8986-FE8C18FBC219,2,BLANK,0,0,1,1,0,0
3910,8E3E18E9-DEA9-4BF0-BD41-B721EC07D0CB,,122.6,122.6,,,1BA82DC7-E850-434C-8485-A115D536E3B5,2,BLANK,0,0,0,1,0,0
3911,66FF22B7-F41F-44E1-AD85-8B66A4810324,,122.4,122.4,,,0C16C703-EB2F-480B-BE2D-82689276F692,2,BLANK,0,0,1,1,0,0
3912,CF303138-0FEF-4E44-84CB-8F89B7A8A4D0,,122.4,122.4,,,2A542703-EF8E-4027-9A0E-55B5CFB5FA76,2,BLANK,0,1,1,1,0,0
3913,005BA978-005C-4921-81A1-FB41A7180FF4,,122.2,122.2,,,D44AE028-6F73-4218-81CC-33AFED07C018,2,BLANK,0,0,1,1,0,0
3914,AB1B56DB-D0A9-45B3-9CDA-97055D541C4A,,122.3,122.3,,,BF40CEE9-2BB5-456B-9299-3E404CB09030,2,BLANK,0,0,1,1,0,0
3915,1B5DAAA7-D969-409B-AEC7-94F006DA26F4,,254.325,254.325,,,8A6B509E-F1D3-4235-8544-8309D298B9CC,1,BLANK,0,0,1,1,0,0
3916,B7EEF3E5-E774-4B3E-B0CB-BA13D98C08BC,,122.2,122.2,,,E7E21655-8F77-46B3-B987-F207AC7DB646,2,BLANK,0,0,1,1,0,0
3917,5F0C76D6-83B6-4DF5-AF07-23D7DF864432,,122.3,122.3,,,D975C0A3-72EA-4881-9B7C-E37D64FDC89E,2,BLANK,0,0,1,1,0,0
3918,71BF1C7F-FF82-4A91-BFA3-03B9E52EE4F0,,122.2,122.2,,,9F059A7C-E638-4C0A-9A72-F78C16B1F4DF,2,BLANK,0,0,1,1,0,0
3919,999F97FF-DADD-4BF1-B9B9-262C9CAD21C2,,122.6,122.6,,,58BC0696-D528-4E9E-B471-5A64C4EAD9D1,2,BLANK,0,0,1,1,0,0
3920,55E2DC2E-98BE-43A1-9F42-4C297C7EA06C,,127.63,127.63,,,,,,1,1,0,0,0,0
3921,7E3DE594-C664-4AD4-BB2C-8AE504CB25F7,,123.3,123.3,,,,,,1,1,0,0,0,0
3922,FE1B33E1-FB81-4CF0-83A7-615591CD2723,,233.125,233.125,,,,,,1,1,0,0,0,0
3923,5D54C000-3D24-4475-87D8-25FAE5FCB996,,234.3,234.3,,,,,,1,1,0,0,0,0
3924,1C5AD08A-AC27-484A-9E7A-261C75B1CF93,,378.525,378.525,,,,,,1,1,0,0,0,0
3925,3F13FA17-9AF2-4699-87FF-DE1572D4B0B8,,362.3,362.3,,,,,,1,1,0,0,0,0
3926,B08B2FA8-B138-4990-9A49-3F206E0354FA,,119.95,119.95,,,,,,1,1,0,0,0,0
3927,10E3B9D6-5F69-47DF-B8FF-F2F2CC8FFE27,,123.3,123.3,,,,,,1,1,0,0,0,0
3928,9467875A-9710-4732-965A-45E1FB5661B1,,140.85,140.85,,,,,,1,1,0,0,0,0
3929,9109CB54-24B3-4C7E-B37D-0DA99B172C51,,243,243,,,,,,1,1,0,0,0,0
3930,046715FB-5CA0-469F-B2B7-8855DA5D0DE4,,233.275,233.275,,,,,,1,1,0,0,0,0
3931,AD290541-AB46-40EB-9408-7CB012C89A29,,119.95,119.95,,,,,,1,1,0,0,0,0
3932,8F5DE364-F8F0-4E54-B90E-54ED0BBC7383,,121,121,,,,,,1,1,0,0,0,0
3933,B3DBA60A-2004-4C12-AFED-B682FFDAD32F,,123.3,123.3,,,,,,1,1,0,0,0,0
3934,8EE6D5D2-5CE6-45A2-848F-00CBBEF0B8CD,,243,243,,,,,,1,1,0,0,0,0
3935,0D0FCC4A-EF08-402C-91D5-9A7E9B4B8BAD,,233.275,233.275,,,,,,1,1,0,0,0,0
3936,0AC44B33-7A8C-4203-8469-76C1EB521E6E,,121.975,121.975,,,,,,1,1,0,0,0,0
3937,F4203E70-3212-4897-AEAB-58DBF569DCEC,,122.5,122.5,,,53756C6B-D088-41FD-8136-291EB28ABF44,2,BLANK,0,0,1,1,0,0
3938,B90F0EDF-27F9-43C8-BAAB-B1C4EC6634CF,,122.2,122.2,,,B2CD80E6-B55B-4AD8-B31A-5B460B9B9C44,2,BLANK,0,0,1,1,0,0
3939,A774CDBA-ABA4-41C4-8ACE-4A22656D2EDC,,122.5,122.5,,,475143E9-A926-4114-B63C-83254CD9EDC2,2,BLANK,0,0,1,1,0,0
3940,44309A11-EE45-4645-AD2D-E2827F7C8E67,,122.2,122.2,,,897D948E-FFE8-4250-B7B9-FF64F850436D,2,BLANK,0,0,0,1,0,0
3941,2645E8E6-DA43-49D3-BFC9-A275402013C8,,122.6,122.6,,,903CC659-B20F-40F3-BB3E-B09B4A686675,2,BLANK,0,0,1,1,0,0
3942,1787C527-9142-488F-899D-049D7460614D,,125.025,125.025,,,FDB6CAC0-9868-4991-ACEC-4C84E96288F9,0,BLANK,0,0,1,1,0,0
3943,91052877-7827-43D2-9EEF-7005812FDE8C,,235.625,235.625,,,FDB6CAC0-9868-4991-ACEC-4C84E96288F9,0,BLANK,0,0,1,1,0,0
3944,777CA08C-CC5F-4D1E-89C9-6607C3DB92C7,,127.55,127.55,,,78C6465F-ED82-41A3-9C57-E310E0CC597E,0,D,0,0,1,0,0,0
3945,C5CFC589-06F1-40FB-8C3F-D1E4250AB490,,118.375,118.375,,,35B88901-757C-4187-AACB-6E405C706D57,,BLANK,0,0,1,0,0,0
3946,151597C1-2555-4747-A02B-B1D9FB413C45,,128.4,128.4,,,A8517EA2-AC9C-4E73-8FEF-96FAAB0AE087,0,BLANK,0,0,1,1,0,0
3947,B6994703-0087-4D18-98CA-4C7641FB182E,,122.3,122.3,,,A59CDFB8-1547-4A08-8765-2814BEC1E40B,2,BLANK,0,1,1,1,0,0
3948,F7D971E2-EEEC-4DA8-8CA1-2621BF20ACB0,,309.75,309.75,,,B35EA0ED-5B61-477F-AD0E-EBBF42164C48,,BLANK,0,0,1,0,0,0
3949,97D5EF59-6E00-4090-BDB5-E84BEE493C9D,,122.6,122.6,,,0ABA4102-FC34-4F51-BF58-E3CB2D30FD1A,2,BLANK,0,1,1,1,0,0
3950,C0B79279-EE85-497D-A914-052AD2D968ED,,122.2,122.2,,,298D81C2-F98A-4EA5-933A-A7B6E020E9C3,2,BLANK,0,0,1,1,0,0
3951,493EE68C-D44D-46AB-B308-413DCFFD702C,,343.725,343.725,,,89CD5B96-7548-420E-87F0-4A9A6C97A78D,0,BLANK,0,0,1,0,0,0
3952,C782A30F-2432-4A3A-BF5F-A8E523AD8AD4,,134.175,134.175,,,87E10C63-A712-4842-BA9F-9ED19A0EEF86,,BLANK,0,0,1,0,0,0
3953,1E32E9E1-0FBB-49EC-92F6-0D654F71D7E6,,122.5,122.5,,,116FD585-B6F8-47C7-8F6F-243E4CE1114B,2,BLANK,0,0,1,1,0,0
3954,E181D9EC-F28C-4AC5-BEF5-6941D43DACFA,,122.4,122.4,,,77BA019F-2F6E-43EB-ADDC-8994BA9FCE41,2,BLANK,0,0,1,1,0,0
3955,9E589604-8E7F-457A-8F4F-6743307E1BDF,,122.3,122.3,,,3AFD8424-2E1B-4DB0-966A-58C3201393EC,2,BLANK,0,0,1,1,0,0
3956,3085D701-05E0-4FFF-89E1-AFC9BECCB772,,118.525,118.525,,,68FFF2E5-089F-4460-909C-99830E2CE9C4,,BLANK,0,0,1,0,0,0
3957,E3B7C3B2-CAB0-4316-B035-A1DB67697893,,118.55,118.55,,,031CD2C3-8C38-4B08-9AA8-32D98233D518,,BLANK,0,0,1,0,0,0
3958,043F511D-6079-4813-94A7-34EEECE8412D,,122.2,122.2,,,F76B58A3-1EC1-4C01-BC3A-4A77C0D72BBB,2,BLANK,0,0,0,0,0,1
3959,9E50BACE-98BB-4651-9E15-949762E35D7D,,233.7,233.7,,,F76B58A3-1EC1-4C01-BC3A-4A77C0D72BBB,2,BLANK,0,0,0,0,0,1
3960,21526DBB-32CC-4468-8CDC-E54DF9A14A16,,122.3,122.3,,,8236F925-1638-487C-AAC2-36A838B6EA4D,2,BLANK,0,0,0,0,0,1
3961,37F8A888-B46D-43CB-9043-330114F45756,,122.6,122.6,,,15936457-7298-43EF-8BE4-A7CE4F0106B9,2,BLANK,0,0,0,0,0,1
3962,9610D1E4-247E-4A72-A7B4-2D23B6555033,,122.2,122.2,,,828406A7-0FE5-46AF-BC02-557E30A133B4,2,BLANK,0,0,0,0,0,1
3963,A99E2968-7958-4C04-A90A-00C417B7B604,,122.2,122.2,,,7E8C0E8F-2387-4CD7-9FF5-0F6AE2684ADB,2,BLANK,0,0,0,0,0,1
3964,3A501443-B992-4008-A6D8-70DCDEC51F24,,296.7,296.7,,,7E8C0E8F-2387-4CD7-9FF5-0F6AE2684ADB,2,BLANK,0,0,0,0,0,1
3965,E12AF664-9CE4-4C4D-B0F1-E349E800D36B,,122.4,122.4,,,EE2C7B59-F370-44A5-A89D-CDE4664C8FDC,2,BLANK,1,1,1,1,0,0
3966,A427DA4D-3957-42E6-ADF0-F01D8DA642C8,,122.4,122.4,,,5C6F59B5-F74C-4A62-B0E0-F45FE56C7217,2,BLANK,0,0,0,0,0,1
3967,991842DC-3DA6-4F97-B69C-831D6CC6E9FF,,121.5,121.5,,,152E4ECA-8A38-40D9-A227-DAB6AE14C14A,2,BLANK,0,0,1,0,0,0
3968,546902C1-0F02-479A-9437-65B9E1A3EF7B,,243,243,,,152E4ECA-8A38-40D9-A227-DAB6AE14C14A,2,BLANK,0,0,1,0,0,0
3969,71056F17-AFFD-4244-AE03-00A730C53933,,121.5,121.5,,,252050AA-D1AF-4383-BADD-5042E32D71CC,2,BLANK,0,0,1,1,0,0
3970,0B2D4292-F502-4FA2-86F1-95C2F2ED18F6,,243,243,,,252050AA-D1AF-4383-BADD-5042E32D71CC,2,BLANK,0,0,1,1,0,0
3971,3DC41CC5-E2DF-44BD-BC4A-FAE8D2D73639,,121.5,121.5,,,7857923F-E03C-44C8-8EC5-34AE10CEC1B7,2,BLANK,0,0,1,0,0,0
3972,92424375-599C-4882-BF4B-397CD8BDB1B0,,121.5,121.5,,,CFC0C7F1-1469-4BBE-901E-FC9644D20CC8,2,BLANK,0,0,1,0,0,0
3973,C76A8822-21EF-46A9-94D1-4867D95991D4,,121.5,121.5,,,B7FAB2EC-D8E4-40D6-993E-A8BA692D3647,2,BLANK,0,0,1,1,0,0
3974,A45CFDED-F74C-4373-A316-31EE1108E597,,243,243,,,B7FAB2EC-D8E4-40D6-993E-A8BA692D3647,0,BLANK,0,0,1,1,0,0
3975,5305086C-E8E0-4411-974B-A08DA7F1B845,,121.5,121.5,,,FE6CB60F-6629-4B77-AB4A-6B40E62E0019,2,BLANK,0,0,1,0,0,0
3976,43CB14BE-BB33-45A0-89F4-18324FE2935F,,243,243,,,FE6CB60F-6629-4B77-AB4A-6B40E62E0019,2,BLANK,0,0,1,0,0,0
3977,2F6DBF5F-D7CA-4A96-BA03-41D73F104407,,121.5,121.5,,,480D4F0E-A671-4C47-AD50-7EB9450AFAC8,2,BLANK,0,0,1,1,0,0
3978,E146B3FF-30EB-4CA4-82B8-3054F11E973D,,243,243,,,480D4F0E-A671-4C47-AD50-7EB9450AFAC8,2,BLANK,0,0,1,1,0,0
3979,89D27310-8DF9-43F7-A91B-BB5A2C51366F,,121.5,121.5,,,0934A599-914E-49F3-91DA-2A77B7DD100F,2,BLANK,0,0,1,1,0,0
3980,D714A9BC-70AE-44AE-AFFC-C161352BA54A,,243,243,,,0934A599-914E-49F3-91DA-2A77B7DD100F,2,BLANK,0,0,1,1,0,0
3981,E57F32C5-B671-47E2-8511-42C71CB2B21C,,121.5,121.5,,,C4918738-FEA8-41F0-B671-7BCFA9DCD730,2,BLANK,0,0,1,1,0,0
3982,DA2E1F5F-88C2-42E3-901F-6242333DD532,,243,243,,,C4918738-FEA8-41F0-B671-7BCFA9DCD730,2,BLANK,0,0,1,1,0,0
3983,C7A7191D-ACBC-44B0-B75D-D4561534FD04,,121.5,121.5,,,2F6505CA-89CA-486B-B32B-917F5BDF3501,2,BLANK,0,0,1,1,0,0
3984,476DE4A2-9B29-4832-8D15-2FF7E9E49A56,,243,243,,,2F6505CA-89CA-486B-B32B-917F5BDF3501,2,BLANK,0,0,1,1,0,0
3985,78EFD2C8-9331-48AF-8253-8B5716D68C15,,121.5,121.5,,,81988940-7CF6-4BF2-A189-90A8AD2507B4,2,BLANK,0,0,1,1,0,0
3986,65D75436-9BE0-4949-B93C-CEFAD32990EC,,243,243,,,81988940-7CF6-4BF2-A189-90A8AD2507B4,2,BLANK,0,0,1,1,0,0
3987,C431819A-084F-4516-B1D1-2CB64F6AC2E2,,121.5,121.5,,,0E79F0CB-460B-457D-B117-2D63876B1E3E,2,BLANK,0,0,1,1,0,0
3988,3FE06F85-85D7-4411-BB19-50276B946004,,121.5,121.5,,,F5DA9284-563B-440B-B074-5C68A8E4D8E1,2,BLANK,0,0,1,1,0,0
3989,105FF5B1-794F-4ABF-B467-7B749A73BADD,,243,243,,,F5DA9284-563B-440B-B074-5C68A8E4D8E1,2,BLANK,0,0,1,1,0,0
3990,CB30C444-8584-4B4F-BE08-F52A8B0814F1,,121.5,121.5,,,FDD77375-632B-4018-A6BB-47F432C91219,2,BLANK,0,0,1,0,0,0
3991,47D77B93-626E-4390-93C5-E346335D71B2,,243,243,,,FDD77375-632B-4018-A6BB-47F432C91219,2,BLANK,0,0,1,0,0,0
3992,2F5ABDFA-89B2-46F6-AAA8-B3CBF48C4CC3,,243,243,,,BD31A39F-428A-4C6A-849C-DAFE9B436EAA,2,BLANK,0,0,1,1,1,0
3993,963CC9EB-DEBB-44BE-9E5B-7EBBC5DA76C3,,121.5,121.5,,,13DA72DA-B123-4132-A0F2-7CF8AA64C5A1,2,BLANK,0,0,1,1,0,0
3994,42CA49F0-FD33-4E8D-974A-B9F79C51D7DE,,121.5,121.5,,,3B78F506-D86E-4014-89CC-EA2E00FEFE6D,2,BLANK,0,0,1,0,0,0
3995,46ABA314-B69B-4D23-9085-324050F85EB0,,121.5,121.5,,,EAB9D599-98F7-4CC9-844A-E07B55A02770,2,BLANK,0,0,1,0,0,0
3996,DC75C4C6-E7F4-47EA-91F7-4732FC319D71,,243,243,,,EAB9D599-98F7-4CC9-844A-E07B55A02770,2,BLANK,0,0,1,0,0,0
3997,D790D5FD-4E13-4D81-9247-281525E294C3,,121.5,121.5,,,F8E4CBE8-78B5-4B34-ADD9-2B2EDA4E0989,2,BLANK,0,0,1,0,0,0
3998,5DEF5138-6AE7-402F-B2A7-68B8C5E2D6BC,,243,243,,,F8E4CBE8-78B5-4B34-ADD9-2B2EDA4E0989,2,BLANK,0,0,1,0,0,0
3999,B807D14E-CA98-42C0-A17B-31C161A660D2,,121.5,121.5,,,C0111622-4073-4927-A256-63268913FCBF,2,BLANK,0,0,0,1,0,0
4000,C74234FB-4EF8-4C6D-9790-A01614EE477F,,121.5,121.5,,,C2306CC3-BF8F-4B6C-B814-FE201BC35878,2,BLANK,0,0,0,1,0,0
4001,375EDB3F-2B6C-4096-B3AC-CB87A5A8BC6D,,243,243,,,C2306CC3-BF8F-4B6C-B814-FE201BC35878,2,BLANK,0,0,0,1,0,0
4002,9DCE49A2-3077-4600-979F-1AAC911D82DE,,121.5,121.5,,,E889B333-4BDD-419E-AD17-BC6B1187B360,2,BLANK,0,0,0,1,0,0
4003,6E947F6D-1F76-4223-85BC-AB556DAE9B1F,,243,243,,,E889B333-4BDD-419E-AD17-BC6B1187B360,2,BLANK,0,0,0,1,0,0
4004,9CA1B4F5-3377-4E48-9FB4-386956E9FA62,,121.5,121.5,,,2389F195-3A6E-470C-B4E4-F65E09A6FF2C,2,BLANK,0,0,1,1,0,0
4005,29B0D97F-A3D2-422C-901A-F038AE17F847,,121.5,121.5,,,2C75BF36-132C-4A8A-A880-C3B890E05D7A,2,BLANK,0,0,1,0,0,0
4006,1B0B0B1A-3062-4190-9BB9-31E64A372247,,243,243,,,2C75BF36-132C-4A8A-A880-C3B890E05D7A,2,BLANK,0,0,1,0,0,0
4007,93D0B7C4-D9E2-4196-A541-5C4F7C4DB049,,121.5,121.5,,,9FD6123E-0564-4065-BA0E-5059A8F346CD,2,BLANK,0,0,1,1,0,0
4008,1E34C81A-9F6C-44FD-92E1-64FCAC492244,,243,243,,,9FD6123E-0564-4065-BA0E-5059A8F346CD,2,BLANK,0,0,1,1,0,0
4009,26903461-BD96-4E28-A2B4-E2B84501EA45,,121.5,121.5,,,2FC43439-CC55-4FD5-994F-722FB1904E87,2,BLANK,0,0,1,0,0,0
4010,00B97C59-F022-4E0F-BCBB-DFB49056AA7F,,121.5,121.5,,,84C79328-FF84-4EAD-8E11-781E128175E9,2,BLANK,0,0,1,1,0,0
4011,2D4F9879-ABCA-42B6-9CE2-A17D0AAE36F9,,121.5,121.5,,,96EEA632-3A87-4965-B49D-64EE524173A9,2,BLANK,0,0,1,0,0,0
4012,B5C65436-B205-4413-B3C2-FADF05D982E6,,243,243,,,C7705341-D282-4B97-B4F8-A6CC4E484337,2,BLANK,0,0,1,0,0,0
4013,7A0D90FD-F133-412A-92D6-9C17B65C4D71," 250-330 ABV 1,500 FT",118.6,118.6,,,,,VFR,1,1,0,0,0,0
4014,13BC902B-5976-4EF1-B3BE-F9B2933DB7E5," 250-330 1,500 FT & BLO",119.1,119.1,,,,,VFR,1,1,0,0,0,0
4015,E16B2D2F-F1A6-49DD-A6E5-79F750763226, 046-205,270.25,270.25,,,,,VFR,1,1,0,0,0,0
4016,F040753F-CF42-43E3-B715-A889B378D210," 250-330 ABV 1,500 FT",290.5,290.5,,,,,VFR,1,1,0,0,0,0
4017,D3E22251-6AB3-4C71-828D-795DD070DE5C," 250-330 1,500 FT & BLO",363.2,363.2,,,,,VFR,1,1,0,0,0,0
4018,964ADA17-E718-496A-82A6-E3DA26534932," 331-045 ABV 2,500 FT",118.6,118.6,,,,,BLANK,1,1,0,0,0,0
4019,A9666536-3EA5-4A3F-95BB-47BBB4347C5D," 331-045 2,500 FT & BLO",119.1,119.1,,,,,BLANK,1,1,0,0,0,0
4020,520D4F33-1AAF-4893-8304-4D2925F73CB3, 206-249,270.25,270.25,,,,,BLANK,1,1,0,0,0,0
4021,2E298387-BA7D-47D9-BA82-3270994D4866," 331-045 ABV 2,500 FT",290.5,290.5,,,,,BLANK,1,1,0,0,0,0
4022,DA243697-8EF2-45B9-8A5A-A0C9F65B8C46," 331-045 2,500 FT & BLO",363.2,363.2,,,,,BLANK,1,1,0,0,0,0
4023,A6CA6713-641F-4221-A3B0-B18519A7708F," 331-045 ABV 2,500 FT",118.6,118.6,,,,,VFR,1,1,0,0,0,0
4024,3BBCD19E-A8E9-45E1-830A-4D98FA035571," 331-045 2,500 FT & BLO",119.1,119.1,,,,,VFR,1,1,0,0,0,0
4025,6601B99C-DB01-4501-815D-7634DE31606B, 206-249,270.25,270.25,,,,,VFR,1,1,0,0,0,0
4026,B9EEE3FB-0CA8-46B6-9EFC-44B47B15C3E4," 331-045 ABV 2,500 FT",290.5,290.5,,,,,VFR,1,1,0,0,0,0
4027,F4E16785-E306-4446-8E9D-0214FEF33C01," 331-045 2,500 FT & BLO",363.2,363.2,,,,,VFR,1,1,0,0,0,0
4028,629ABE7F-F002-4C36-8D86-09EA077827A1," 250-330 ABV 1,500 FT",118.6,118.6,,,,,BLANK,1,1,0,0,0,0
4029,E12E244E-0CDC-43FF-9759-D1A82F4C7277," 250-330 1,500 FT & BLO",119.1,119.1,,,,,BLANK,1,1,0,0,0,0
4030,BC58780C-57B0-4ADB-9992-B39AFD0BC8EC, 046-205,270.25,270.25,,,,,BLANK,1,1,0,0,0,0
4031,768C1780-D39B-4C2B-AA11-E330F59EF608," 250-330 ABV 1,500 FT",290.5,290.5,,,,,BLANK,1,1,0,0,0,0
4032,02C95955-60C1-492C-809C-6136B2DB5D09," 250-330 1,500 FT & BLO",363.2,363.2,,,,,BLANK,1,1,0,0,0,0
4033,9F81F788-4B52-4683-9A63-49FC1114D03F,,129.825,129.825,,,F5EE6645-F64A-4872-8A60-DF4EB67BD9A9,,BLANK,0,0,1,0,0,0
4034,CC249979-DD20-4CCF-AB04-C4C503D25B44,,122.2,122.2,,,6866F94B-5B88-4FE4-8D12-87CA2ECF5D25,2,BLANK,0,0,1,1,0,0
4035,313DCF72-B06A-448D-8933-1493E357F8FE,,127.75,127.75,,,86DE7363-1A22-47E9-A559-4C4AB3D101E6,2,BLANK,0,0,1,1,0,0
4036,7A41806E-7FD3-4F25-91C6-6F6007C8346D,,351.9,351.9,,,86DE7363-1A22-47E9-A559-4C4AB3D101E6,2,BLANK,0,0,1,1,0,0
4037,E8AE7B0A-6F43-4F58-B547-C601974ECDB3,,122.2,122.2,,,9CE41C02-32B2-435A-9FC8-78FDB152BD85,2,BLANK,0,0,1,1,0,0
4038,18CEBAAC-9379-438F-960C-4116FCF0F8C6,,126.15,126.15,,,08A64A8D-F156-4281-B417-62968EBC1E09,0,D,0,0,1,0,0,0
4039,98B20CCC-3E64-4E24-90DC-D754937558B7,,269.475,269.475,,,08A64A8D-F156-4281-B417-62968EBC1E09,0,D,0,0,1,0,0,0
4040,F48D0745-308E-4FA0-A69D-4B77C697C617,,123.75,123.75,,,05CDD070-63B5-4278-B91B-863B43FD1146,0,D,0,0,1,0,0,0
4041,197C3059-AD50-480D-9885-C389B79F9C12,,259.1,259.1,,,05CDD070-63B5-4278-B91B-863B43FD1146,0,D,0,0,1,0,0,0
4042,BC8A4D80-F385-4384-BF3B-5C0492F637D4,,125.05,125.05,,,42167BB5-073D-440D-89B6-2414A61D362E,0,D,0,0,1,0,0,0
4043,4ABF223D-5D49-47C4-BFE8-E9D8AA193CFF,,269.375,269.375,,,42167BB5-073D-440D-89B6-2414A61D362E,0,D,0,0,1,0,0,0
4044,9FDC1D6B-2E5C-443B-B6D0-DA422D422859,,123.68,123.68,,,,,,1,1,0,0,0,0
4045,7E77F668-A8BC-4577-99B5-AA99730B346B,,119.055,119.055,,,,,,1,1,0,0,0,0
4046,2C27F1C1-5BDD-4552-89A0-17F5F2035CDF,,118.255,118.255,,,,,,1,1,0,0,0,0
4047,CD6B793F-EFF6-4BC4-8F05-E659D24B33E0,,134.575,134.575,,,,,,1,1,0,0,0,0
4048,01510767-E571-441A-B4FD-62FB2BE8D0FE,,121.5,121.5,,,,,,1,1,0,0,0,0
4049,399B8F5D-4EDE-4B93-A4DD-8E3ADC652905,,124.23,124.23,,,,,,1,1,0,0,0,0
4050,6E5330D3-7B96-4DCB-A11F-38BCC810D640,,131.5,131.5,,,,,,1,1,0,0,0,0
4051,B3EC1A10-4040-46BF-9DED-AAD90D895242,,118,118,,,,,,1,1,0,0,0,0
4052,E5C357D0-AC12-4869-BCD8-9DB473AD1FC1,,279.5,279.5,,,,,,1,1,0,0,0,0
4053,5C9A5CF4-7661-4F06-8F0E-147EE711FF02,,124.5,124.5,,,,,,1,1,0,0,0,0
4054,FB62F8B7-128F-4055-BBB3-A4E7828580B4,,5205,5205,,,,,,1,1,0,0,0,0
4055,875388B9-8B46-4C75-B4F9-1985977D5471,,127.1,127.1,,,,,,1,1,0,0,0,0
4056,8A64CCAB-C087-4E53-94DB-8D8946FA77FF,,5340,5340,,,,,,1,1,0,0,0,0
4057,1F25FDD6-27D9-43C7-A8F6-36703CA28A35,,5340,5340,,,,,,1,1,0,0,0,0
4058,41985DF3-E493-46B8-9298-9A047CCDC123,,6554,6554,,,,,,1,1,0,0,0,0
4059,C4CF8FDE-69A4-4BA6-BF5D-D31003136B25,,5550,5550,,,,,,1,1,0,0,0,0
4060,DFDA819B-DC23-4AF8-A636-6C8A52EA9934,,11309,11309,,,,,,1,1,0,0,0,0
4061,FC65F1F3-1567-4876-8266-0F5F94612146,,6589,6589,,,,,,1,1,0,0,0,0
4062,1D54A1F2-4E4E-4159-9669-97250463EE98,,6589,6589,,,,,,1,1,0,0,0,0
4063,9FB61602-3D80-46E6-8ADC-D4B6F5F7883A,,123.15,123.15,,,,,,1,1,0,0,0,0
4064,2E49304E-3A3A-4749-855A-6DD76C28DDB8,,118.8,118.8,,,,,,1,1,0,0,0,0
4065,9BD524A1-A400-45FD-8D22-67BDCA15ECA7,,124.2,124.2,,,,,,1,1,0,0,0,0
4066,BF12F1B9-53F4-4E80-9487-3743C8038887,,2956,2956,,,,,,1,1,0,0,0,0
4067,711BC86F-87A9-404A-8433-B2C17B991C9E,,5550,5550,,,,,,1,1,0,0,0,0
4068,897C493F-D27D-4385-9FE1-9365870A70DB,,6544,6544,,,,,,1,1,0,0,0,0
4069,B3535617-630C-4B09-8090-2275B006A90A,,3855,3855,,,,,,1,1,0,0,0,0
4070,B9CF6155-1C97-4E5A-8FDF-5E6FE63EFFF2,,5725,5725,,,,,,1,1,0,0,0,0
4071,6D335FE9-C0DF-43BA-AC61-17841410F3F3,,127.95,127.95,,,,,,1,1,0,0,0,0
4072,B5A7F54E-6BF0-435C-9F84-5129D547665D,,130.1,130.1,,,,,,1,1,0,0,0,0
4073,B439EACA-7552-4CBB-A0CB-F770019DDFFC,,8906,8906,,,,,,1,1,0,0,0,0
4074,2E6A195F-DC7C-4103-B4EA-28D987CA8BC4,,6598,6598,,,,,,1,1,0,0,0,0
4075,7901CF70-50B2-466C-85C3-D1E6FA51E9FE,,3425,3425,,,,,,1,1,0,0,0,0
4076,6281764F-0677-44FB-89F0-0E17FACBE051,,128.5,128.5,,,,,,1,1,0,0,0,0
4077,F61F81FD-6FB6-4FDC-A811-A3ADD4D37BDD,,8906,8906,,,,,,1,1,0,0,0,0
4078,2880860C-F84A-4A19-AB8C-911B30AAEEA6,,6598,6598,,,,,,1,1,0,0,0,0
4079,BE0E2B20-23D0-4B05-AC1A-A5AA0B6414F2,,3425,3425,,,,,,1,1,0,0,0,0
4080,F3EC65F2-4CF1-4F2E-A06E-9C25C7309C98,,128.5,128.5,,,,,,1,1,0,0,0,0
4081,82E2E525-B7FD-40F9-B87E-590D8F57AEA9,,7825,7825,,,,,,1,1,0,0,0,0
4082,68B56670-9216-46A3-83F0-535314558EEF,,9145,9145,,,,,,1,1,0,0,0,0
4083,03936F9D-9C9F-4A15-B7E8-90497EBBDF06,,7825,7825,,,,,,1,1,0,0,0,0
4084,472CA3D8-4A4F-42C6-98DC-77055DACC280,,4495,4495,,,,,,1,1,0,0,0,0
4085,A154660B-5CE3-4AFD-B067-2213F3F2F5A3,,8882,8882,,,,,,1,1,0,0,0,0
4086,AC7AD6FE-79A2-4B5F-BFB4-A9A524079166,,7435,7435,,,,,,1,1,0,0,0,0
4087,12B7A055-192B-4FB9-B0E5-F4092AE28BB8,,123.4,123.4,,,,,,1,1,0,0,0,0
4088,608CE755-1462-40CF-8146-9656BDD1CB0B,,118.5,118.5,,,,,,1,1,0,0,0,0
4089,6BD3E840-A40C-4A65-AEED-2686425BEA68,,120.55,120.55,,,,,,1,1,0,0,0,0
4090,088778D2-0AF4-41BB-AAB0-3938C9733D8B,,122.65,122.65,,,,,,1,1,0,0,0,0
4091,5868468D-6971-4319-BAE7-F2FFE4F660A7,,129.6,129.6,,,,,,1,1,0,0,0,0
4092,04E821B7-2B59-4A7F-8A1D-8D22A4358DFA,,124,124,,,,,,1,1,0,0,0,0
4093,496AA4DB-1407-4CF4-9B1C-D7C831049F85,,255.4,255.4,,,,,,1,1,0,0,0,0
4094,C01420AD-B811-4D06-B820-F3ABFCD408AA,,134,134,,,,,,1,1,0,0,0,0
4095,45D5D2F3-8F97-4FCE-A21E-907E8EB53D2A,,125.85,125.85,,,,,,1,1,0,0,0,0
4096,C7D6EF42-EB1B-4264-A775-C35A598CE4BB,,124.2,124.2,,,,,,1,1,0,0,0,0
4097,0E6F28A1-DD28-42D4-B103-8B7FE356F76F,,121.25,121.25,,,,,,1,1,0,0,0,0
4098,7D691E5F-1E55-4A9D-A3CF-763777B1B590,,118.65,118.65,,,,,,1,1,0,0,0,0
4099,8AC0BAA2-391E-4EA0-B3F5-AD2DA9F2A266,,120.55,120.55,,,,,,1,1,0,0,0,0
4100,6FCC4012-4547-453A-A473-388FAC0CB778,,118.9,118.9,,,,,,1,1,0,0,0,0
4101,0BBBE3BD-B059-41A5-A0EF-D38DB4F9E4ED,,122.2,122.2,,,CAB2D9B7-EAB2-4263-8A69-6B909D081F45,2,BLANK,0,0,1,1,0,0
4102,1F96BBBB-11DE-4447-9E0A-93F85B5BE47C,,122.3,122.3,,,16659B89-A82E-472A-AC09-87A4170FD160,2,BLANK,0,0,1,1,0,0
4103,7B917343-C75D-44CD-8896-C443D9AF18F4,,122.2,122.2,,,D2DFF605-E093-4AEF-9F1E-027D7885C99B,2,BLANK,0,0,1,1,0,0
4104,5FEDCD1A-5DAB-48D7-B7DE-2283666C1B3C,,122.3,122.3,,,927FFA00-8817-4384-9DE7-49D08259F564,2,BLANK,0,0,1,1,0,0
4105,B905FE7D-3B35-4920-92C6-C6FF01E25089,,122.6,122.6,,,917035D2-A1FB-4864-947D-7F252B10AACA,2,BLANK,0,0,0,1,0,0
4106,11663577-79E3-4C4D-A74A-FE84301CE77A,,318.8,318.8,,,4DBA16BA-AE87-49AD-A4A9-CABBF53A701F,0,BLANK,0,0,1,0,1,0
4107,8A8720C7-E16C-402D-AC24-0E35EF2FBC42,,122.2,122.2,,,5A60E39A-E4FE-4D28-9BD4-36EBF5051BB9,2,BLANK,0,0,0,1,0,0
4108,D51AE2D8-3885-4EAC-9F4D-5356CE7D2D18,,122.3,122.3,,,E17ADF98-503B-4DB9-8982-17C8C8DBC3F2,2,BLANK,0,0,1,1,0,0
4109,492B76D4-246A-4B3B-94A2-D216F69F88E7,,120.2,120.2,,,7B1BDABF-CE37-46A2-8F4F-C2E7CD574B73,,BLANK,0,0,1,0,0,0
4110,7264A38F-B268-48AD-B623-9D8091A73E63,,122.5,122.5,,,DC0C527C-5F8B-484C-9472-66597494B206,2,BLANK,0,0,1,1,0,0
4111,2AEEFCD9-A5EB-4634-AE7A-6EE93724EE6A,,269.3,269.3,,,ACF1F946-24A4-423F-B648-2A3DBC422CFB,0,BLANK,0,0,1,0,0,0
4112,E2EDCECE-2C25-42DD-9A05-3DED22E7744E,,120.275,120.275,,,53D7DD35-6AC3-4FAD-BD1F-605ECDD686C9,,BLANK,0,0,1,0,0,0
4113,7A4CBDE6-15BB-4357-85DF-9C7974620F17,,122.3,122.3,,,DA0343E9-BD57-40B7-AE67-06EE96AD9A2F,2,BLANK,0,0,1,1,0,0
4114,22F9F9F7-DF36-4245-8241-6FF1D2C29E7B,,122.3,122.3,,,74D49B16-CEC9-4A42-A448-363FA06EAF32,2,BLANK,0,0,1,1,0,0
4115,90B4D182-3371-4612-B11B-8A8808A080E3,,122.2,122.2,,,0CFCA364-37D5-4A8E-99D4-91E0EB04B8BE,2,BLANK,0,0,1,1,0,0
4116,FF53D2FE-6B86-449B-81C2-D519CF8ED810,,125.35,125.35,,,B9CB196B-D951-4D8F-B4B4-5A3015E4563C,0,D,0,0,1,0,0,0
4117,C09552F3-4D02-4377-B214-3496AD486A18,,127.1,127.1,,,90750F8B-B799-40AF-BC89-8F79F6288C33,0,D,0,0,1,0,0,0
4118,7E83D37A-FB24-41D9-8E1E-768F372AF5CF,,343.65,343.65,,,90750F8B-B799-40AF-BC89-8F79F6288C33,0,D,0,0,1,0,0,0
4119,0294FF3D-0456-4492-8497-019905AEC73C,,124.5,124.5,,,4B31C035-7CF3-4946-8E11-284AED044CDD,0,D,0,0,1,1,0,0
4120,AC42A23B-0B7D-4FBA-8083-29F0AB0A4C45,,127.1,127.1,,,14685F5A-B7E3-4B87-9C00-6DF110D74117,0,D,0,0,1,0,0,0
4121,0E3EFEA5-C5DC-4F17-866B-9A693502D35D,,122.3,122.3,,,A926AB66-0D1E-466B-B26D-0C8E6204E531,2,BLANK,0,0,1,1,0,0
4122,01DCB7E4-3BBD-4FBD-B19C-98B9208E520B,,122.6,122.6,,,DB6D6402-9ADE-4089-B427-4876AFC95BC6,2,BLANK,0,0,1,1,0,0
4123,F768027E-4B74-4632-931F-CE670C8D8010,,118.975,118.975,,,4EBCE932-6846-4C89-B5FA-E3907F76BEE0,0,BLANK,0,0,1,0,0,0
4124,C9FEAF84-3A70-46BF-BA75-71767EF60720,,226.675,226.675,,,4EBCE932-6846-4C89-B5FA-E3907F76BEE0,0,BLANK,0,0,1,0,0,0
4125,3882DC70-0345-411A-96B7-0AAA85DC1639,,119.55,119.55,,,E67C85BA-7579-49ED-B0C3-D23469F7F073,0,BLANK,0,0,1,0,0,0
4126,F060D27C-7899-4171-862E-27494842B634,,235.775,235.775,,,E67C85BA-7579-49ED-B0C3-D23469F7F073,0,BLANK,0,0,1,0,0,0
4127,CC76C04B-442B-405D-9AEF-E2DD0BD42F22,,122.5,122.5,,,BC2A9C4C-19A6-40B5-B7DE-68B1A8B643F8,2,BLANK,0,0,1,1,0,0
4128,C64FFBC3-836C-44C3-ACD3-41D5B5995A72,,122.4,122.4,,,F19D8FC8-B335-4032-BCA8-E9E1B14E14C4,2,BLANK,0,0,1,1,0,0
4129,B1EEEED5-62F8-4B40-97A7-AE5CE2FECDFE,,122.6,122.6,,,41673D57-DAA1-4773-A109-76E2F1660253,2,BLANK,0,0,1,1,0,0
4130,ECF028BB-56F3-4563-ABAB-2B1827566A42,,122.5,122.5,,,3B6F1583-276D-4635-96E8-1E677719C466,2,BLANK,0,0,1,1,0,0
4131,C6FBB8F3-EE7A-4233-9C2E-8AE39B19A6DA,,122.2,122.2,,,5817D49F-D5F8-4BF5-B708-CD53581C54AC,2,BLANK,0,0,1,1,0,0
4132,3E7258BB-E7D5-4DC9-A85E-569ED4B8B3D6,,122.5,122.5,,,9D88D363-D376-49D2-B230-9BB5CE339159,2,BLANK,0,0,1,1,0,0
4133,7A82E837-CE0D-4C52-BAC7-BAF6CEA3A972,,122.4,122.4,,,2A0FECDE-7DEE-4ABB-8B02-33A864BF5213,2,BLANK,0,0,0,1,0,0
4134,45594B73-88BB-459B-A10A-27DB97400E7D,,122.3,122.3,,,FB74CCA1-4EE8-4418-89D4-3957C652FE25,2,BLANK,0,0,1,1,0,0
4135,76C88282-3102-4BD4-A8FD-0648970931DF,,122.5,122.5,,,111079F4-383C-4495-9E54-416ED8F333BD,2,BLANK,0,0,1,1,0,0
4136,C8EE8207-F76D-44DC-AF90-E6CDD7D5D4F2,,122.3,122.3,,,70020B88-ACF4-4F28-AC81-9D56BBEDA192,2,BLANK,0,0,0,1,0,0
4137,135BFEAB-5B86-44AA-B3DC-25A179E7FFCA,,122.6,122.6,,,4F2282C7-0FFA-423D-878A-EF202ED3B771,2,BLANK,0,0,1,1,0,0
4138,68AB37A2-15AA-41A8-8ACE-F11A6C636097,,122.3,122.3,,,7591B4F2-F04D-4EDE-B72A-A2188D5D9802,2,BLANK,0,0,1,1,0,0
4139,0187EAC9-D317-40C4-9932-BA6A72E8401B,,122.5,122.5,,,39C21886-81AE-4E97-80FA-C0FB3663D5E6,2,BLANK,0,0,1,1,0,0
4140,A1F83F9B-28AF-40AD-8E88-70F477F8E258,,122.5,122.5,,,BDA7CDB4-DA4E-48CF-B868-D3B99B86BFCF,2,BLANK,0,0,1,1,0,0
4141,B4F7E5C3-430F-41C5-9786-E8E0AFA0365F,,119.75,119.75,,,BDBB64FA-FF1C-4F6A-882E-F1EB0A90600D,2,BLANK,0,0,1,0,0,0
4142,22F473A4-EBF1-4C5F-8DA2-364EBC993E11,,121.125,121.125,,,3B5422B5-D666-4C05-B713-0AD758E3932E,,BLANK,0,0,1,0,0,0
4143,9BAF9BC2-5D57-4B29-B94B-CF67924C45B1,,119.05,119.05,,,8F44BB91-E250-40E8-9294-3A4B155E1AC1,,BLANK,0,0,1,0,0,0
4144,E3DB4AFC-F6FB-49F1-BA58-790F136591BC,,122.2,122.2,,,96A1C4D8-DEF7-48A6-9822-6DAC06BF0DD1,2,BLANK,0,0,1,1,0,0
4145,98A50386-01AF-4095-ADC0-9924F9CCF09C,,122.4,122.4,,,960147F4-A4A6-4D89-B323-6731F447FC45,2,BLANK,0,0,1,1,0,0
4146,87052BBB-78E9-4851-B501-B4E72B8BEE3D,,122.2,122.2,,,81E8A212-DAA2-4C58-BDFF-9685037B9C4A,2,BLANK,0,0,1,1,0,0
4147,4BA1137F-38CE-4270-A8E2-1BD3C0399F5C,,122.3,122.3,,,FE5F983F-6388-47B7-89A8-3055F224FD95,2,BLANK,0,0,1,1,0,0
4148,66AB5858-4383-47EA-B469-232766DA0EB9,,124.85,124.85,,,F0AA6263-2486-4A12-8207-C40141B181F5,0,BLANK,0,0,1,0,0,0
4149,70955437-4CE3-463E-BEF1-2D18CA353539,,127.55,127.55,,,F0AA6263-2486-4A12-8207-C40141B181F5,0,BLANK,0,0,1,0,0,0
4150,A4A243ED-0895-47BB-808E-F56B4ADCD6A1,,135.15,135.15,,,F0AA6263-2486-4A12-8207-C40141B181F5,1,BLANK,0,0,1,0,0,0
4151,962A3BD7-7997-4222-B99F-AED052235E68,,254.35,254.35,,,F0AA6263-2486-4A12-8207-C40141B181F5,0,BLANK,0,0,1,0,0,0
4152,999CFDAE-9702-44C1-A001-D5755E6A4CB5,,306.3,306.3,,,F0AA6263-2486-4A12-8207-C40141B181F5,0,BLANK,0,0,1,0,0,0
4153,FB45EF7F-F6B9-419C-AA77-B5959C18348C,,360.7,360.7,,,F0AA6263-2486-4A12-8207-C40141B181F5,1,BLANK,0,0,1,0,0,0
4154,3C83DB96-561D-4C37-BE9F-6E6EA404917B,,119.275,119.275,,,C8846E44-936D-45BC-A5C9-C04A1C8F889C,,BLANK,0,0,1,0,0,0
4155,A3AF67EB-193D-4F46-A961-B3F50B50ACEC,,122.2,122.2,,,A616B4EB-DAE3-45E2-8DD1-0996A80D5D7E,2,BLANK,0,0,1,1,0,0
4156,D3AA1529-9D04-485E-B0D3-9F875886EBCE,,290.325,290.325,,,2FAEB2A2-1428-4299-88A5-F708615E662C,3,BLANK,0,0,1,0,0,0
4157,9728B45F-BEC0-497D-9765-A5B11409F4D7,,119.025,119.025,,,9489D8E8-AA31-4B80-A6F9-EDFC16ADD3A2,,BLANK,0,0,1,0,0,0
4158,5DF1DA4C-F6D6-40BB-A555-2243D30E8A70,,118.675,118.675,,,8A7C3E65-4BE4-45C5-806C-B6A97F2A3B7F,,BLANK,0,0,1,0,0,0
4159,788DB5F6-A9BD-44F2-9725-E8890B31AF95,,122.4,122.4,,,7D48D595-C86E-4922-832B-0ECFCB941F7F,2,BLANK,0,0,1,1,0,0
4160,7443E60D-211D-4FB5-8D6A-1B4C9028911B,,127.625,127.625,,,E22A3830-DACC-47C2-A18B-8BB8B7FA9327,1,BLANK,0,0,1,1,0,0
4161,FA3FE871-E988-4CB3-9718-7067E2AFBBDB,,121.45,121.45,,,A9F96F8F-6482-4E32-807E-09940CCEE46F,,BLANK,1,0,0,0,0,0
4162,B46F2EBC-19A4-4880-AC15-28BBF1481F4C,,122.2,122.2,,,3D1EAE65-B02A-45E2-B00F-78D80E75EDE9,2,BLANK,0,0,1,1,0,0
4163,D1CA02DE-5185-4892-B16F-B08D5C0AF7D8,,122.4,122.4,,,AEA753ED-601B-43DE-A649-566AA485EAB8,2,BLANK,0,0,1,1,0,0
4164,BA9F3D53-ABCB-491E-881B-0425BB8F97AD,,122.2,122.2,,,071EB78D-1634-43E4-8E93-CF87252EB9F1,2,BLANK,0,0,1,1,1,0
4165,39525CE9-F7FA-4273-B13A-7DBF1BCF2144,,122.2,122.2,,,655CEDBE-8D53-4222-947C-252DCC4E2D7E,2,BLANK,0,0,1,1,0,0
4166,51AB4FFB-2F6C-4536-AB9A-4EB1617AC1C2,,122.5,122.5,,,8E1B8815-40CD-4215-B8F0-6B7123170B4F,2,BLANK,0,0,1,1,0,0
4167,EB35F4B7-0848-4870-ADAF-315877D071A4,,122.5,122.5,,,3809DBC1-0095-4BC3-9C61-0A5A1427CD5F,2,BLANK,1,1,1,1,0,0
4168,0B305A1F-3E49-484C-BC56-6D1067FCACC1,,122.4,122.4,,,B56E114E-B0AB-47A1-A267-D6E9B49392B8,2,BLANK,0,0,1,1,0,0
4169,F69162EB-C9FC-410A-A86E-F63F661346D2,,122.2,122.2,,,9E6F84AE-F65A-41CA-BA4D-D4A0F2472D3C,2,BLANK,0,0,1,1,0,0
4170,0ECDD840-2DB6-42EC-B073-668EE908C817,,122.3,122.3,,,780E28BE-5AF0-4934-BEDF-ECD165585B42,2,BLANK,0,0,1,1,0,0
4171,8D250887-92B9-4D9F-953B-CDB25EDFD799,,122.2,122.2,,,E260057D-240A-4ACC-AE47-CBCD01DCDE3C,2,BLANK,0,0,0,1,0,0
4172,96CD8875-46FB-4AD9-BE3A-F57689481726,,122.5,122.5,,,ED79521E-6E6D-4E71-A86B-F592A161C67A,2,BLANK,0,0,1,1,0,0
4173,A783A890-56A1-4F5A-8CB9-7E4D81C84F36,,122.3,122.3,,,3D4B5902-2C26-49BD-ACAA-9383AE313EA3,2,BLANK,0,0,1,1,0,0
4174,A5721F8B-034E-4C3D-88CF-89C636CE6AF0,,335.575,335.575,,,52A826EB-B2EB-4660-9752-6BFB4276A4CA,0,BLANK,0,0,1,0,0,0
4175,0032E27E-E88E-41B3-AFE9-34ECB3737150,,354.1,354.1,,,E22A3830-DACC-47C2-A18B-8BB8B7FA9327,0,BLANK,0,0,1,1,0,0
4176,B05148A1-0DEF-475F-8021-80EC24104503,,122.2,122.2,,,1BAE524A-6134-4F44-B1E5-354D8CAB165E,2,BLANK,0,0,0,1,0,0
4177,26A158FC-D05D-4A3A-ABCB-38B753CFAACE,,127.025,127.025,,,36FDD880-59F8-4101-8E07-E919B62CBD4B,3,BLANK,0,0,1,1,0,0
4178,7EF16797-356C-4A0D-ACD9-754DC68CC360,,257.875,257.875,,,36FDD880-59F8-4101-8E07-E919B62CBD4B,3,BLANK,0,0,1,1,0,0
4179,A63B208D-48CD-4AE5-9E03-414CA253C699,,122.5,122.5,,,370AFCCC-BE46-4E04-8B5F-6CA66AF8EB61,2,BLANK,0,0,0,1,0,0
4180,F13C67AA-E919-4AF0-B319-C5CD75C1EE9F,,122.5,122.5,,,9C7E4012-0757-4865-823B-798FB9D413C7,2,BLANK,0,0,1,1,0,0
4181,5BEFCCD3-E074-4007-B6EA-23E4B15247EF,,119.65,119.65,,,B8E03A74-EFA2-437F-98A2-C5AD849C9307,0,BLANK,0,0,1,0,0,0
4182,D816876D-DBD9-4B50-A28B-912E3688C71C,,121.5,121.5,,,B8E03A74-EFA2-437F-98A2-C5AD849C9307,2,BLANK,0,0,1,0,0,0
4183,D286F566-B155-4593-A326-3BE3733E1CAD,,126.6,126.6,,,B8E03A74-EFA2-437F-98A2-C5AD849C9307,2,BLANK,0,0,1,0,0,0
4184,F53A74FB-835D-4128-959F-896A801C310C,,135.45,135.45,,,B8E03A74-EFA2-437F-98A2-C5AD849C9307,1,BLANK,0,0,1,0,0,0
4185,675676EA-4679-4B58-ACE9-2C09C8AC470D,,257.6,257.6,,,B8E03A74-EFA2-437F-98A2-C5AD849C9307,0,BLANK,0,0,1,0,0,0
4186,FC8831BF-F56B-4DE6-B0E5-05B2041975E2,,281.4,281.4,,,B8E03A74-EFA2-437F-98A2-C5AD849C9307,1,BLANK,0,0,1,0,0,0
4187,01AD7C3D-4027-4DCE-8AB7-D1CEF6169E9A,,343.6,343.6,,,B8E03A74-EFA2-437F-98A2-C5AD849C9307,2,BLANK,0,0,1,0,0,0
4188,35204A08-76A2-4E3E-9F2E-CCD6A8C2FF92,,125.1,125.1,,,5FBBEA23-9AC7-4C17-93B0-BC5EEC1B36E6,2,BLANK,1,1,1,1,0,0
4189,A2D9A766-325E-472B-855E-9381403C1A0D,,243,243,,,5FBBEA23-9AC7-4C17-93B0-BC5EEC1B36E6,2,BLANK,1,1,1,1,0,0
4190,06CFC8ED-6B71-40D5-BEBD-7E535748911D,,319.2,319.2,,,5FBBEA23-9AC7-4C17-93B0-BC5EEC1B36E6,2,BLANK,1,1,1,1,0,0
4191,0A028AD2-8B31-44A8-8C3E-DE620DD12553,,321.3,321.3,,,5FBBEA23-9AC7-4C17-93B0-BC5EEC1B36E6,3,BLANK,1,1,1,1,0,0
4192,4408B526-692A-4C40-AB95-B7E785512348,,118.45,118.45,,,C78F8AB2-B9C1-435D-8B0D-C62C625397D0,2,BLANK,0,0,0,0,0,1
4193,224E7812-D279-4F15-9F97-97E2C84123F1,,135.55,135.55,,,E0B6DEEC-970F-4BB4-81FB-B4582DB45345,1,BLANK,0,0,1,1,0,0
4194,A7EF7791-38B6-4578-B15F-7C943B9809F6,,118.45,118.45,,,1E24F2B6-A6D5-49DE-B204-94DA21F13322,2,BLANK,0,0,0,0,0,1
4195,E00F48DF-2DE5-4CB2-B2BD-E3AE4DAF2E4F,,,122.1,,,31DF3052-4A41-48D8-BBCB-4ECB0ED74208,2,BLANK,0,0,0,1,0,0
4196,9E8A83AA-6466-4367-9DF5-4B92564FC50B,,122.4,122.4,,,5E6F0A22-EABA-4FBA-A32D-DDE2E6D64129,2,BLANK,0,0,1,1,0,0
4197,829B6243-F9EF-445A-BB90-1C7AFD5D537A,,122.3,122.3,,,6DFA2D83-5F21-4E81-8FB5-9B40A164197E,2,BLANK,0,0,1,1,0,0
4198,B7B9C196-058E-4608-AB2D-879659BD4D78,,122.6,122.6,,,B051BC3B-5D8F-487B-943E-9F37A2F45C49,2,BLANK,0,0,1,1,0,0
4199,4AE6835D-C986-4710-87A3-D441615FA840,,122.4,122.4,,,8EDE91CA-1485-4BCC-962A-1C1637435A93,2,BLANK,0,0,1,1,0,0
4200,0BF8ED10-7410-4441-872D-68390BEBCF14,,122.6,122.6,,,3C8A3FE7-4A41-4DB2-809B-E3DA4AA72B00,2,BLANK,0,0,1,1,0,0
4201,C7B2E0D9-50C9-4578-91F2-4DE81F45271F,,122.4,122.4,,,CDDE5608-823A-43E2-8994-1E1DFE743D78,2,BLANK,0,0,1,1,0,0
4202,B76CF790-4156-4C67-9241-234B9BC939C1,,122.4,122.4,,,FB4EF3FC-CBA5-451A-87F2-AD540FC86175,2,BLANK,0,0,1,1,0,0
4203,C04141B0-E0EB-4B25-87AF-27D2B9C5A8D1,,126.9,126.9,,,78CCD829-651A-41E7-9413-EDA1D33522F3,2,BLANK,0,0,1,1,0,0
4204,47DFC705-C5FE-4D5A-A31A-911635873A3F,,122.4,122.4,,,A560DDC5-2B20-431C-9EC5-848D79026401,2,BLANK,0,0,1,1,0,0
4205,312A4ADF-65B9-44BA-885E-7DC569477503,,122.3,122.3,,,84DA28CB-A261-4AEB-83B0-E5EB8DBD0F1D,2,BLANK,0,0,1,1,0,0
4206,118B5C88-360D-4FE3-AB35-23B2FBD6B777,,122.5,122.5,,,0943C31B-5360-45AF-8400-97F2E39FBE67,2,BLANK,0,0,1,1,0,0
4207,C5BBC952-2BFA-4C4C-BEC6-EB7139E747F4,,122.6,122.6,,,D4E59E3B-3C56-4C66-9DB8-A36AB00EE3E7,2,BLANK,0,0,1,1,0,0
4208,AA62205C-B98D-4D1B-B169-0B570B7FB299,,122.2,122.2,,,55356187-FC47-4870-A000-E4EA4F0F851B,2,BLANK,0,0,1,1,1,0
4209,95870C5F-0819-4931-B55F-653DA4504583,,122.2,122.2,,,58C65CC1-F561-4670-B3C9-57B97C1230F4,2,BLANK,0,0,1,1,0,0
4210,4A202055-6219-4413-98E6-1E95D7CB61F8,,,122.1,,,1AE25322-88BE-495C-A404-14C420947A35,2,BLANK,0,0,0,1,0,0
4211,6F413831-8F24-437A-AF4B-DEABE22847F8,,122.3,122.3,,,9D5BDF95-34F9-42FD-BD14-8229D65C364E,2,BLANK,0,0,1,1,0,0
4212,604C8E0E-70DC-4465-940A-25D4FFD84D05,,122.5,122.5,,,B6303F6B-D5C4-49BC-9F57-5A7611753A08,2,BLANK,0,0,0,1,0,0
4213,6673B05E-9A46-4C8E-AB38-91CA172F26E9,,122.4,122.4,,,54205CAB-2971-4F17-95AF-D43C96AF2D6E,2,BLANK,0,0,1,1,0,0
4214,6387806B-F10F-46A2-9FAC-2323EA09D3F2,,122.6,122.6,,,C0CFF478-FC57-4A56-8174-44CDDE7B45E5,2,BLANK,0,0,1,1,0,0
4215,FF19BC4C-B108-49F1-B2FB-407D37E8E608,,122.3,122.3,,,530A5502-0EC2-4962-B092-67D67E033C73,2,BLANK,0,0,1,1,0,0
4216,B8B0085D-C172-4FBD-9356-60A66E861DA0,,122.3,122.3,,,A689C72F-7142-4AF2-9F99-BE4918528A10,2,BLANK,0,0,1,1,0,0
4217,23809D51-42D8-4589-80DE-E3EDDA2B4254,,122.3,122.3,,,5B10FA7A-62D5-47D4-9721-442981D25E8A,2,BLANK,0,0,0,1,0,0
4218,38664726-0F5A-463A-8968-CFEFC94EA14A,,122.2,122.2,,,1B950798-D6D6-4BEA-9BA4-C846622DF142,2,BLANK,0,0,1,1,0,0
4219,E7A5E511-B338-40BD-B26D-198828D6061A,,122.5,122.5,,,758E4B99-0A27-4722-8438-D4FD886F5020,2,BLANK,0,0,1,1,0,0
4220,6DE1EA72-949D-4611-9D36-FFFD6093F105,,122.2,122.2,,,125C1502-0781-400E-B734-17FB3C894AF6,2,BLANK,0,0,1,1,0,0
4221,94E2DCDA-8919-4CB5-812E-9F6580C5E5B0,,122.5,122.5,,,EFB329B1-869B-4EC3-A643-C4F439401FC4,2,BLANK,0,0,1,1,0,0
4222,73A79B6D-07E7-45F5-8F68-1FBBA91271D7,,127.725,127.725,,,E0EA30B6-9FFF-481A-A3CE-E6E462A64E1E,0,BLANK,0,0,1,1,0,0
4223,4E3591C0-1FB1-4B3B-8F6C-B21201961004,,135.425,135.425,,,0E79F0CB-460B-457D-B117-2D63876B1E3E,3,BLANK,0,0,1,1,0,0
4224,8BDC04DF-D066-4FC5-8EAD-CF4DE8B8C82B,,123.6,123.6,,,ADBC5A89-ABDD-4121-A01E-AA85C85C42D3,1,BLANK,0,0,1,0,0,0
4225,1708A60C-D8E8-4F4B-AF91-126B120076BF,,269.425,269.425,,,ADBC5A89-ABDD-4121-A01E-AA85C85C42D3,1,BLANK,0,0,1,0,0,0
4226,DBB0207A-7EEE-4036-B840-65DAEC2B3984,,125.625,125.625,,,55020C13-DD4A-4E4A-BFE5-4C493A431908,1,BLANK,0,0,1,1,0,0
4227,7CBB65DD-F21F-4969-A79B-339079F43B32,,127.8,127.8,,,0C1C5CC7-BC79-4B29-B691-1D87B83AC1E3,0,BLANK,0,0,1,1,0,0
4228,FF96E060-6AF1-4D7A-AE5F-CC9FC20F2EA0,,307.2,307.2,,,0C1C5CC7-BC79-4B29-B691-1D87B83AC1E3,0,BLANK,0,0,1,1,0,0
4229,17E98016-6423-4E61-A80A-4D2F184B5288,,257.675,257.675,,,421B0E24-B018-4FD1-8DF5-6B710CC6A8A8,0,BLANK,0,0,1,1,0,0
4230,5E8F21AC-D91D-4F38-A898-73D217726907,,122.2,122.2,,,D892E8CA-716F-4280-874B-BC4124B47876,2,BLANK,0,0,1,1,0,0
4231,B52962E7-8FFB-4380-8656-ADB30B97BC25,,122.2,122.2,,,CF4B02B6-D1F2-40BF-8DF1-2E249F7829D4,2,BLANK,0,0,1,1,0,0
4232,2D5B66D6-9728-4E9C-B2CE-860E1BEE47FD,,122.5,122.5,,,29D726B8-D068-4045-871D-F154F57A6796,2,BLANK,0,0,1,1,0,0
4233,773613DA-A408-4C0B-960F-5A23ADA8A2EA,,122.2,122.2,,,F76DBC03-0275-479D-A087-12CE9EC3C8D8,2,BLANK,0,0,1,1,0,0
4234,4A05FFFD-D6FA-4F84-A9B6-103A78DD86DD,,122.4,122.4,,,829F8F94-E42B-4AEF-85E6-9C83B1E10BB5,2,BLANK,0,0,1,1,0,0
4235,B78D62E0-E393-438F-A447-F84E09C46490,,122.1,122.1,,,BAE3E955-8354-45C2-B479-477DC74940F6,2,BLANK,1,1,0,0,0,0
4236,694240B5-853A-4B80-9254-E61DAEC8A138,,122.2,122.2,,,3C1ABC6E-B9E5-4FCC-A45F-8EF65AB7AD69,2,BLANK,0,0,1,1,0,0
4237,17A31D55-798B-4CF3-9712-DD185B41194F,,121.2,121.2,,,457D2435-6F82-4722-919E-2768CF7C96F2,2,BLANK,1,1,0,0,0,0
4238,BDA5DFF1-DCF0-4099-8D5F-EEA19FF48FF5,,122.6,122.6,,,58F0F25D-AD50-4F83-8079-DADB8CD81D81,2,BLANK,0,0,0,1,0,0
4239,B5397C5C-557F-436D-9553-B41D5D5A2774,,122.6,122.6,,,B4E29986-FCCE-4257-88C3-854BD58BA60E,2,BLANK,0,0,1,1,0,0
4240,A8A5C5BF-58F1-47FF-BD37-F8C67D722955,,122.65,122.65,,,6C98BD9D-9015-42F0-8504-5A865D886D87,2,BLANK,0,0,0,1,0,0
4241,35BBFD20-5ADA-441E-B1F7-C6955AD4C9F9,,122.2,122.2,,,A55E4FF2-341C-4EDF-A486-623984238871,2,BLANK,0,0,1,1,0,0
4242,94BCB62F-99CD-40BA-B883-C22E154D51AB,,122.2,122.2,,,2E9FCF67-0983-4F9E-814A-750DAE24CC01,2,BLANK,0,0,1,1,0,0
4243,B420E39C-BAD8-4B74-A530-D0696AFCA483,,122.6,122.6,,,CAD96B39-CC36-4E1C-ADA3-BB0DEB132303,2,BLANK,0,0,1,1,1,0
4244,48374258-7568-473E-9B5D-0261288C9326,,118.375,118.375,,,5DACAF87-C2C8-413B-915D-F0452577F756,,BLANK,0,0,1,0,0,0
4245,2860C391-9836-4429-AA30-EDB60CBA2223,,121.125,121.125,,,2417ABD3-2109-4420-9990-2A512E012D15,,BLANK,0,0,1,0,0,0
4246,0AD3BBA1-DAC8-4D29-8DD7-1EF61181FC37,,353.925,353.925,,,33DBAE80-A584-4A30-836D-518F2F83B7B5,0,BLANK,0,0,1,0,0,0
4247,FC4B0206-BC8A-4840-BAA6-0C56F62CDEE4,,121.325,121.325,,,4B68D614-857A-4A11-9560-EE986AEFD615,,BLANK,0,0,1,0,0,0
4248,42298F88-2110-4ACF-9542-AE611EE13588,,122.25,122.25,,,B05A23CA-B971-4C24-81F8-D36801A27E51,2,BLANK,1,1,0,0,0,0
4249,E0CBF7A5-7853-49EF-B2AE-CFCD00F227A6,,122.5,122.5,,,CDA09C57-E8D3-4D76-B818-1D895172E1FF,2,BLANK,1,1,0,0,0,0
4250,0E61294E-592E-417B-A21F-06381EB6A0AD,,125.35,125.35,,,E55EA474-6766-4536-AC15-4652354770D7,0,BLANK,0,0,1,1,0,0
4251,45CEB09B-BFE6-46CD-9471-4F988A5E10FF,,354.05,354.05,,,E55EA474-6766-4536-AC15-4652354770D7,0,BLANK,0,0,1,1,0,0
4252,46C076B8-0C1F-4CF6-9FA0-35D88936B582,,124.5,124.5,,,4B31C035-7CF3-4946-8E11-284AED044CDD,0,BLANK,0,0,1,1,0,0
4253,9222A1CA-391F-495A-B7AB-9E92E6C7CEBC,,350.25,350.25,,,4B31C035-7CF3-4946-8E11-284AED044CDD,0,BLANK,0,0,1,1,0,0
4254,79AAAD50-E5D3-4967-ACB0-CEAB976FE8EB,,119.925,119.925,,,4A6BE031-6BBF-4E13-9739-D7238FC0FB4C,,BLANK,0,0,1,0,0,0
4255,74EBB438-6C0B-45ED-8C89-5704D613D93B,,119.175,119.175,,,81C609DB-DC39-4D2B-B813-6A0DFF5F58DE,,BLANK,0,0,1,0,0,0
4256,B1EE1731-31A8-473F-AE41-A8F746DA79C7,,134.75,134.75,,PRI,5A37E718-BB37-4259-9144-47B6B815D03D,2,BLANK,1,1,0,0,0,0
4257,987FD5FB-FA8F-4340-A044-95BE38CE7AC5,,119.025,119.025,,,DC242306-AACC-4C5B-9F83-3CFA1F36A8E5,,BLANK,0,0,1,0,0,0
4258,C5070917-4FF3-46AF-B3B3-8EF6F4F6F7AF,,122.175,122.175,,,2A32B84F-B12A-4B78-B08F-AA6C331BC3CB,2,BLANK,1,1,0,0,0,0
4259,6A91910F-191C-4E09-9040-D810DC0B6477,,133.5,133.5,,,F86B3360-C073-4F38-85CB-26996B91EB2B,2,BLANK,0,0,1,1,0,0
4260,EF6B35CA-5EB9-43FE-93BE-A3047E624627,,125.325,125.325,,,04FB4D76-A650-4E4C-864F-38D984E8EE51,1,BLANK,0,0,0,1,0,0
4261,415A957C-B12C-4008-9FAE-1B4F5359E18E,,282.3,282.3,,,04FB4D76-A650-4E4C-864F-38D984E8EE51,1,BLANK,0,0,0,1,0,0
4262,1B52809F-63BE-4D0A-97A4-4951F18BC694,,326.2,326.2,,,9117C6DA-04C8-4425-A1FA-3DFAE0F256CB,0,BLANK,0,0,1,0,0,0
4263,224CD698-516E-489C-A199-4DABEBB8E413,,127.725,127.725,,,7EF9B386-F4DE-4301-9D5E-C5C9679DA2A2,3,BLANK,0,0,1,0,0,0
4264,09FC81A5-5166-436E-87CF-6E94F37C7523,,270.25,270.25,,,7EF9B386-F4DE-4301-9D5E-C5C9679DA2A2,3,BLANK,0,0,1,0,0,0
4265,18AE2AF4-FB8F-413C-82A1-D975088F16CA,,125.85,125.85,,,D545559E-D102-427A-AE38-6C4B66253AC4,0,BLANK,0,0,1,1,0,0
4266,FAB3763C-BC24-4D66-A27E-056783232458,,316.1,316.1,,,65E24347-208F-4B99-B184-74CC928E4DB9,0,BLANK,0,0,1,1,0,0
4267,4E819D76-CF40-4485-9CE9-ACF415BFAE38,,257.85,257.85,,,4C79C0D7-FE94-413D-9B78-7AA401379EC1,0,BLANK,0,0,1,0,0,0
4268,2577E736-7074-420C-8A7F-F7D1EC7FB654,,290.35,290.35,,,05BE0F9E-0AB1-471C-970B-F183DD4284B6,1,BLANK,0,0,1,0,0,0
4269,BF5B154C-8AFF-44DA-AEDB-2AEF2D035064,,353.675,353.675,,,05BE0F9E-0AB1-471C-970B-F183DD4284B6,1,BLANK,0,0,1,0,0,0
4270,A8D1A9C6-BAB7-4546-B8DE-564D9FC5911E,,257.925,257.925,,,6058CA69-6A7D-47BC-8DBD-251766D6301C,0,BLANK,0,0,1,1,0,0
4271,682745FE-D0BC-4516-9D9D-023734A7C77C,,120.25,120.25,,,0A9CF0DD-4113-43DF-8FE5-7C72489B3B9A,0,BLANK,0,0,1,0,0,0
4272,203260D5-0342-4165-82AB-55466778E824,,124.25,124.25,,,0A9CF0DD-4113-43DF-8FE5-7C72489B3B9A,0,BLANK,0,0,1,0,0,0
4273,0223343D-71BE-47A1-A163-F6E2BC717E12,,128.05,128.05,,,0A9CF0DD-4113-43DF-8FE5-7C72489B3B9A,1,BLANK,0,0,1,0,0,0
4274,6481014E-C6F2-4594-8471-E79E0E90F83E,,243,243,,,0A9CF0DD-4113-43DF-8FE5-7C72489B3B9A,2,BLANK,0,0,1,0,0,0
4275,C51A80AD-A791-42DA-BDB1-FCA8AE6A14F1,,290.5,290.5,,,0A9CF0DD-4113-43DF-8FE5-7C72489B3B9A,0,BLANK,0,0,1,0,0,0
4276,58BBDD7C-5086-4F34-9E50-72667D31E32A,,319.1,319.1,,,0A9CF0DD-4113-43DF-8FE5-7C72489B3B9A,1,BLANK,0,0,1,0,0,0
4277,7F3BAEB6-F6C7-49E4-895C-0DBE325BD06F,,321.3,321.3,,,0A9CF0DD-4113-43DF-8FE5-7C72489B3B9A,1,BLANK,0,0,1,0,0,0
4278,FACC772A-ACBA-48C8-9E62-E66385C0CBDF,,346.4,346.4,,,0A9CF0DD-4113-43DF-8FE5-7C72489B3B9A,0,BLANK,0,0,1,0,0,0
4279,92A79C2C-3148-49A4-8084-6FC26F6A06C6,,132.3,132.3,,,8BA09D32-354E-46E0-9327-5996392DCA45,0,BLANK,0,0,1,0,0,0
4280,DF75EAA2-C322-469E-BEEB-74362B866DD3,,135.8,135.8,,,8BA09D32-354E-46E0-9327-5996392DCA45,0,BLANK,0,0,1,0,0,0
4281,6101D70E-F0E6-4D9D-A2F1-69992DFEDE19,,254.375,254.375,,,8BA09D32-354E-46E0-9327-5996392DCA45,0,BLANK,0,0,1,0,0,0
4282,48DABD57-809E-4484-A95C-AC3424B6E7E3,,292.15,292.15,,,8BA09D32-354E-46E0-9327-5996392DCA45,0,BLANK,0,0,1,0,0,0
4283,DDB0BFB3-26E6-4A29-91BF-2E72CBFEBCA6,,346.3,346.3,,,8BA09D32-354E-46E0-9327-5996392DCA45,0,BLANK,0,0,1,0,0,0
4284,80C11AC7-EE6A-4014-B192-E0DD89C228DD,,269.475,269.475,,,57FF3E67-6DFC-4CD2-B680-72685A046F9D,0,BLANK,0,0,1,0,0,0
4285,8AAD4E3C-776F-4086-8B90-21B8319EC579,,127.975,127.975,,,E38F87BA-875A-4E86-B501-652C17932AB7,0,BLANK,0,0,1,0,0,0
4286,28D18984-D2F6-49F4-BC19-7A6AC379ADDA,,341.7,341.7,,,E38F87BA-875A-4E86-B501-652C17932AB7,0,BLANK,0,0,1,0,0,0
4287,8DFE2C2C-3E40-4ACA-BFFB-3957761403A3,,132.15,132.15,,,1EA4FC55-2599-4094-8589-0701A7B978EB,0,BLANK,0,0,1,0,0,0
4288,AECCF45A-8BD4-4BA6-BA0C-A68005D810E5,,118.225,118.225,,,39182277-393B-4A7F-839A-BFA1A544B4AB,,BLANK,0,0,1,0,0,0
4289,676FC8ED-AF54-40AC-B523-A31BD11C35D4,,118.25,118.25,,,82CFC915-44F8-44DD-AB2C-F1C52A3C3DD5,,BLANK,0,0,1,0,0,0
4290,A234011B-920F-4667-A431-F6167E013BD7,,122,122,,,C9FCF62F-40ED-4A78-B197-6CB738A8383B,2,BLANK,1,1,0,0,0,0
4291,C8936F0E-D23C-478C-B65E-C0716AA5D59B,,120.125,120.125,,,96E1C8EC-BA13-49ED-AD38-23F55B07ED7A,1,BLANK,0,0,1,0,0,0
4292,477551E5-F7B8-45B6-B3AE-9F736788E65B,,124.675,124.675,,,96E1C8EC-BA13-49ED-AD38-23F55B07ED7A,0,BLANK,0,0,1,0,0,0
4293,92D9231F-DDDB-4147-A687-92B9B96B30C8,,126.75,126.75,,,96E1C8EC-BA13-49ED-AD38-23F55B07ED7A,0,BLANK,0,0,1,0,0,0
4294,443C10D2-DCDD-4865-BEB6-B525A8B8D930,,277.4,277.4,,,96E1C8EC-BA13-49ED-AD38-23F55B07ED7A,0,BLANK,0,0,1,0,0,0
4295,85131E73-09F8-493E-93B9-B7FAE867511B,,282.2,282.2,,,96E1C8EC-BA13-49ED-AD38-23F55B07ED7A,0,BLANK,0,0,1,0,0,0
4296,44C9B24E-8AFD-42BE-9BDB-81DE49BBD7CF,,354.075,354.075,,,96E1C8EC-BA13-49ED-AD38-23F55B07ED7A,1,BLANK,0,0,1,0,0,0
4297,08D8553A-AE08-4923-9398-ED75CB6711C3,,120.125,120.125,,,7430E240-14AF-4AAD-B462-352984AB4D71,1,BLANK,0,0,1,0,0,0
4298,FC72073D-400B-42D0-BD10-0D838DFB3786,,243,243,,,7430E240-14AF-4AAD-B462-352984AB4D71,2,BLANK,0,0,1,0,0,0
4299,BF4D7351-57C1-4A61-BE1B-08EC9B0BB9D3,,354.075,354.075,,,7430E240-14AF-4AAD-B462-352984AB4D71,1,BLANK,0,0,1,0,0,0
4300,78CA0824-B62F-40FF-B0DA-D427D1BE8E66,,134.975,134.975,,,6DB44909-AF7D-4799-80A9-E022642E326C,1,BLANK,0,0,1,0,0,0
4301,E1F42027-7411-4128-AA9B-5250077AC812,,278.3,278.3,,,6DB44909-AF7D-4799-80A9-E022642E326C,1,BLANK,0,0,1,0,0,0
4302,4DD7233D-7567-4CFE-9EEA-0DD4AB4BB5F9,,134.85,134.85,,,E9E9D50B-A981-4159-8342-E86B40BBF6DE,2,BLANK,0,0,1,0,0,0
4303,53E702B8-C31C-4405-ADC0-59EDB1AA09A9,,273.55,273.55,,,E9E9D50B-A981-4159-8342-E86B40BBF6DE,0,BLANK,0,0,1,0,0,0
4304,B6044759-7D67-42A4-9EE1-ACAACABB6A83,,327.1,327.1,,,E9E9D50B-A981-4159-8342-E86B40BBF6DE,2,BLANK,0,0,1,0,0,0
4305,AA91D0C4-6C48-42AD-886C-68A97DD6F41A,,281.55,281.55,,,D41E92DA-502D-4E33-A142-2C06AF1DED34,1,BLANK,0,0,1,0,0,0
4306,10647D8E-158A-46E9-8FD0-F9B8DD9B9469,,133.875,133.875,,,AF9CF9BE-B011-4FF1-9FFF-23E4F2FB0684,0,BLANK,0,0,1,0,0,0
4307,59A1C9A2-2B09-41EA-96AD-1C6F57D98450,,322.475,322.475,,,AF9CF9BE-B011-4FF1-9FFF-23E4F2FB0684,0,BLANK,0,0,1,0,0,0
4308,B58DFC90-37F3-4685-B7FB-947E61F12385,,273.525,273.525,,,5F1BCBD8-E6AA-4BEF-A3E1-D891941DF646,2,BLANK,0,0,1,0,0,0
4309,AC938DA2-DD4B-4F88-8C71-9F86C2F0B632,,135.925,135.925,,,BDD1434F-6E4B-4451-B458-DE79502D7D50,2,BLANK,0,0,1,0,0,0
4310,584F4516-8F1F-4026-86A9-ED895EAA5FA1,,363.175,363.175,,,BDD1434F-6E4B-4451-B458-DE79502D7D50,2,BLANK,0,0,1,0,0,0
4311,79994EB8-19B8-44AC-AA7E-1AABA90E261B,,135.45,135.45,,,FA50FEDF-1137-4864-8F8F-4C76AF1B4CB8,1,BLANK,0,0,0,1,0,0
4312,A5732DA8-9D51-41CC-9E83-ECA3E2F8D322,,256.875,256.875,,,FA50FEDF-1137-4864-8F8F-4C76AF1B4CB8,0,BLANK,0,0,0,1,0,0
4313,23E8D57F-DD5F-4718-AB36-5E995B76D1AB,,269.6,269.6,,,FA50FEDF-1137-4864-8F8F-4C76AF1B4CB8,1,BLANK,0,0,0,1,0,0
4314,CBA8A954-DE40-4446-B69B-45B32E867117,,122.05,122.05,,,56DBFE67-1302-4FD3-BEE6-97A2D71F1100,2,BLANK,1,1,0,0,0,0
4315,3BB90B36-F149-4E86-96F3-378073BE106A,,290.35,290.35,,,63A48388-3F99-4BF4-B590-F848958D670B,1,BLANK,0,0,1,0,0,0
4316,CD48F76C-58BC-4638-9C9B-552E0E790630,,360.8,360.8,,,467B79B0-DB33-488A-8F13-2C5B12B94F42,1,BLANK,0,0,1,1,0,0
4317,C173309C-F195-4CDC-89AC-00D6FF0DC6EC,,135.625,135.625,,,2CE99DDD-9C0D-4400-8995-78C2218DF35E,1,BLANK,0,0,1,0,0,0
4318,CA3EEC00-9747-4BF7-882B-183FE4E7BECA,,317.525,317.525,,,2CE99DDD-9C0D-4400-8995-78C2218DF35E,1,BLANK,0,0,1,0,0,0
4319,205AF0EA-1F32-4E33-9164-691CD7A94671,,122.2,122.2,,,B71FAC7B-9DD1-436A-93A0-43462D9C8E78,2,BLANK,0,0,1,1,0,0
4320,19748CC0-889E-43D4-87DE-57A29B1B2986,,290.475,290.475,,,46D13AC9-CE0F-470E-A46E-BD0F8FC3F90F,0,BLANK,0,0,1,1,0,0
4321,F2B366BF-0A36-4980-A0EF-E876A344FC1E,,370.35,370.35,,,8B326448-1671-4F21-A5F4-FB8EAB08834B,1,BLANK,0,0,1,0,0,0
4322,1BB73398-6A3C-434B-B20B-59A768A744BA,,243,243,,,D36D5EBF-4FFF-417A-BDA3-D8435B6071BD,2,BLANK,0,0,1,0,0,0
4323,78A08291-A590-4155-BF08-D0B6596AF4A7,,292.2,292.2,,,D36D5EBF-4FFF-417A-BDA3-D8435B6071BD,2,BLANK,0,0,1,0,0,0
4324,28D25289-3AB7-40DA-81EB-D075C2BDA1EF,,122.975,122.975,,,6640C041-37C4-4A8D-BFCB-6B1AAD49CCBF,,BLANK,0,0,1,0,0,0
4325,949F5A85-C6C9-413D-B050-B6183BF0BA1C,,122.2,122.2,,,F67C7D0F-281F-448B-94FC-B46538C60B3F,2,BLANK,0,0,1,1,0,0
4326,665BDEBA-B161-4588-A245-9AA7D00F7A51,,119.1,119.1,,,77CEEACB-4F3F-41D1-8042-8E3D8E9F7C0C,0,BLANK,0,0,1,0,0,0
4327,FFE0664F-A235-4AEB-838E-6029D178F13E,,121.5,121.5,,,77CEEACB-4F3F-41D1-8042-8E3D8E9F7C0C,2,BLANK,0,0,1,0,0,0
4328,C66437C9-3706-47D3-B970-A6BBAD6A2423,,243,243,,,77CEEACB-4F3F-41D1-8042-8E3D8E9F7C0C,2,BLANK,0,0,1,0,0,0
4329,A7B04D32-F574-47A7-B762-F531205341B6,,290.2,290.2,,,77CEEACB-4F3F-41D1-8042-8E3D8E9F7C0C,0,BLANK,0,0,1,0,0,0
4330,BCDE1C53-85CA-4E81-9B46-624F71272892,,127.7,127.7,,,ABC7AAA3-A9D0-44E0-940A-D71896EB667B,0,BLANK,0,0,1,0,0,0
4331,09E81592-0A8F-48AC-AECC-E7CA4DD903DC,,133.875,133.875,,,ABC7AAA3-A9D0-44E0-940A-D71896EB667B,1,BLANK,0,0,1,0,0,0
4332,924F4F5E-AF98-4180-9ED2-0781C1653023,,243,243,,,ABC7AAA3-A9D0-44E0-940A-D71896EB667B,2,BLANK,0,0,1,0,0,0
4333,06C4FAFD-A993-4880-B248-4DC528241BCA,,269.525,269.525,,,ABC7AAA3-A9D0-44E0-940A-D71896EB667B,1,BLANK,0,0,1,0,0,0
4334,0D1F7ADE-DAC7-440C-81ED-98D9CA5E9461,,290.425,290.425,,,ABC7AAA3-A9D0-44E0-940A-D71896EB667B,0,BLANK,0,0,1,0,0,0
4335,1AE70534-DB3C-4AE3-8592-1BB569A22649,,369.9,369.9,,,ABC7AAA3-A9D0-44E0-940A-D71896EB667B,1,BLANK,0,0,1,0,0,0
4336,02DCB081-D31A-40DB-A9A9-708D1CC336F1,,121.5,121.5,,,09513C12-CEA3-4382-B1C7-E4BD320CBE31,2,BLANK,0,0,1,0,0,0
4337,75825236-3B13-4949-99CF-4C4380521985,,243,243,,,09513C12-CEA3-4382-B1C7-E4BD320CBE31,2,BLANK,0,0,1,0,0,0
4338,6EB41BB9-5A15-4266-8168-F824E5613CD7,,127.125,127.125,,,3B78F506-D86E-4014-89CC-EA2E00FEFE6D,1,BLANK,0,0,1,0,0,0
4339,AA53127C-658C-45D4-9EDA-6F7163673D69,,323.075,323.075,,,3B78F506-D86E-4014-89CC-EA2E00FEFE6D,1,BLANK,0,0,1,0,0,0
4340,DE6D19CB-D7B6-411D-9DA5-D9D8834B770F,,121.5,121.5,,,21767720-8467-476E-B5EB-5DB09E3586A9,2,BLANK,0,0,1,0,0,0
4341,93251208-FDB7-48FA-A9A8-4C0366156614,,121.5,121.5,,,FB6A59F3-B832-4290-8EFA-0AA864DE2BFE,2,BLANK,0,0,1,0,0,0
4342,13277ECB-E43E-43B8-BC0D-79787536C635,,127.425,127.425,,,4D6B5518-477E-426F-A32B-E695D7DCE590,1,BLANK,0,0,1,1,0,0
4343,CA263660-255D-476C-815B-4D308A850F53,,134.3,134.3,,,4D6B5518-477E-426F-A32B-E695D7DCE590,0,BLANK,0,0,1,1,0,0
4344,A8B31548-9BA7-4806-96EC-483B0190DBCE,,243,243,,,4D6B5518-477E-426F-A32B-E695D7DCE590,2,BLANK,0,0,1,1,0,0
4345,29083508-04B7-4A56-82B9-A921F5970610,,285.5,285.5,,,4D6B5518-477E-426F-A32B-E695D7DCE590,0,BLANK,0,0,1,1,0,0
4346,9FCE80F0-1905-4AAD-91D2-499E4967847B,,292.2,292.2,,,4D6B5518-477E-426F-A32B-E695D7DCE590,1,BLANK,0,0,1,1,0,0
4347,B710993B-A82F-4F07-8BFD-104FD3781BE7,,350.2,350.2,,,4D6B5518-477E-426F-A32B-E695D7DCE590,1,BLANK,0,0,1,1,0,0
4348,FB86E1DA-D63F-43F8-A8AC-BA5BDD8C382E,,128.675,128.675,,,6ABC75E3-8413-4A03-8533-43A0340F1B67,1,BLANK,0,0,1,0,0,0
4349,F4C4BFA2-1676-4F79-B4EB-74D94190E92C,,285.575,285.575,,,6ABC75E3-8413-4A03-8533-43A0340F1B67,1,BLANK,0,0,1,0,0,0
4350,F534E2B0-736F-46D7-B7B6-0C61ADF64161,,121.5,121.5,,,0F282566-DECF-4B5C-AD58-B548682BFF86,2,BLANK,0,0,1,0,0,0
4351,08A0164D-1885-450B-BFFD-5FD16E531D31,,121.5,121.5,,,CA218617-25D0-4FBF-B173-80A0B644E477,2,BLANK,0,0,1,0,0,0
4352,2ACCA660-7DA0-4D6C-945B-409AF55EA7FC,,121.5,121.5,,,76AE82FD-D7EA-4D41-9BAF-99513383A82E,2,BLANK,0,0,0,1,0,0
4353,DBF76D39-B5B6-49FE-9176-68D9D0EC825F,,121.5,121.5,,,421B0E24-B018-4FD1-8DF5-6B710CC6A8A8,2,BLANK,0,0,1,1,0,0
4354,371EF45B-D5A9-4A74-B143-008E37D3625D,,323.025,323.025,,,421B0E24-B018-4FD1-8DF5-6B710CC6A8A8,1,BLANK,0,0,1,1,0,0
4355,A0E48E4B-5806-4E10-A43B-07B20604FEE0,,121.5,121.5,,,AFB1F1EC-31BF-426F-8B5D-710F01EF1BE4,2,BLANK,0,0,1,1,0,0
4356,798DF167-86B4-4E4F-AD62-91588BC17BA6,,284.625,284.625,,,A7E42D98-227E-4837-BD8C-44A5B3A80A28,1,BLANK,0,0,1,1,0,0
4357,77C98830-CDDA-44BE-8DB8-A2B06EE21932,,120.05,120.05,,,843F1AC8-0D95-4BE6-90F4-0193850B33BD,1,BLANK,0,0,1,1,0,0
4358,8B5AFE27-6AE1-434D-A12A-69AF1129611C,,290.35,290.35,,,843F1AC8-0D95-4BE6-90F4-0193850B33BD,1,BLANK,0,0,1,1,0,0
4359,F27A9660-6D5D-4EC0-9B75-C7B3A2911DCC,,235.775,235.775,,,2FC43439-CC55-4FD5-994F-722FB1904E87,0,BLANK,0,0,1,0,0,0
4360,C58F83CD-8121-46C5-B6AC-B2346DF99719,,121.5,121.5,,,0C0BAA04-56DB-4040-AAD6-0956B8298AF4,2,BLANK,0,0,1,1,0,0
4361,B9FAB306-26D1-4584-8B93-1A4E6B8A4D36,,125.825,125.825,,,96EEA632-3A87-4965-B49D-64EE524173A9,1,BLANK,0,0,1,0,0,0
4362,52CA9087-8C5F-422F-BE44-40130D879AF2,,132.425,132.425,,,7EE7F308-A419-4EAA-891E-1E7F4D6BEC12,1,BLANK,0,0,1,0,0,0
4363,B6C7BF2B-9D77-492A-B23E-9DB9615BEC0A,,336.4,336.4,,,7EE7F308-A419-4EAA-891E-1E7F4D6BEC12,1,BLANK,0,0,1,0,0,0
4364,38F56573-F84F-4296-934B-C2897D4F9E5D,,243,243,,,E6C48D16-BA53-47E3-8D05-3B1D65BA307F,2,BLANK,0,0,1,1,0,0
4365,8E996113-C796-4DAE-A737-2BAB70924E02,,120.075,120.075,,,869A73BC-0EBD-4E18-A926-89241AD21F37,3,BLANK,0,0,1,0,0,0
4366,6A20F338-EFBD-4461-8F59-FE90E3C7EE42,,379.95,379.95,,,869A73BC-0EBD-4E18-A926-89241AD21F37,1,BLANK,0,0,1,0,0,0
4367,35E5F1DA-E008-4B0E-AB62-FE4719BD301B,,133.075,133.075,,,F75FA07D-BBE0-4CA6-9AFF-806D3FFF1D46,1,BLANK,0,0,1,0,1,0
4368,E1E62B07-A46F-4B6A-9569-D957773AD135,,276.4,276.4,,,F75FA07D-BBE0-4CA6-9AFF-806D3FFF1D46,1,BLANK,0,0,1,0,1,0
4369,5E6E7B40-B027-481A-9010-E9A47F09A2F3,,125.425,125.425,,,0DC7FE69-4FFE-4A20-BD5B-13990D1D9EC8,1,BLANK,0,0,1,0,0,0
4370,854BE724-2B40-4D77-866D-D717226FADAB,,243,243,,,D5380148-28EF-4783-A578-8FF8232D0429,2,BLANK,0,0,1,0,0,0
4371,16B8D864-AC6A-4F67-B466-67B260EEC512,,121.5,121.5,,,C7705341-D282-4B97-B4F8-A6CC4E484337,2,BLANK,0,0,1,0,0,0
4372,4745E899-3135-436B-A005-0DE0B9C87FA5,,133.525,133.525,,,16F8C38E-5F86-4408-9AB6-848A1C2D00DB,1,BLANK,0,0,1,0,0,0
4373,EFEC870F-18D4-42CB-995A-365F51B31C3A,,263.025,263.025,,,16F8C38E-5F86-4408-9AB6-848A1C2D00DB,1,BLANK,0,0,1,0,0,0
4374,94B01444-2E7F-49F4-961F-C9A3A0ECBC56,,243,243,,,86370861-934E-4587-A32C-5936042FE67D,2,BLANK,0,0,1,0,0,0
4375,B9F9A30A-2D4A-40C9-9B34-D67CFE2556A0,,269.475,269.475,,,86370861-934E-4587-A32C-5936042FE67D,0,BLANK,0,0,1,0,0,0
4376,202E1F86-F433-44A1-855E-B84B6C18EFF1,,121.075,121.075,,,AACE2D28-417E-48CF-94EF-796F46539BA9,1,BLANK,0,0,1,0,0,0
4377,1DD82BA0-42AD-40CD-80DE-A3C2E68F9598,,307.325,307.325,,,AACE2D28-417E-48CF-94EF-796F46539BA9,1,BLANK,0,0,1,0,0,0
4378,BEFDB8EB-92C9-4E72-B9E7-FDFDB8303DE9,,120.6,120.6,,,5F65D1C8-0F0C-4ED6-B9AE-13A5A9FBCFC6,0,BLANK,0,0,1,0,0,0
4379,917628F6-FEA1-486A-AB45-73AA1D45D9CE,,379.275,379.275,,,5F65D1C8-0F0C-4ED6-B9AE-13A5A9FBCFC6,0,BLANK,0,0,1,0,0,0
4380,AB7111DD-5245-418A-AB32-D1838B2C0B59,,269.625,269.625,,,52850AC2-1349-4B5A-B347-75A73E2D0AD1,1,BLANK,0,0,1,0,0,0
4381,6F33703E-FEFA-4572-A9D0-C82C636D4594,,119.375,119.375,,,4AF9E58A-0E21-4DDA-A776-72C112B076A4,1,BLANK,0,0,1,0,0,0
4382,D654EBE0-4CCC-4638-8519-42F00DD345DE,,235.975,235.975,,,4AF9E58A-0E21-4DDA-A776-72C112B076A4,1,BLANK,0,0,1,0,0,0
4383,4DB4867B-4226-452B-8B68-8539D08B59E9,,127.55,127.55,,,6E155DAE-9F6E-4735-9370-5496A3C63F3B,0,BLANK,0,0,1,0,0,0
4384,72E8F9CF-3C58-4D61-9FC2-47A049D3ADB1,,125.675,125.675,,,B9CB196B-D951-4D8F-B4B4-5A3015E4563C,1,BLANK,0,0,1,0,0,0
4385,92F8D987-D4DD-4600-AB43-9A38BBE997D6,,257.775,257.775,,,B9CB196B-D951-4D8F-B4B4-5A3015E4563C,1,BLANK,0,0,1,0,0,0
4386,4316B670-9C91-47FC-88CB-537D7C41F169,,354.05,354.05,,,B9CB196B-D951-4D8F-B4B4-5A3015E4563C,0,BLANK,0,0,1,0,0,0
4387,7C08D30B-0AEC-416D-8BE4-4811EB5BF768,,135.4,135.4,,,7FFD0B58-0F60-4912-B2E7-719874F55B12,1,BLANK,0,0,1,1,0,0
4388,53E7EA94-2AD1-4269-8455-DDC596A86C16,,127.075,127.075,,,E55EA474-6766-4536-AC15-4652354770D7,1,BLANK,0,0,1,1,0,0
4389,5A6129EB-C233-4B02-9B97-2BE4091720CA,,276.4,276.4,,,E55EA474-6766-4536-AC15-4652354770D7,1,BLANK,0,0,1,1,0,0
4390,080AA2FF-67F6-49C3-8D24-15BA92514AAF,,133.425,133.425,,,D0486F7F-BC20-4AA2-84D7-1F45931897DA,1,BLANK,0,0,1,1,0,0
4391,93EBD5A2-E02C-4837-9C63-D4CB775ACE39,,363.05,363.05,,,D0486F7F-BC20-4AA2-84D7-1F45931897DA,1,BLANK,0,0,1,1,0,0
4392,F49496E3-4EA0-466E-A665-9FB155812FE5,,257.775,257.775,,,40263627-B660-44C5-AAC2-1FF7CFB78BD1,1,BLANK,0,0,1,1,0,0
4393,B12DAC9D-FF26-48BF-8B65-0EBED10F317A,,127.075,127.075,,,4B31C035-7CF3-4946-8E11-284AED044CDD,1,BLANK,0,0,1,1,0,0
4394,F44CBD42-AFA5-4177-BB2B-F3DB97BA513C,,276.4,276.4,,,4B31C035-7CF3-4946-8E11-284AED044CDD,1,BLANK,0,0,1,1,0,0
4395,934299C3-43A5-4A26-A788-47C87BD775CE,,256.875,256.875,,,077909CB-9BF6-4E96-AA09-5DE25F29D35A,0,BLANK,0,0,1,1,0,0
4396,21F74A79-440D-4024-ACC7-22F19BF3F2D7,,124.225,124.225,,,DBA1FBD2-A79C-4EE0-AE40-0DFCABD79CAF,3,BLANK,0,0,1,1,0,0
4397,35D5007E-877B-49C6-B022-85D868CB1D7C,,282.225,282.225,,,DBA1FBD2-A79C-4EE0-AE40-0DFCABD79CAF,3,BLANK,0,0,1,1,0,0
4398,E24AE901-98FF-4572-B2B1-633EEDD2A5BF,,119.575,119.575,,,AF6BA91C-FAE8-4E64-9B13-B044FD43E9CA,,BLANK,0,0,1,0,0,0
4399,0B636925-E110-49C2-85FF-74EF21FEE1CE,,120.575,120.575,,,26B5F1E5-9950-430D-9249-2B979C409028,1,BLANK,0,0,0,1,0,0
4400,E9F61542-7A9C-42E4-933D-7D44F7801FCA,,227.125,227.125,,,26B5F1E5-9950-430D-9249-2B979C409028,1,BLANK,0,0,0,1,0,0
4401,037A25FF-926D-49DF-84F0-E1F42277C815,,120.575,120.575,,,EACE71FD-A6A3-4A75-9303-682D2700C3C5,1,BLANK,0,0,0,1,0,0
4402,1529AE7D-7F6D-4016-9875-805351D0C457,,227.125,227.125,,,EACE71FD-A6A3-4A75-9303-682D2700C3C5,1,BLANK,0,0,0,1,0,0
4403,A6C50AED-B23F-4B55-BDFA-628CBA55D076,,132.85,132.85,,,AE968CCD-1887-4CDC-A77E-4CF9679A2A79,1,BLANK,0,0,0,1,0,0
4404,14AE252E-103D-4D7D-B981-247D33934E40,,306.9,306.9,,,AE968CCD-1887-4CDC-A77E-4CF9679A2A79,1,BLANK,0,0,0,1,0,0
4405,CE9A357D-48F2-4EAA-81D7-8366D09BFCA3,,123.85,123.85,,,C71B0CB3-598B-4F16-9F22-AEFF3370D0E4,0,BLANK,0,0,1,0,0,0
4406,8A04D2F5-80D4-470F-92A2-F899A36FE296,,279.65,279.65,,,C71B0CB3-598B-4F16-9F22-AEFF3370D0E4,0,BLANK,0,0,1,0,0,0
4407,B689F851-5565-46CD-80A3-DB815FC192CE,,124.775,124.775,,,637AF09D-CE39-4CEA-8714-224AD2C7CCB6,3,BLANK,0,0,1,1,0,0
4408,2AC7EC4E-4687-4C61-B500-46B652016912,,269.075,269.075,,,637AF09D-CE39-4CEA-8714-224AD2C7CCB6,3,BLANK,0,0,1,1,0,0
4409,DAD6232C-28F0-4048-8561-D95D8E350BD2,,269.7,269.7,,,637AF09D-CE39-4CEA-8714-224AD2C7CCB6,3,BLANK,0,0,1,1,0,0
4410,4DD7E962-2DEF-49A9-94B3-4C47C47378F8,,127.95,127.95,,,80190BD7-35A9-4B6F-A954-4554ABC8A925,1,BLANK,0,0,1,1,0,0
4411,F37E9150-DB0D-4007-9E4C-DFD4893CC231,,338.2,338.2,,,80190BD7-35A9-4B6F-A954-4554ABC8A925,0,BLANK,0,0,1,1,0,0
4412,20F5EC15-1F41-4532-AF46-B4BF0E2CD8EA,,125.675,125.675,,,2806EB34-3D1D-4FD8-ABA2-A3D8C827261B,1,BLANK,0,0,1,1,0,0
4413,2ECF207A-9E74-41AD-AE11-DF15AD4F7566,,127.075,127.075,,,3A806893-7668-4372-B67E-4BA9BEE6A81A,0,BLANK,0,0,1,1,0,0
4414,5C82EE76-B939-45BD-87A5-1A5221C0FE2E,,244.875,244.875,,,3A806893-7668-4372-B67E-4BA9BEE6A81A,0,BLANK,0,0,1,1,0,0
4415,469DEB26-0790-4A56-AE72-C44F302DC7F7,,127.075,127.075,,,577556D4-5B84-42B2-8357-5B499E1E389A,0,BLANK,0,0,1,0,0,0
4416,203E6FFE-1FDB-406B-8669-046441E652B7,,244.875,244.875,,,577556D4-5B84-42B2-8357-5B499E1E389A,0,BLANK,0,0,1,0,0,0
4417,EB5A5F11-1827-4762-B4C8-FB79BB7CD955,,127.075,127.075,,,69C0AEFD-8D93-40D5-BD7D-0637DFEF3611,,BLANK,0,0,1,0,0,0
4418,D45DA69F-9150-43A8-963E-98709D25CAC2,,133.9,133.9,,,A27CDBBD-27FB-44BC-9665-0EB7DA8578F7,0,BLANK,0,0,1,0,1,0
4419,10ABCF1E-21AA-4763-9B4F-50240D45BED5,,281.4,281.4,,,A27CDBBD-27FB-44BC-9665-0EB7DA8578F7,0,BLANK,0,0,1,0,1,0
4420,716D9B68-72C7-4A2C-BEC2-529ABA4CC406,,127.15,127.15,,,2E4230FC-9446-4638-B900-FBCA053146B5,0,BLANK,0,0,1,0,1,0
4421,F5B8B7A5-6E11-418A-AC34-E1350A5E6F75,,314,314,,,2E4230FC-9446-4638-B900-FBCA053146B5,0,BLANK,0,0,1,0,1,0
4422,A175060A-18B4-481E-BA22-7B7D606196C8,,128.6,128.6,,,4040A782-E155-40DD-89FA-15388A4D260B,0,BLANK,0,0,1,1,0,0
4423,7189F6A0-9895-4018-9CB6-384E90569871,,226.675,226.675,,,4040A782-E155-40DD-89FA-15388A4D260B,0,BLANK,0,0,1,1,0,0
4424,D795D2CE-038C-4D3F-A826-5DFC5D68F0BB,,118.025,118.025,,,9C544E94-8464-418B-B6AE-0CD7BE029CC2,1,BLANK,0,0,1,0,0,0
4425,70DFE197-9FFA-4031-866A-A5C25AC4ED19,,121.5,121.5,,,9C544E94-8464-418B-B6AE-0CD7BE029CC2,2,BLANK,0,0,1,0,0,0
4426,E5F8BE8D-E6CF-4B2E-B089-7AB393D673C8,,133.275,133.275,,,9C544E94-8464-418B-B6AE-0CD7BE029CC2,1,BLANK,0,0,1,0,0,0
4427,A61DF8FF-C169-4DC8-86F1-1A405A6A5CAA,,226.675,226.675,,,9C544E94-8464-418B-B6AE-0CD7BE029CC2,0,BLANK,0,0,1,0,0,0
4428,7D99008D-521A-4DD8-90E1-BB36517F4127,,243,243,,,9C544E94-8464-418B-B6AE-0CD7BE029CC2,2,BLANK,0,0,1,0,0,0
4429,A55EB087-CBF6-49C9-B654-EBD5E76EFC87,,259.1,259.1,,,9C544E94-8464-418B-B6AE-0CD7BE029CC2,1,BLANK,0,0,1,0,0,0
4430,138F626F-84DF-4B3B-97F9-57726E45C678,,371.9,371.9,,,9C544E94-8464-418B-B6AE-0CD7BE029CC2,1,BLANK,0,0,1,0,0,0
4431,D2B9A5FA-5C83-4DC7-8385-AC38BF6DC104,,121.925,121.925,,,1FCB308C-7B97-4042-A140-C8DF1BCA5FE5,3,BLANK,0,0,1,0,0,0
4432,5993221C-1371-452B-9F70-2741389F9165,,235.625,235.625,,,1FCB308C-7B97-4042-A140-C8DF1BCA5FE5,1,BLANK,0,0,1,0,0,0
4433,390E80F0-0FBD-4853-9F13-87626F98600F,,346.375,346.375,,,1FCB308C-7B97-4042-A140-C8DF1BCA5FE5,3,BLANK,0,0,1,0,0,0
4434,405CBBD6-025D-43DB-B8AC-FCF509FF4495,,243,243,,,1A29A294-E6DA-4F55-A665-75C47CB96E50,2,BLANK,0,0,1,0,0,0
4435,3D592508-6A00-4788-BE99-F3429F3E057B,,307.25,307.25,,,CB8505CA-ECBB-40FB-A3CA-9C0FD535C267,0,BLANK,0,0,1,0,1,0
4436,28FD4109-AE1C-48AC-97BB-885F2AC0AC58,,243,243,,,3701B7DF-39FD-4F98-A970-B5D9940CDE18,2,BLANK,0,0,1,0,0,0
4437,8F9BECF0-9629-4A6E-A247-B6ADA82DB726,,279.65,279.65,,,3701B7DF-39FD-4F98-A970-B5D9940CDE18,2,BLANK,0,0,1,0,0,0
4438,1C8C80B3-0634-4DC0-B10F-1AE34686C9F4,,317.725,317.725,,,3701B7DF-39FD-4F98-A970-B5D9940CDE18,1,BLANK,0,0,1,0,0,0
4439,D5A7F9D8-D891-49FD-A61B-2B66E18A8BEF,,317.45,317.45,,,683F2AA0-7B05-4211-B4F5-141901FBA790,1,BLANK,0,0,0,1,0,0
4440,D9DBA976-B4FE-4B6A-B882-5BD418C22031,,352,352,,,E6F651E7-3E67-4452-8B58-1861F8A2FC3D,0,BLANK,0,0,1,0,0,0
4441,C32D8C2F-BCA1-4BBB-B1F3-11EC20706913,,122.2,122.2,,,4AEFF50A-89F8-4F9E-A157-1F30E158F56E,2,BLANK,0,0,1,1,0,0
4442,3FF7BA40-B4BE-42B2-A429-C8EACE5BE073,,122.3,122.3,,,8625F10B-F593-4EB0-8E93-3221ACDF4C96,2,BLANK,0,0,1,1,0,0
4443,7D4B19CC-9CB7-4FB8-A37D-B2178012AE34,,122.3,122.3,,,A4E504C2-7B4C-4713-B9E6-94B61BC78B86,2,BLANK,0,0,1,1,0,0
4444,A02EB62F-8E4B-4D89-B9C9-E661B9085CF8,,122.2,122.2,,,F404C325-172A-43F9-B6FE-4F50A156D61F,2,BLANK,0,0,1,1,0,0
4445,B0EB5AC0-D7EF-478C-90AB-D9383E866D5D,,122.4,122.4,,,144318DA-A0D6-4AB9-AC65-74687973BA7F,2,BLANK,0,0,1,1,0,0
4446,38A273E3-9CAC-4B03-8A59-A6F646E13819,,122.3,122.3,,,49DBA674-4172-4353-8D6E-15C97D07EF0D,2,BLANK,0,0,1,1,0,0
4447,56D4C14A-CEAD-43DF-801F-6D598EC5CBB6,,122.6,122.6,,,E2BBB572-87AB-4FA5-8898-BCA8821CC252,2,BLANK,0,0,1,1,0,0
4448,9C0F31A9-C9D1-4E30-8831-CDCA10BC5D9F,,122.4,122.4,,,F44C3165-CCBF-40F8-B36F-C0B00CCD6F59,2,BLANK,0,0,1,1,0,0
4449,FE6A2498-529E-4B6E-8163-C54B27AE71DF,,122.2,122.2,,,E2216CCE-6D8F-419B-BA50-53964A1C5E05,2,BLANK,0,0,1,1,0,0
4450,0EF9483B-9114-42BF-9192-890B0F0D60A7,,122.4,122.4,,,B1AB9EBB-5484-41F8-9827-1D7699A3BE9E,2,BLANK,0,0,1,1,0,0
4451,B8423AE0-FC48-4C2A-846B-767AC629BF93,,122.3,122.3,,,8D9722E0-B0F8-4BE1-8858-157D29AFE0FA,2,BLANK,0,0,1,1,0,0
4452,ED285F45-CA68-4AD3-AFD1-12B0B67E00F6,,122.5,122.5,,,659F916F-467C-4949-B10C-DD378BFEB7AA,2,BLANK,0,0,1,1,0,0
4453,95E22FA6-36D1-42D4-9BEE-7AC8CF9DAFF2,,122.2,122.2,,,05955725-C31F-444B-8C7E-413723F7551D,2,BLANK,0,0,0,1,0,0
4454,AF593EA2-8BA6-452F-BFDD-025CAD6433F0,,122.5,122.5,,,8B4B0F41-7050-4707-8841-BFF5E8F1D4F5,2,BLANK,0,0,1,1,0,0
4455,89A11B28-D49A-41C7-9B9E-4CF5A0DFDC3B,,122.3,122.3,,,2135F164-A50A-44F7-8D26-3A153A25D26C,2,BLANK,0,0,0,1,0,0
4456,65363C08-B9E9-41F0-BBA2-DDBBFFD685C1,,122.4,122.4,,,89B7442C-6981-43BC-99DA-1BE6A57A216E,2,BLANK,0,0,0,1,0,0
4457,813AC99B-1345-45BC-A5F4-8DDD9FDC7576,,122.2,122.2,,,13DBC790-EF38-4AD3-83F7-4D84D6BFCE40,2,BLANK,0,0,0,1,0,0
4458,8CCF2E8A-38C1-45B7-9BE6-87270827BD22,,122.4,122.4,,,C005EA23-9380-41DC-91A9-302092A0881B,2,BLANK,0,0,1,1,0,0
4459,EB72A938-0F2F-4E14-84FB-EAB8F4EE612A,,122.2,122.2,,,B0C17CDE-E99A-4A51-83DA-F99D5628D147,2,BLANK,0,0,1,1,0,0
4460,A30F30E9-6638-4D18-A88F-8DB65B93F78D,,122.2,122.2,,,7176797A-9B1D-4972-90BA-19980BDA9920,2,BLANK,0,0,1,1,0,0
4461,30324A00-6545-4F88-B249-1D6AAD78B41C,,122.4,122.4,,,2CA42BBC-3B53-43E3-85FC-34775E557182,2,BLANK,0,0,0,1,0,0
4462,1C67925A-CA35-41C0-A740-32C7B78D4117,,122.3,122.3,,,63C9551C-A25B-45BC-ACD5-85339DB9667F,2,BLANK,0,0,1,1,0,0
4463,F86F31B2-E0CF-43A1-AB5D-A3D5D832ADB1,,122.2,122.2,,,1006EB5F-2B79-466B-9C85-D33540A5F58C,2,BLANK,0,0,1,1,0,0
4464,0C1A5A54-7906-4636-BAFC-8EB4CC56981F,,111.1,111.1,,,0EA459AE-A242-4F69-9155-0E2512414001,,BLANK,0,0,1,0,0,0
4465,A4191867-2EAE-47BF-859A-4876F1FBEA38,,111.1,111.1,,,C42F6B05-6A3C-4B48-BD2C-0194C5687D85,,BLANK,0,0,1,0,0,0
4466,F93AC730-77CE-478E-9ECC-421425742EAE,,239.05,239.05,,,252050AA-D1AF-4383-BADD-5042E32D71CC,1,BLANK,0,0,1,1,0,0
4467,726E639F-C11D-42DA-B0B7-7C206AC78CB3,,122.4,122.4,,,55E5A8D8-8DEC-4B77-ADFA-B84B007BE869,2,BLANK,0,0,1,1,0,0
4468,BE624CCD-90E5-43BA-AE87-8EB20E744F17,,122.6,122.6,,,09E5E7DB-F99E-4737-B278-FF9AD6104208,2,BLANK,0,0,1,1,0,0
4469,EC976B80-0F47-40A4-A9F6-6BC76F08E2D8,,122.5,122.5,,,05694551-AAD3-4F19-B3FD-AB51402580D2,2,BLANK,0,0,1,1,0,0
4470,0FB0198A-4683-4CAB-921D-710F03CB507B,,122.4,122.4,,,3E9EBE50-3A83-4A07-8E35-A6D60917FAD7,2,BLANK,0,0,1,1,0,0
4471,280B090E-05FA-4E03-981D-0F87472ED0F6,,122.3,122.3,,,27FA8915-8653-4313-88A1-0E3A796F3E6C,2,BLANK,0,0,1,1,0,0
4472,3E528129-82CB-4B35-997E-FB06B224B585,,122.2,122.2,,,088E793A-F865-4771-8A77-D35CB196FA98,2,BLANK,0,0,1,1,0,0
4473,B8BE2739-6367-4D81-9555-7090C1909E7E,,124.85,124.85,,,309E4E62-40DD-4A6B-B8E2-6E6F8E63A970,0,BLANK,0,0,1,1,0,0
4474,68AE5D77-5C02-4863-9318-9E3CD2766F60,,135.15,135.15,,,309E4E62-40DD-4A6B-B8E2-6E6F8E63A970,1,BLANK,0,0,1,1,0,0
4475,7ECD99C4-0346-42F5-9377-963240B65A51,,306.3,306.3,,,309E4E62-40DD-4A6B-B8E2-6E6F8E63A970,0,BLANK,0,0,1,1,0,0
4476,9C506B1A-5829-4CD8-9933-7F2FACB9101C,,360.7,360.7,,,309E4E62-40DD-4A6B-B8E2-6E6F8E63A970,1,BLANK,0,0,1,1,0,0
4477,E897FCF2-7110-4FF0-9760-95D6F4C70DC3,,122.4,122.4,,,2DC96FF5-F634-4C21-9D67-78EC9CFD171B,2,BLANK,0,0,1,1,0,0
4478,8D3EFA86-CDB3-44F2-BB71-E1078431FC19,,122.3,122.3,,,7D4EC443-CF5E-4C1D-A50E-AAA222C401BF,2,BLANK,0,0,1,1,0,0
4479,C81EB641-6768-40DB-A6CA-3F4AAFDAF356,,122.3,122.3,,,104EA997-AA95-4AA4-8C5E-A5B2007DDA97,2,BLANK,0,0,1,1,0,0
4480,67000BA7-A9BF-4769-996A-BF7D93864E90,,122.3,122.3,,,EC74B165-F739-4936-A073-ABAACB6D2F72,2,BLANK,0,0,1,1,0,0
4481,D87A40E6-8E96-4B24-86E7-CFF51DD2F646,,122.2,122.2,,,E3B45B1F-1665-404E-B62E-229C0994B4A8,2,BLANK,0,0,0,1,0,0
4482,54F7FE6A-520D-4CB5-A0B7-DF9AAEFD1EEA,,122.2,122.2,,,DF27B6CD-75EB-4C55-91F7-E768DFF9CEB0,2,BLANK,0,0,0,1,0,0
4483,832C3180-4BFA-4380-A0F5-B00B26A7DD51,,122.4,122.4,,,DF202186-ED50-41EB-9B3D-3CC7FB4C7251,2,BLANK,0,0,0,1,0,0
4484,FF806DF6-ACFC-409F-ABBF-3CEAC0834227,,122.6,122.6,,,E02F200F-EE85-4C25-B1ED-D710489ECF7D,2,BLANK,0,0,1,1,0,0
4485,745B8A76-DC3C-48E4-991E-7DEDB187E04F,,122.3,122.3,,,A231DF65-F607-452A-A99D-EA093F1CCBCA,2,BLANK,0,0,1,1,0,0
4486,A2D8C583-9F89-435D-B3E6-2A95FE239487,,122.2,122.2,,,28655D55-01BB-4069-A8E9-6178ECEA019B,2,BLANK,0,0,1,1,0,0
4487,8E66EE73-B85F-4A60-B9F4-C6E7050D6485,,122.6,122.6,,,26AE7CE3-AFD2-48F6-B3C6-1B4393E44806,2,BLANK,0,0,0,1,0,0
4488,E0E1C5F6-E16A-4607-BAFB-D42C64C3ADCC,,122.6,122.6,,,EFEE3485-ED0C-4C74-AD06-B40C2FD5B8F4,2,BLANK,0,0,1,1,0,0
4489,37FFCDD8-101F-4C80-BCA8-02BF4E71966B,,122.2,122.2,,,1D411429-E992-4C45-973B-32E7CCDDCE7B,2,BLANK,0,0,0,1,0,0
4490,A968C32D-A101-4719-AEB1-D49F700C5DBC,,122.2,122.2,,,3968A8BC-BBBB-41C3-A2FF-A53222977C74,2,BLANK,0,0,0,1,0,0
4491,E572DBB7-E6DE-443E-BA91-21156C893A35,,122.2,122.2,,,72371BC1-49E8-461F-A085-630259B7511F,2,BLANK,0,0,0,1,0,0
4492,EC68C920-5A4D-4813-B531-F92A11147D63,,122.4,122.4,,,28ACF3B9-DDEB-46F4-9BA8-A9A04B4EEDBE,2,BLANK,0,0,0,1,0,0
4493,5A43249B-2504-467E-9B6C-0E03929EFA58,,269.375,269.375,,,A8517EA2-AC9C-4E73-8FEF-96FAAB0AE087,0,BLANK,0,0,1,1,0,0
4494,1F56E685-2E5F-4BE9-997F-BA0B12F8AAF7,,122.6,122.6,,,737AB812-6F12-400E-A7F4-3F2AB46E1C1D,2,BLANK,0,0,0,1,0,0
4495,874A0754-4D4C-48D3-841A-40A08F6DFDC1,,122.4,122.4,,,1FF686A9-AC7A-46D9-B52C-23521C13B900,2,BLANK,0,0,1,1,0,0
4496,3A83C6C3-B321-4210-B407-A6684D10EFC4,,122.2,122.2,,,0929E07A-BEF0-4FC5-9027-1311B4F96646,2,BLANK,0,0,1,1,0,0
4497,8F30E73A-81FD-4A50-BDEB-496637407EF9,,122.6,122.6,,,81DB5EA9-0215-4FFC-A715-616279085C6A,2,BLANK,0,0,1,1,0,0
4498,FDFA95C0-56A9-45D9-B033-92A0D773E25A,,122.4,122.4,,,937E66F3-F90C-49AC-8BC1-A5E197B63FD5,2,BLANK,0,0,1,1,0,0
4499,CE6BF67F-9207-4242-A1FF-F2A3775BC814,,122.6,122.6,,,CD03281D-AA19-481A-9DA4-D5D6BD6EBBAA,2,BLANK,0,0,1,1,0,0
4500,623FBC16-757D-4561-8DFC-F2E8D591DBE1,,122.6,122.6,,,A0658320-BA56-4762-B94B-1E962AD259DA,2,BLANK,0,0,1,1,1,0
4501,B9C6336A-9F4B-4A8A-AD44-94B619943ECA,,122.5,122.5,,,31527EF0-EE96-4185-9F35-F7E64CF5AF45,2,BLANK,0,0,0,1,0,0
4502,F62C0C69-D845-4D1A-AA8B-3022A0E93C82,,122.2,122.2,,,1BD99F0E-B8DF-4AA2-AAC0-AF6459C27D27,2,BLANK,0,0,1,1,0,0
4503,63A5C167-3ADD-48DE-967A-83A604FAA2E4,,122.2,122.2,,,6BEDFB2F-EA79-4CD3-A335-9ACBBD02DD5E,2,BLANK,0,0,1,1,0,0
4504,44E138A7-7823-4C0E-9314-94D90C48844C,,122.5,122.5,,,FCE3D940-5039-4929-9037-0F58FCEEC8E8,2,BLANK,0,0,1,1,0,0
4505,AADE592B-298D-4814-BDA1-FD4EF5BA0890,,122.2,122.2,,,21068944-BBBE-45C0-80D6-1BB60F4BF32C,2,BLANK,0,0,1,1,0,0
4506,276AC812-0AC6-404E-9E4B-8350F856B10E,,122.3,122.3,,,A2FF9C37-4C9F-4AA1-8753-E3159198195E,2,BLANK,0,0,1,1,0,0
4507,624D0F22-FEAC-416B-A16B-379403047BD2,,122.2,122.2,,,F328F85A-22AF-4B5C-A10D-B49CE195888A,2,BLANK,0,0,1,1,0,0
4508,4055C01A-66E6-4605-874E-DFC5646280EF,,122.3,122.3,,,DC48603A-08CA-4844-B22F-DF427AA10050,2,BLANK,0,0,1,1,0,0
4509,631B8816-4B58-4E46-A62D-04B1761BB56D,,122.4,122.4,,,215D7D65-6FF4-481B-89CA-7FC40907FA3A,2,BLANK,0,0,1,1,0,0
4510,8E67926C-3B34-4535-B496-AA93357022BE,,122.2,122.2,,,23B8D77C-DDA5-4A89-A99E-D03DFEDF4552,2,BLANK,0,0,1,1,0,0
4511,1816B2C4-A0A4-4523-894F-31EC322840E9,,122.2,122.2,,,096C8773-987B-4D81-9EED-93D8F3A0EF26,2,BLANK,0,0,1,1,0,0
4512,D2447FF9-6465-4C69-8EC6-61B2B8C779B8,,122.4,122.4,,,1333089F-180C-41F3-A031-53740D915BF7,2,BLANK,0,0,1,1,0,0
4513,562D909F-85D6-49F5-8881-8B7D8901C3AB,,122.2,122.2,,,71C68E99-F233-435B-989F-25FA25186912,2,BLANK,0,0,1,1,0,0
4514,E94B9572-3042-409B-80A9-83A27F15B3FC,,122.3,122.3,,,6B86655C-3FA3-4AFC-A0D7-BDA787EDD929,2,BLANK,0,0,1,1,0,0
4515,663A4A11-40F1-437E-9D8A-6929B5DABABE,,122.3,122.3,,,AC607467-E429-4EAA-9EDE-A2D20AB49438,2,BLANK,0,0,1,1,0,0
4516,0327C8D2-5B8C-4AD9-A2B9-3282E6BB5AB1,,122.4,122.4,,,A5D0999C-B1B9-4F51-8567-678611212423,2,BLANK,0,0,0,1,0,0
4517,82676170-89AF-4AF8-8F60-6EB6E04AFEE3,,122.3,122.3,,,E2C3AA4E-5884-420F-BA5F-46506C2189CB,2,BLANK,0,0,1,1,0,0
4518,2AADC8A7-7B08-4FE5-B342-83C5306A4540,,122.3,122.3,,,2146B116-A9FB-4F60-B86D-A4789F93CC40,2,BLANK,0,0,0,1,0,0
4519,B2B9B98A-9FBF-44A2-8ABF-7B153A6B4793,,122.3,122.3,,,EAE35C86-A18D-4352-A4DE-EC77C8AEBF3B,2,BLANK,0,0,1,1,0,0
4520,F5E47D82-8AA2-4143-8741-96EBA59A189A,,122.2,122.2,,,4B9B11E4-8208-4988-92E4-9F1E36BAA5CB,2,BLANK,0,0,1,1,0,0
4521,A6C7623D-0A97-471D-A4A2-365669CB5210,,122.5,122.5,,,424A3EF1-E7F6-4E06-82CC-760C75EB6848,2,BLANK,0,0,1,1,0,0
4522,944BF0AA-0DE7-4A67-9A11-33D5CAE988E4,,121.5,121.5,,,00B36A45-1B07-4F67-A2CE-6705230EC2FE,2,BLANK,0,0,1,1,0,0
4523,3D2A9A6E-9C11-40C5-A6EE-0AA12591FE97,,127.85,127.85,,,00B36A45-1B07-4F67-A2CE-6705230EC2FE,0,BLANK,0,0,1,1,0,0
4524,9491B393-A9ED-481C-B220-2AEFC9486E78,,132.125,132.125,,,00B36A45-1B07-4F67-A2CE-6705230EC2FE,1,BLANK,0,0,1,1,0,0
4525,4D5450FE-0844-49C8-AEE9-FCA41646B9EF,,134.75,134.75,,,00B36A45-1B07-4F67-A2CE-6705230EC2FE,1,BLANK,0,0,1,1,0,0
4526,3177F6EC-64D4-4640-A0F4-6A451CF81CD2,,239.25,239.25,,,00B36A45-1B07-4F67-A2CE-6705230EC2FE,1,BLANK,0,0,1,1,0,0
4527,BB313119-CE3C-4C08-8298-35A57ACA8184,,243,243,,,00B36A45-1B07-4F67-A2CE-6705230EC2FE,2,BLANK,0,0,1,1,0,0
4528,EA159948-4A23-4D91-B136-EC8D543BEFEA,,285.475,285.475,,,00B36A45-1B07-4F67-A2CE-6705230EC2FE,0,BLANK,0,0,1,1,0,0
4529,CBE48CA6-21F2-4D7D-AADA-5B6368655715,,307.05,307.05,,,00B36A45-1B07-4F67-A2CE-6705230EC2FE,1,BLANK,0,0,1,1,0,0
4530,3504462F-E602-46B9-98A1-898DC508CB7D,,134.15,134.15,,,FC92F7C0-DEED-44FA-A02D-5DEEF6FCC702,2,BLANK,0,0,1,1,0,0
4531,5BC33165-2D19-476C-A2E0-C7D94EAF9AC0,,355.6,355.6,,,FC92F7C0-DEED-44FA-A02D-5DEEF6FCC702,2,BLANK,0,0,1,1,0,0
4532,04E8A427-780A-49E2-B4EF-31C6457E04D5,,122.6,122.6,,,589D1257-3A7A-4D6E-A7E0-2AEAEDC83335,2,BLANK,0,0,1,1,0,0
4533,3DB4B146-60B7-483D-8505-DCB77BB3B3A0,,122.4,122.4,,,AEAD3C62-B785-4D9A-A1E9-D6159EADE4DF,2,BLANK,0,0,0,1,0,0
4534,35D4F2FE-F656-4A8F-B5EF-E477A3ED8FEB,,122.2,122.2,,,6173D6CE-9841-4705-AD76-AE88F443007D,2,BLANK,0,0,1,1,0,0
4535,E2DCB84E-767E-4480-9573-491D40A88CDA,,122.4,122.4,,,5CE8FD8C-BD3D-4727-8581-E418F959718D,2,BLANK,0,0,1,1,0,0
4536,EC1D899E-0AC2-43F6-8A56-94BC0AE29DA5,,122.4,122.4,,,308CB513-32A4-41DE-9C64-5A2EC2120426,2,BLANK,0,0,1,1,0,0
4537,5CFC2186-E5FA-43FE-9DBB-4E0B616D848C,,122.2,122.2,,,6C8D0E4B-7772-4E3D-B986-364253E23F91,2,BLANK,0,0,1,1,0,0
4538,6E90EEFC-6BAC-4108-B48E-0B11EA2FF007,,122.3,122.3,,,66F065C1-B3E2-49DD-9653-788F6E21AB07,2,BLANK,0,0,0,1,0,0
4539,A16365A1-625D-4C39-8DA2-2F20BDD1BD15,,122.6,122.6,,,742A5337-B936-43F4-A641-1F8013A14196,2,BLANK,0,0,1,1,0,0
4540,CDBEFCB7-A07E-4769-BDE8-E98A6E79841E,,122.4,122.4,,,183ADC09-BDF0-4409-9831-B5ECC7BE070D,2,BLANK,0,0,0,1,0,0
4541,264E75D4-941A-4A35-9FE2-51B1B698C020,,122.3,122.3,,,3D431F37-EB0A-4E96-BE9F-D2DA6304F1EA,2,BLANK,0,0,1,1,0,0
4542,7DEAD6A0-F371-413C-86FE-CB183720BA8E,,122.5,122.5,,,98846491-F735-4EFA-8212-6DC1F0283D0E,2,BLANK,0,0,1,1,0,0
4543,59E8FE0B-D911-4471-8B15-851A99F35CEA,,126.225,126.225,,,CA201628-9877-4EBF-84F9-8F0AC34B0867,1,BLANK,0,0,1,1,0,0
4544,8174F807-A282-4AB0-A5A0-79B6BEB234E9,,128.2,128.2,,,CA201628-9877-4EBF-84F9-8F0AC34B0867,1,BLANK,0,0,1,1,0,0
4545,2E916BBE-5EA6-4CE9-A9B8-20B1F23E3895,,285.5,285.5,,,CA201628-9877-4EBF-84F9-8F0AC34B0867,1,BLANK,0,0,1,1,0,0
4546,A4BB2549-041A-4DC4-8A06-406AF5BCE07E,,121.5,121.5,,,88EBC177-E37A-4127-BA42-2F3FAC75316D,2,BLANK,0,0,1,0,0,0
4547,F484B193-DFC9-43EB-91FC-F3666D7B1B65,,243,243,,,88EBC177-E37A-4127-BA42-2F3FAC75316D,2,BLANK,0,0,1,0,0,0
4548,AB1F2713-2297-437B-99BF-C98AA58C5C15,,119.25,119.25,,,7695C674-F01D-43E6-8990-32E7B57323C6,,BLANK,0,0,1,0,0,0
4549,F425B608-1DF9-4F80-A238-075FDA33B233,,122.3,122.3,,,5FDD328D-FBBB-4586-BF07-1A1547027F63,2,BLANK,0,0,0,1,0,0
4550,0213DADC-1403-4E16-BB3B-C97819E8248D,,122.4,122.4,,,B6D79FFD-73D0-4B7E-AEF5-68C7CF64D286,2,BLANK,0,0,0,1,0,0
4551,A1107AF9-0265-490E-AC65-1EDE9E99AE9B,,122.3,122.3,,,427920C2-7C04-41A5-8B96-318D3A82BB92,2,BLANK,0,0,1,1,0,0
4552,24CF5D4F-29A9-4914-AD86-F73C7B68CE38,,122.3,122.3,,,DBE14949-3F58-40D8-9E79-500F0ED61525,2,BLANK,0,0,1,1,0,0
4553,34F1C5E5-E145-4239-8D50-BFCDCD4520B3,,122.4,122.4,,,0A0DF573-8FD7-4487-8DDB-38D17E53C248,2,BLANK,0,0,0,1,0,0
4554,40E3861F-B8D4-4905-817A-1AC7BBD5CDC7,,122.2,122.2,,,5AF0899E-1A40-46F0-955F-3352863A3F99,2,BLANK,0,0,0,1,0,0
4555,FFD5BCEA-70AC-48CC-9478-7DB4350B2BE1,,122.5,122.5,,,3526B002-EA70-4C5A-AF8F-2A01EE8CFF6D,2,BLANK,0,0,1,1,0,0
4556,4ED06DCE-A475-42D2-AE2F-ECDF21D7EE2B,,122.4,122.4,,,CD663181-41A9-4026-AA8B-B92E83477556,2,BLANK,0,0,1,1,0,0
4557,B2C6FA91-FAD5-4A63-B154-8AE5103D89A8,,122.2,122.2,,,5B147D77-5508-4224-8BA1-55E125BC9F23,2,BLANK,0,0,1,1,0,0
4558,70FA168B-220B-43EF-8CF0-BA240FC56084,,122.5,122.5,,,C3B50A8C-9087-4F3A-A743-88F6E4E97801,2,BLANK,0,0,1,1,0,0
4559,7CA49FF9-BC81-483A-BB8D-C893E27C7C1F,,122.2,122.2,,,4C719ADE-0A8C-4C20-B5A9-255ABAAE9CC3,2,BLANK,0,0,1,1,0,0
4560,CE877D5E-6937-4B04-B113-0C7B04695011,,122.6,122.6,,,FBBAEFAF-CFA2-4CA0-A020-3846FB9A0A72,2,BLANK,0,0,1,1,0,0
4561,A52016F9-017A-41C3-9B9B-C3558A5256DC,,118.65,118.65,,,31290114-C322-43EC-A314-D0B00844DD6B,1,BLANK,0,0,1,1,0,0
4562,E7A06A08-207A-49D3-A298-141D248EC7F8,,133.225,133.225,,,B1426AB8-AF1F-466A-9707-BE353DF3BC48,1,BLANK,0,0,1,1,0,0
4563,FB03E85F-2EC5-4A45-8D1F-4427BC03A6E8,,126.225,126.225,,,E0093DA1-A9E2-4274-8E21-E678AB7B603D,1,BLANK,0,0,1,1,0,0
4564,3D945555-55ED-40E3-95D6-9D9F3848CA45,,341.7,341.7,,,E0093DA1-A9E2-4274-8E21-E678AB7B603D,1,BLANK,0,0,1,1,0,0
4565,9C4F4E8F-6646-4AB6-8B24-62DFEE6A0A85,,243,243,,,116CA489-271D-4556-B4D7-C10C6501FF7D,2,BLANK,0,0,1,1,0,0
4566,2AC3C7D4-4370-4338-8050-888B3BDD1B3E,,243,243,,,4DD6317C-AE92-4582-8650-360138111EB0,2,BLANK,0,0,1,1,0,0
4567,6B3FDB24-E758-4C07-93A2-1AC480F5CF4E,,135.375,135.375,,,232826CD-9E6A-419C-A7D5-5FA73A9BF720,1,BLANK,0,0,1,1,0,0
4568,02715E04-DACE-4668-8251-7D269F25614B,,306.2,306.2,,,232826CD-9E6A-419C-A7D5-5FA73A9BF720,0,BLANK,0,0,1,1,0,0
4569,3BF5DB8A-71BA-42F2-B2D0-8DE3BEC02245,,121.5,121.5,,,0242A0EC-7420-4430-AF93-90188EE04B02,2,BLANK,0,0,1,1,0,0
4570,BC4B84C6-DFE8-4E18-918A-D2544CA95CA7,,120.95,120.95,,,EF05B724-3F9F-4532-99E0-D42AAF048F44,1,BLANK,0,0,1,0,0,0
4571,6D820B2C-1702-4CC8-8286-80AFF2D56E31,,263.1,263.1,,,EF05B724-3F9F-4532-99E0-D42AAF048F44,1,BLANK,0,0,1,0,0,0
4572,19CF619F-7385-434A-AE65-249CCF8C5126,,126.225,126.225,,,152E4ECA-8A38-40D9-A227-DAB6AE14C14A,1,BLANK,0,0,1,0,0,0
4573,D47BBE76-D25D-4EFD-9A99-18311BFF8BA2,,341.7,341.7,,,152E4ECA-8A38-40D9-A227-DAB6AE14C14A,1,BLANK,0,0,1,0,0,0
4574,D0533252-5D1D-44A0-AA0A-3796AE4954F2,,243,243,,,0935EACB-6673-443E-98C8-884490819EC6,2,BLANK,0,0,1,1,0,0
4575,F152291D-365A-4D3B-BBD6-C218CCA241DA,,121.5,121.5,,,D77E9268-BD41-439A-853B-1388962C6662,2,BLANK,0,0,1,1,0,0
4576,38F91EB9-EBCF-4148-BCDD-1256649D6C3B,,243,243,,,D77E9268-BD41-439A-853B-1388962C6662,2,BLANK,0,0,1,1,0,0
4577,D95DE114-7059-45DA-93A6-480163EBA4D0,,121.5,121.5,,,B01A61DF-B89B-4E18-99C5-FF0F29DFF074,2,BLANK,0,0,1,1,0,0
4578,9BEDFB12-F39D-4858-A338-99FE8DD14291,,126.925,126.925,,,B01A61DF-B89B-4E18-99C5-FF0F29DFF074,1,BLANK,0,0,1,1,0,0
4579,EBEDA964-E319-4870-8135-3CE20EE0F910,,243,243,,,B01A61DF-B89B-4E18-99C5-FF0F29DFF074,2,BLANK,0,0,1,1,0,0
4580,F9DAD08B-7FE9-4FE5-A5BC-46BC6547EA1A,,251.15,251.15,,,B01A61DF-B89B-4E18-99C5-FF0F29DFF074,1,BLANK,0,0,1,1,0,0
4581,9C569D42-ED64-4B61-BBA0-73F77C371719,,353.85,353.85,,,B01A61DF-B89B-4E18-99C5-FF0F29DFF074,1,BLANK,0,0,1,1,0,0
4582,B52B2EC7-0270-4576-A01A-FF08FD84E181,,133.925,133.925,,,999E031B-2B0B-4DA6-A59E-73BDB319FBA2,1,BLANK,0,0,1,1,0,0
4583,ED2332EC-C3F8-4B86-962F-1345D3C4DD39,,282.35,282.35,,,999E031B-2B0B-4DA6-A59E-73BDB319FBA2,1,BLANK,0,0,1,1,0,0
4584,090E0D42-B185-4DA3-B239-C11E5AD516F8,,126.925,126.925,,,252050AA-D1AF-4383-BADD-5042E32D71CC,1,BLANK,0,0,1,1,0,0
4585,5A369294-160D-4851-9D5B-24135ABF2C8D,,353.85,353.85,,,252050AA-D1AF-4383-BADD-5042E32D71CC,1,BLANK,0,0,1,1,0,0
4586,7A7900BD-52BF-4D76-95D3-54158BE89FBB,,285.425,285.425,,,88FA500B-AB05-4E8B-BB02-5559F2370850,0,BLANK,0,0,1,1,0,0
4587,48DEEA1B-C522-44EB-BAE5-79AC26415802,,122.2,122.2,,,1AFD6923-599B-4C39-9839-A114E173321E,2,BLANK,0,0,1,1,0,0
4588,1A3ABCB8-7B65-404D-BCA8-7BB6CED421DB,,118.15,118.15,,,5B6B3240-5F0A-49D4-99EF-3B98613355BA,,BLANK,0,0,1,0,0,0
4589,C1675A9B-C09E-42C9-B441-D03CF231ED50,,291.625,291.625,,,F64A791D-347F-43A7-AE22-70172B222778,0,BLANK,0,0,1,0,0,0
4590,1E0E6A6E-D85B-4208-B90F-2828B4647503,,377.125,377.125,,,F64A791D-347F-43A7-AE22-70172B222778,1,BLANK,0,0,1,0,0,0
4591,5A9BEA67-675D-40B7-8144-678EB4A2B969,,128.375,128.375,,,EBC43A5D-FEDA-4D9E-ABBE-7230503F32ED,1,BLANK,0,0,1,0,0,0
4592,D30C1E41-C8B2-49E3-A041-E637AF5782AC,,293.225,293.225,,,EBC43A5D-FEDA-4D9E-ABBE-7230503F32ED,1,BLANK,0,0,1,0,0,0
4593,B5FFD5C0-7E9D-4720-B272-6D16B07B7FDA,,317.525,317.525,,,EBC43A5D-FEDA-4D9E-ABBE-7230503F32ED,1,BLANK,0,0,1,0,0,0
4594,263A42B3-51E4-4B84-9B7C-1A7A5F6B2E87,,353.825,353.825,,,EBC43A5D-FEDA-4D9E-ABBE-7230503F32ED,1,BLANK,0,0,1,0,0,0
4595,C7FE58F6-DC06-4F6D-BB6E-B66E4F39C97F,,348.625,348.625,,,3829854B-119A-4407-BFEC-A21B712DE864,1,BLANK,0,0,0,1,0,0
4596,0F0D9DDF-9790-48D2-B7F2-40CCA758A2F9,,120.875,120.875,,,9CCEC1F6-9EF8-4AF5-A9F6-35D90CBB45EF,1,BLANK,0,0,1,0,0,0
4597,5E7663E6-9BA7-4F13-8F66-450F5355109C,,284.725,284.725,,,9CCEC1F6-9EF8-4AF5-A9F6-35D90CBB45EF,1,BLANK,0,0,1,0,0,0
4598,F56F4397-03E2-4827-A2AF-34DBB990B30C,,307.225,307.225,,,9CCEC1F6-9EF8-4AF5-A9F6-35D90CBB45EF,1,BLANK,0,0,1,0,0,0
4599,B10AA3F8-84C8-49F9-AF82-35DF9CCBB678,,363.175,363.175,,,27544288-B715-4E37-9D47-3E6DD166F0BC,1,BLANK,0,0,1,0,0,0
4600,50CB8C66-545A-4A00-8357-192DB3E04569,,317.425,317.425,,,F8E98A0D-AC1E-4E19-9457-4A532C9E6893,1,BLANK,0,0,1,0,0,0
4601,3CDB6C49-F999-4E59-9902-CB722A2EC32E,,360.675,360.675,,,FDD77375-632B-4018-A6BB-47F432C91219,1,BLANK,0,0,1,0,0,0
4602,3D39B9E6-88CF-45BE-A451-A7EF79F29157,,363.025,363.025,,,FDD77375-632B-4018-A6BB-47F432C91219,1,BLANK,0,0,1,0,0,0
4603,7F380161-217E-4007-94E1-74D18D599AA7,,121.5,121.5,,,1273C4A2-C85D-4B9F-8E27-617179AD5430,2,BLANK,1,1,0,0,0,0
4604,56CC0D7C-FEA3-455E-9688-347271276865,,122.2,122.2,,,1273C4A2-C85D-4B9F-8E27-617179AD5430,2,BLANK,1,1,0,0,0,0
4605,28DEF430-BB14-4F63-A190-4B2851A51191,,122.6,122.6,,,1273C4A2-C85D-4B9F-8E27-617179AD5430,2,BLANK,1,1,0,0,0,0
4606,B9CB7E83-9DC4-46E9-BA77-0E6E32F80F68,,123.6,123.6,,,1273C4A2-C85D-4B9F-8E27-617179AD5430,2,BLANK,1,1,0,0,0,0
4607,B6CFA83F-8818-47FD-B6CF-D1F6552152DF,,121.5,121.5,,,5C98962F-6B9A-47C7-9940-F3908A4F33CB,2,BLANK,1,1,0,0,0,0
4608,7A4FE310-0170-44A3-B834-721719689651,,122.2,122.2,,,5C98962F-6B9A-47C7-9940-F3908A4F33CB,2,BLANK,1,1,0,0,0,0
4609,D0917C72-F39E-48EE-B0AD-CA03E058A0A2,,123.6,123.6,,,5C98962F-6B9A-47C7-9940-F3908A4F33CB,2,BLANK,1,1,0,0,0,0
4610,2E39300F-FF32-45F3-BAE1-E4F3DE8D5FD6,,243,243,,,5C98962F-6B9A-47C7-9940-F3908A4F33CB,2,BLANK,1,1,0,0,0,0
4611,F25DE955-4736-4448-96ED-62FEA06289F3,,121.5,121.5,,,2248DB1A-7B2B-4BEE-8773-FE11E65D5D0A,2,BLANK,1,1,0,0,0,0
4612,FB7E88A3-BEF9-4B7E-A77E-CCB318D7D031,,122.2,122.2,,,2248DB1A-7B2B-4BEE-8773-FE11E65D5D0A,2,BLANK,1,1,0,0,0,0
4613,B1BAB16C-360A-4066-AF0B-3487D7790448,,122.45,122.45,,,2248DB1A-7B2B-4BEE-8773-FE11E65D5D0A,2,BLANK,1,1,0,0,0,0
4614,724942D7-E039-4A15-92A6-C506A27F7279,,123.6,123.6,,,2248DB1A-7B2B-4BEE-8773-FE11E65D5D0A,2,BLANK,1,1,0,0,0,0
4615,BE28725C-56F9-49F6-91D8-23F5FFFE7A38,,243,243,,,2248DB1A-7B2B-4BEE-8773-FE11E65D5D0A,2,BLANK,1,1,0,0,0,0
4616,5962C6B3-3147-4F58-B8AB-F14F992A5E2D,,121.5,121.5,,,B959597A-492B-4CAE-9FD6-17BBEC587440,2,BLANK,1,1,0,0,0,0
4617,0A608842-ED4D-4F13-B65F-E2E28F68E803,,122.2,122.2,,,B959597A-492B-4CAE-9FD6-17BBEC587440,2,BLANK,1,1,0,0,0,0
4618,06ED38EF-F21A-4D4D-97D8-5904946BE904,,122.65,122.65,,,B959597A-492B-4CAE-9FD6-17BBEC587440,2,BLANK,1,1,0,0,0,0
4619,A4FE6BE3-DDF2-40FA-A3B7-D4AFB5E6337C,,123.6,123.6,,,B959597A-492B-4CAE-9FD6-17BBEC587440,2,BLANK,1,1,0,0,0,0
4620,95B30F1D-6DCF-434F-A6B2-C6EA98660FCD,,243,243,,,B959597A-492B-4CAE-9FD6-17BBEC587440,2,BLANK,1,1,0,0,0,0
4621,B44C6A50-4EC4-4AD6-9F50-247AC4020A4B,,120.3,120.3,,,2724B2A9-D6BB-4AFD-864D-0E42BB2507D8,2,BLANK,1,1,0,0,0,0
4622,CDC1145D-FF9A-4E1A-89EA-13442C38FF09,,121.5,121.5,,,2724B2A9-D6BB-4AFD-864D-0E42BB2507D8,2,BLANK,1,1,0,0,0,0
4623,D1627EE6-4F04-4B25-BA8E-10F4AE6C0CA2,,122.2,122.2,,,2724B2A9-D6BB-4AFD-864D-0E42BB2507D8,2,BLANK,1,1,0,0,0,0
4624,848F5096-B520-4E94-A9A1-569D65A6AA01,,123.6,123.6,,,2724B2A9-D6BB-4AFD-864D-0E42BB2507D8,2,BLANK,1,1,0,0,0,0
4625,EF71C52F-6128-48C2-A415-D9C3335237B0,,121.5,121.5,,,B6EEB8B6-DE6D-471D-80F8-6302516CDF07,2,BLANK,1,1,0,0,0,0
4626,5D9499B3-5A48-402C-861A-DF4D632204CF,,122.2,122.2,,,B6EEB8B6-DE6D-471D-80F8-6302516CDF07,2,BLANK,1,1,0,0,0,0
4627,44935D3C-3790-457A-B038-9CA06E91BA98,,123.6,123.6,,,B6EEB8B6-DE6D-471D-80F8-6302516CDF07,2,BLANK,1,1,0,0,0,0
4628,EF57B52D-5541-4289-8C10-B026A4AC611E,,121.5,121.5,,,90401414-4C31-47F9-8534-D5E0DAFC8954,2,BLANK,1,1,0,0,0,0
4629,2B987702-87D3-4517-8B02-94210237A4C2,,122.2,122.2,,,90401414-4C31-47F9-8534-D5E0DAFC8954,2,BLANK,1,1,0,0,0,0
4630,6424505A-AB63-4745-9A0D-2AC9799F8E84,,123.6,123.6,,,90401414-4C31-47F9-8534-D5E0DAFC8954,2,BLANK,1,1,0,0,0,0
4631,B95951DA-894C-447B-8EA6-503DDFC5958D,,243,243,,,90401414-4C31-47F9-8534-D5E0DAFC8954,2,BLANK,1,1,0,0,0,0
4632,89B4C9EA-2CBA-4DEB-889E-46C786AB6B9D,,134.825,134.825,,,2A49AA88-BE69-4BF4-A3D5-A26A2D223FCD,0,BLANK,0,0,1,0,0,0
4633,E0FAB0E4-4DAE-47D3-883F-22A0CF55D223,,307.275,307.275,,,2A49AA88-BE69-4BF4-A3D5-A26A2D223FCD,0,BLANK,0,0,1,0,0,0
4634,64CEAE50-2110-4AB3-8F34-27C7F4886B39,,133.625,133.625,,,18D8CBC7-2BD6-4A55-BEED-F93A61FF196E,0,BLANK,0,0,0,0,1,0
4635,FF6061BF-3A0E-4EBA-8E4F-2D6A3015C79E,,363.125,363.125,,,18D8CBC7-2BD6-4A55-BEED-F93A61FF196E,0,BLANK,0,0,0,0,1,0
4636,12F9D4AC-E8A7-4EC9-B7F9-1059A9B4DF51,,327.15,327.15,,,8E2A39C2-E805-4AB5-9367-6D36A8CCA287,1,BLANK,0,0,1,0,0,0
4637,D0D38BB5-4264-4FFA-B14F-47B342D27783,,307.375,307.375,,,E9CAD443-309B-4FB9-B09B-D57D5F331E9D,0,BLANK,0,0,1,0,0,0
4638,B70ED4C2-C711-40A5-9FE1-0B82571F5A7E,,323.05,323.05,,,E9CAD443-309B-4FB9-B09B-D57D5F331E9D,1,BLANK,0,0,1,0,0,0
4639,CA570057-1734-437C-860C-5E6A11F12F45,,307.175,307.175,,,59E61850-37B5-471D-9566-1DA028F736F8,0,BLANK,0,0,1,0,0,0
4640,2B044DC0-D088-414B-B417-ABCB31ECF7DF,,314,314,,,59E61850-37B5-471D-9566-1DA028F736F8,0,BLANK,0,0,1,0,0,0
4641,97B0E584-D55C-40A7-A8E3-EB1BA21DBF3B,,290.475,290.475,,,3048444E-BCFE-4172-8472-8E044978D670,0,BLANK,0,0,1,0,1,0
4642,D207F456-B1A1-4525-B770-4BFD4400E4C9,,133.25,133.25,,,8ADEBBE2-31B1-41B8-A0AA-A7D8D16A6C76,1,BLANK,0,0,1,0,0,0
4643,616F9AA2-0ED8-4757-978E-8DDB5412D020,,125.925,125.925,,,3CC51CC5-134E-4AC0-9B01-DAEF1AE188A6,1,BLANK,0,0,1,0,0,0
4644,792740D8-FD75-4B1D-A9AE-7104517B54F5,,379.25,379.25,,,3CC51CC5-134E-4AC0-9B01-DAEF1AE188A6,1,BLANK,0,0,1,0,0,0
4645,D9B61A5F-EE73-4DE5-BE12-30434359224F,,124.35,124.35,,,48208F72-18BB-4659-9985-96149FFC9D36,1,BLANK,0,0,1,1,0,0
4646,27BFFF0B-B51D-4639-B141-DA210BF177D6,,132.425,132.425,,,31E1C686-AF7B-495E-A2A0-21F32E5E640F,1,BLANK,0,0,1,1,0,0
4647,B7C54E18-C33A-4858-9452-475313C27AF7,,317.45,317.45,,,31E1C686-AF7B-495E-A2A0-21F32E5E640F,1,BLANK,0,0,1,1,0,0
4648,D1255D4A-E7A3-4C93-A82F-1FE1952D627D,,364.8,364.8,,,E9F96BE8-DE57-48DD-83CD-31116299E9F1,1,BLANK,0,0,1,0,0,0
4649,53B12ECA-BA6C-44AF-ACF2-87F6D7959F8F,,135.975,135.975,,,002C5D6E-ECCA-4DE5-9EE4-6775917B7D77,3,BLANK,0,0,1,0,0,0
4650,A8BE2760-1899-4D59-9EE3-106F15D5F2DE,,377.075,377.075,,,002C5D6E-ECCA-4DE5-9EE4-6775917B7D77,3,BLANK,0,0,1,0,0,0
4651,FBA0950A-6AA1-4D68-9DBB-E003B137CF56,,290.25,290.25,,,AD590645-8824-4EA9-8FDD-65E514D38E66,0,BLANK,0,0,1,0,1,0
4652,A8CA2014-5F65-43FF-A1B1-DE2DBE0E543B,,120.35,120.35,,,18D8CBC7-2BD6-4A55-BEED-F93A61FF196E,0,BLANK,0,0,0,0,1,0
4653,FE29640D-18DB-4B24-B8A6-2995D245DEF3,,317.4,317.4,,,18D8CBC7-2BD6-4A55-BEED-F93A61FF196E,0,BLANK,0,0,0,0,1,0
4654,17890198-0FAD-4957-9538-069DD3053DC8,,132.625,132.625,,,8E2A39C2-E805-4AB5-9367-6D36A8CCA287,3,BLANK,0,0,1,0,0,0
4655,E3EC7090-A827-4F0F-AEDA-9693B6FBCFD2,,350.25,350.25,,,8E2A39C2-E805-4AB5-9367-6D36A8CCA287,3,BLANK,0,0,1,0,0,0
4656,3D18E3EA-CCEB-4E36-9C8C-EE2B935E1A5E,,243,243,,,59E61850-37B5-471D-9566-1DA028F736F8,2,BLANK,0,0,1,0,0,0
4657,0E647E23-FA72-4C97-BCA7-5CB2BDB0DA3C,,123.825,123.825,,,3048444E-BCFE-4172-8472-8E044978D670,0,BLANK,0,0,1,0,1,0
4658,43D07403-94DF-4A00-AAE3-24A34C0888C4,,279.525,279.525,,,3048444E-BCFE-4172-8472-8E044978D670,1,BLANK,0,0,1,0,1,0
4659,B11D1B9D-1469-43BD-9393-6F1890285DC2,,133.2,133.2,,,973CA539-B369-48D6-A70E-66FA3316000D,0,BLANK,0,0,1,1,0,0
4660,CA7D50C5-0EDE-4138-89FF-3EF5BAB109E7,,343.675,343.675,,,973CA539-B369-48D6-A70E-66FA3316000D,0,BLANK,0,0,1,1,0,0
4661,86250251-EDC4-49A4-9102-2BFCAC643812,,341.7,341.7,,,135B0F42-CCDC-4954-BA10-D85E61C553B9,1,BLANK,0,0,1,1,0,0
4662,BB49B006-D863-49C8-B5B9-E83473F07135,,350.35,350.35,,,135B0F42-CCDC-4954-BA10-D85E61C553B9,2,BLANK,0,0,1,1,0,0
4663,D035C9BE-ACF0-4CAC-8BAA-04268A55FBFF,,370.85,370.85,,,135B0F42-CCDC-4954-BA10-D85E61C553B9,0,BLANK,0,0,1,1,0,0
4664,2149463D-2240-48C9-B490-8A2FECAC7E9E,,122.4,122.4,,,5EAD2639-52CF-48AD-BC37-E17A8DBE0D1E,2,BLANK,0,0,1,1,0,0
4665,F99A9067-7521-478E-A68A-BFF54D860B93,,122.5,122.5,,,B1C6A707-5C42-4D7A-9A46-A5B270770F2C,2,BLANK,0,0,1,1,0,0
4666,A81A8E10-BC9B-45E2-959A-403ECBE324C9,,118.975,118.975,,,305EE344-93CB-4FEA-94ED-BFB241A31478,,BLANK,0,0,1,0,0,0
4667,969F3E05-1D4F-4007-9361-85E5E62D1A80,,135.975,135.975,,,254D5E28-966B-4CD8-AF48-199237E77121,,BLANK,0,0,1,0,0,0
4668,C7FD9779-23BE-4259-9153-A1AAE0AE64A8,,122.15,122.15,,,212FB7C8-77BD-4650-BF89-EF9E551FB881,2,BLANK,1,1,1,1,0,0
4669,28F62F97-F6A3-4A99-84F1-4FD3AAA50AC6,,133.325,133.325,,,E38F87BA-875A-4E86-B501-652C17932AB7,0,BLANK,0,0,1,0,0,0
4670,7E422D0B-281A-4AC0-AF6E-F1B714D72207,,314,314,,,F328BE5E-A765-419E-B153-4DBF4EA3511E,0,BLANK,0,0,1,0,0,0
4671,AE1F4CD0-DD14-4B51-9EA8-8B447EACC607,,122.6,122.6,,,1EDA6D68-7535-465E-B9F0-7F97E743F82C,2,BLANK,0,0,1,1,0,0
4672,887FDCB2-E582-48A5-A94F-C9C85FBCA251,,119.275,119.275,,,7A4A7B91-A23D-46FD-B502-2B600E600517,,BLANK,0,0,1,0,0,0
4673,67695270-6151-4F5A-AB10-E222F8D3DD3C,,118.35,118.35,,,A7A78606-4C47-4FA6-974D-3ED703506D82,,BLANK,0,0,1,0,0,0
4674,FC5F2375-DD33-431F-AA7E-36111AC1BEAE,,121.35,121.35,,,6BC27D03-21F5-4A59-9194-63165746003E,2,BLANK,1,1,0,0,0,0
4675,95F17814-43D1-4FF7-BCF4-511EA870744F,,124.275,124.275,,,3F1871D0-DC76-4BF0-B4C0-D4E95CD408D8,1,BLANK,0,0,0,1,0,0
4676,8E8C4B2F-7A5E-4812-81EE-175B7488661F,,125.85,125.85,,,3F1871D0-DC76-4BF0-B4C0-D4E95CD408D8,0,BLANK,0,0,0,1,0,0
4677,3A384E73-6573-4267-9421-3A50684476C4,,288.35,288.35,,,3F1871D0-DC76-4BF0-B4C0-D4E95CD408D8,1,BLANK,0,0,0,1,0,0
4678,0A5E0694-B1BE-49A9-AD05-CBA02F66D4BD,,296.7,296.7,,,3F1871D0-DC76-4BF0-B4C0-D4E95CD408D8,1,BLANK,0,0,0,1,0,0
4679,01FA4A10-0A23-436C-82AB-0F1C38C273C4,,379.25,379.25,,,3F1871D0-DC76-4BF0-B4C0-D4E95CD408D8,0,BLANK,0,0,0,1,0,0
4680,759FE87F-F62C-4BA0-8D5E-27E78AF0F636,,127.975,127.975,,,1449316E-C938-40AA-A961-BB4BF5E5AB1B,3,BLANK,0,0,0,1,0,0
4681,739129DF-B722-48C3-8F0B-987A4EC4DB46,,133.65,133.65,,,1449316E-C938-40AA-A961-BB4BF5E5AB1B,0,BLANK,0,0,0,1,0,0
4682,F4FAB6CB-5279-4287-82CE-9DF6BD36C048,,292.15,292.15,,,1449316E-C938-40AA-A961-BB4BF5E5AB1B,0,BLANK,0,0,0,1,0,0
4683,04E47C26-BA11-48D6-9DC2-ABCB5F590071,,342.25,342.25,,,1449316E-C938-40AA-A961-BB4BF5E5AB1B,3,BLANK,0,0,0,1,0,0
4684,71A2E22C-4BD0-4386-B75E-FEC65136B95E,,354.15,354.15,,,1449316E-C938-40AA-A961-BB4BF5E5AB1B,1,BLANK,0,0,0,1,0,0
4685,1817C366-28B9-459B-9A50-6025C0783C68,,282.275,282.275,,,7C339451-1DB5-4FC5-8C22-4DE6B3A1E49A,1,BLANK,0,0,1,1,0,0
4686,33F80492-8550-475E-8552-DAF0388E2C82,,291.725,291.725,,,7C339451-1DB5-4FC5-8C22-4DE6B3A1E49A,1,BLANK,0,0,1,1,0,0
4687,A7F74DAA-0130-49AD-B057-E0308982F8E0,,133.475,133.475,,,D0522E4B-2F9E-4BE5-9E3F-4DAA8B86DC94,0,BLANK,0,0,1,0,0,0
4688,4953CCB7-BE1E-4C18-AB3E-122CBEC7712B,,134.35,134.35,,,D0522E4B-2F9E-4BE5-9E3F-4DAA8B86DC94,1,BLANK,0,0,1,0,0,0
4689,FB4E5475-1E6C-44E2-9D71-242A2BB3B74B,,135.6,135.6,,,35E84FFC-D613-453C-8D54-8A543B6E0714,0,BLANK,0,0,1,0,1,0
4690,92501FA5-B4D7-4E30-949E-9F3E90FFA553,,370.85,370.85,,,35E84FFC-D613-453C-8D54-8A543B6E0714,0,BLANK,0,0,1,0,1,0
4691,E3711933-EF47-407B-8239-61F86D4304D1,,132.3,132.3,,,8C2FD4A0-DD6A-4C8E-B43A-E209FDA00081,0,BLANK,0,0,1,1,0,0
4692,0DADDC0D-7B8C-4665-8B1A-0849A383E0B1,,343.625,343.625,,,8C2FD4A0-DD6A-4C8E-B43A-E209FDA00081,0,BLANK,0,0,1,1,0,0
4693,5DE6ED95-44F2-4E0C-9479-A3D4C02B72F1,,289.9,289.9,,,BF5680EA-86C6-4E50-9A0C-FE45D8478063,0,BLANK,0,0,1,1,0,0
4694,1960785F-C09E-48F9-A6BD-360F24B4DD0E,,285.5,285.5,,,718D567C-C0A9-4D82-B2B5-63840EF4C6DC,0,BLANK,0,0,1,1,0,0
4695,20363117-DF2B-4CC5-A775-34F06F64AACA,,243,243,,,664F0E16-E930-4D1F-BF0C-E0B3AE23AB37,2,BLANK,0,0,1,0,0,0
4696,F58BDB68-10A0-457D-8B45-60C17061F19C,,307.325,307.325,,,664F0E16-E930-4D1F-BF0C-E0B3AE23AB37,0,BLANK,0,0,1,0,0,0
4697,386D2777-484D-44FF-A870-1B1B64600CAD,,257.85,257.85,,,0D558491-30CC-4396-BED9-302703112927,2,BLANK,0,0,1,0,0,0
4698,D067D2F9-E8EE-4CAE-8E9C-B58921DF3AC1,,327.075,327.075,,,0D558491-30CC-4396-BED9-302703112927,2,BLANK,0,0,1,0,0,0
4699,24C0AE6C-A943-44BC-BBB5-75B356E0BA59,,122.3,122.3,,,D0F718C1-C801-4F27-88FE-974841A477E0,2,BLANK,0,1,1,1,0,0
4700,35909320-FAB6-4795-AF1A-DEB64D3058AC,,118.05,118.05,,,51B6703B-3802-4E39-9DCC-C40AD80BFCA2,0,BLANK,0,0,1,1,0,0
4701,F248211C-9C1E-49C2-AFC1-F7BDCF30F0FD,,243,243,,,51B6703B-3802-4E39-9DCC-C40AD80BFCA2,2,BLANK,0,0,1,1,0,0
4702,BCD0387F-764B-4C3A-8BA5-26F1A722A2FD,,269.05,269.05,,,51B6703B-3802-4E39-9DCC-C40AD80BFCA2,0,BLANK,0,0,1,1,0,0
4703,EC76D180-20CD-44D2-B132-76BB58071582,,363,363,,,51B6703B-3802-4E39-9DCC-C40AD80BFCA2,0,BLANK,0,0,1,1,0,0
4704,CF890D97-B164-4AE7-BC7B-5CB2AE980795,,317.45,317.45,,,462C0793-0A8A-479A-9704-BC1676178DDF,1,BLANK,0,0,1,0,0,0
4705,0F74F430-841E-4E44-B547-84933CC31DC7,,122.5,122.5,,,37826A7B-FF7F-4652-BF90-3C7AD58BDE48,2,BLANK,0,0,0,1,0,0
4706,0630E8EF-6AC1-4D39-B94B-075928351D72,,125.525,125.525,,,A0B17274-ACB7-471F-B5E4-3544D3F2031B,1,BLANK,0,0,1,1,0,0
4707,77B50DA4-A8CC-4F40-8A07-7F863C6F4831,,124.875,124.875,,,FA3AEB85-0D18-4E99-808C-480A10B7F1EB,0,BLANK,0,0,1,0,0,0
4708,9EE28411-162B-4525-BED6-24D09E8903C3,,370.95,370.95,,,FA3AEB85-0D18-4E99-808C-480A10B7F1EB,0,BLANK,0,0,1,0,0,0
4709,C40358F3-CF5E-4802-B410-C0A504F54477,,127.6,127.6,,,7DA4482D-6EC3-4BE6-8B99-BE0FB5F0F14C,0,BLANK,0,0,1,0,0,0
4710,AA8956C7-4522-404F-A045-813F4A0379E4,,254.3,254.3,,,7DA4482D-6EC3-4BE6-8B99-BE0FB5F0F14C,0,BLANK,0,0,1,0,0,0
4711,1147968D-06F4-48F2-9EB8-8F2F7BB6937D,,128.4,128.4,,,B7FAB2EC-D8E4-40D6-993E-A8BA692D3647,0,BLANK,0,0,1,1,0,0
4712,44A07A49-9311-4B9D-9073-518B63E5CD86,,269.375,269.375,,,B7FAB2EC-D8E4-40D6-993E-A8BA692D3647,0,BLANK,0,0,1,1,0,0
4713,F06AE22D-0467-4355-915A-99A6C9284663,,120.275,120.275,,,A47844B0-2DC8-4283-850C-5891E11B93A6,1,BLANK,0,0,1,0,0,0
4714,F7359A9D-BD61-4DED-8D9C-587B3B7E99A1,,319.25,319.25,,,A47844B0-2DC8-4283-850C-5891E11B93A6,1,BLANK,0,0,1,0,0,0
4715,8BA37288-7A70-4B5A-BA43-498D4EFAF648,,135.275,135.275,,,A8517EA2-AC9C-4E73-8FEF-96FAAB0AE087,3,BLANK,0,0,1,1,0,0
4716,266B376F-3D1C-4F11-9546-245D3D3B2582,,317.475,317.475,,,A8517EA2-AC9C-4E73-8FEF-96FAAB0AE087,3,BLANK,0,0,1,1,0,0
4717,E4587717-543E-48F0-BB3D-AB4126A4DDE6,,133.55,133.55,,,564D9974-A18D-4E5C-A763-2CC9655B0A35,3,BLANK,0,0,1,1,0,0
4718,4576F386-C3FD-42FB-9D67-3E57DDB1EF51,,316.125,316.125,,,564D9974-A18D-4E5C-A763-2CC9655B0A35,3,BLANK,0,0,1,1,0,0
4719,B5D7B2EE-36F4-420E-A75B-A8361078F670,,134.25,134.25,,,3F8C1C16-D321-4C6E-84D9-EED24733D3F7,1,BLANK,0,0,0,1,0,0
4720,63BEA22E-7A2F-4226-B7E9-5C7382962000,,133.375,133.375,,,FE6CB60F-6629-4B77-AB4A-6B40E62E0019,3,BLANK,0,0,1,0,0,0
4721,B4EC02AA-7D49-41FC-99EB-77222602AA64,,278.8,278.8,,,FE6CB60F-6629-4B77-AB4A-6B40E62E0019,2,BLANK,0,0,1,0,0,0
4722,1CFA143C-E565-44EC-A034-80030B9E0A8E,,353.52,353.52,,,FE6CB60F-6629-4B77-AB4A-6B40E62E0019,3,BLANK,0,0,1,0,0,0
4723,1D466921-0009-471F-BD11-73B1549D46E2,,135.175,135.175,,,933EFD4E-5CAF-41A7-BFA6-F8D74599F06E,3,BLANK,0,0,1,0,1,0
4724,03A3D3C9-48BD-4F39-942D-A06288F5373C,,342.425,342.425,,,933EFD4E-5CAF-41A7-BFA6-F8D74599F06E,3,BLANK,0,0,1,0,1,0
4725,837ACA7B-507F-4D2F-97D9-B181E62B623A,,243,243,,,A0B17274-ACB7-471F-B5E4-3544D3F2031B,2,BLANK,0,0,1,1,0,0
4726,13D5FE94-AB57-450B-99CE-6A81FDA27A5F,,348,348,,,A0B17274-ACB7-471F-B5E4-3544D3F2031B,1,BLANK,0,0,1,1,0,0
4727,0EEB7EC8-ED53-440A-ABDA-DED5EBFB23F2,,128.125,128.125,,,480D4F0E-A671-4C47-AD50-7EB9450AFAC8,3,BLANK,0,0,1,1,0,0
4728,9C4F3963-936F-4BF4-B9AA-70E6F7EF3F96,,288.3,288.3,,,480D4F0E-A671-4C47-AD50-7EB9450AFAC8,2,BLANK,0,0,1,1,0,0
4729,5760D08E-F750-4CF2-A918-1E330A5660B2,,306.925,306.925,,,480D4F0E-A671-4C47-AD50-7EB9450AFAC8,3,BLANK,0,0,1,1,0,0
4730,789FA313-38A0-4C8C-AC36-D52B0B2879E1,,121.5,121.5,,,4B3C79A8-6DED-40D7-845C-DBE7C5279390,2,BLANK,0,0,1,1,0,0
4731,8BA3DE5F-4D3C-450F-A849-75F1FC0BC553,,128.525,128.525,,,4B3C79A8-6DED-40D7-845C-DBE7C5279390,3,BLANK,0,0,1,1,0,0
4732,B8179C94-F3FC-47AC-8926-2CB60B0EE44B,,243,243,,,4B3C79A8-6DED-40D7-845C-DBE7C5279390,2,BLANK,0,0,1,1,0,0
4733,21D7C96D-FB4E-4EDD-B0A1-BE8CA0C26962,,323.025,323.025,,,4B3C79A8-6DED-40D7-845C-DBE7C5279390,3,BLANK,0,0,1,1,0,0
4734,3C4E985E-B1A0-4B51-A7D4-8208F9BD2A69,,132.3,132.3,,,CA81370F-CA1F-48D2-900D-932C78AE2863,3,BLANK,0,0,1,1,1,0
4735,86E371E7-B7EC-4D73-8F8A-5424510203A1,,323.275,323.275,,,CA81370F-CA1F-48D2-900D-932C78AE2863,3,BLANK,0,0,1,1,1,0
4736,BA484C56-733E-43A7-BC75-739749638C46,,121.5,121.5,,,DBBF972E-39CE-4EDB-9F7D-C72C0C05723D,2,BLANK,0,0,1,0,0,0
4737,A4D69F83-31D8-4267-BA7D-2DD315D3108B,,243,243,,,DBBF972E-39CE-4EDB-9F7D-C72C0C05723D,2,BLANK,0,0,1,0,0,0
4738,9ED7D4C5-8D96-4AF7-8F51-80BCB6DBC974,,335.5,335.5,,,04ACFAB3-D469-4386-9343-0F8E27FC55AD,1,BLANK,0,0,1,1,0,0
4739,017A2130-68AF-4CD5-A150-819272F6EA2C,,121.5,121.5,,,B6F98B44-69B8-48B5-925F-6E3889B703CB,2,BLANK,0,0,0,1,0,0
4740,F1EDA76C-886E-4345-831A-AF21364C49AF,,123.925,123.925,,,B6F98B44-69B8-48B5-925F-6E3889B703CB,0,BLANK,0,0,0,1,0,0
4741,E3432B40-A677-4380-88EA-6EF547352CE9,,128.125,128.125,,,B6F98B44-69B8-48B5-925F-6E3889B703CB,3,BLANK,0,0,0,1,0,0
4742,9CCE2886-6666-4253-8FB3-305BA0FC4286,,306.925,306.925,,,B6F98B44-69B8-48B5-925F-6E3889B703CB,0,BLANK,0,0,0,1,0,0
4743,3EF309EB-CD86-47E2-921F-A155A01DB8BC,,307.25,307.25,,,E0B6DEEC-970F-4BB4-81FB-B4582DB45345,1,BLANK,0,0,1,1,0,0
4744,D8D299C1-D775-44AD-AEDB-FA47DCCC3FA5,,254.275,254.275,,,229A55A2-5095-411E-9D80-CADF8269611F,2,BLANK,0,0,0,1,0,0
4745,AAA4516A-5BAA-4879-A6AA-23A38E9E204C,,135.275,135.275,,,4B523C59-05BB-44A2-ACC1-36FC31F87ACA,3,BLANK,0,0,1,0,0,0
4746,BB6BF680-43C3-4006-9CB8-98EB69F22378,,281.525,281.525,,,4B523C59-05BB-44A2-ACC1-36FC31F87ACA,2,BLANK,0,0,1,0,0,0
4747,F9685161-39EC-4AA5-9580-9DF1AD4B2687,,317.475,317.475,,,4B523C59-05BB-44A2-ACC1-36FC31F87ACA,3,BLANK,0,0,1,0,0,0
4748,5458DBC3-0032-42EC-8DB6-FF7DFF2669CA,,118.675,118.675,,,30CC2D7D-167E-4E1D-8E72-55D1E095E13B,,BLANK,0,0,1,0,0,0
4749,1A3A83A9-AF27-42A8-96EA-B866D560FC51,,119.55,119.55,,,7913B3BC-36C0-4F0C-846D-FF42CA7C315F,,BLANK,0,0,1,0,0,0
4750,11F8F682-CBA8-4277-9158-5A7E814D9084,,124.175,124.175,,,C1DB42C8-0BBC-44B7-9D1F-8D8FCC00C634,,BLANK,0,0,1,0,0,0
4751,1C9F679D-AC88-46DE-B2E4-B855E8C48A84,,122.8,122.8,,,C45F9303-C95E-489A-8DF1-0D9EE8BDB227,,BLANK,0,0,1,0,0,0
4752,D3E7521E-2AE2-46EE-AB95-6A53E86319D7,,122.3,122.3,,,094F21E6-6C19-4EA7-8260-E76238AEE0D5,2,BLANK,0,0,0,1,0,0
4753,F86FA94E-F58C-4EAC-9FA8-7D267A35AFFA,,135.5,135.5,,,1449316E-C938-40AA-A961-BB4BF5E5AB1B,1,BLANK,0,0,0,1,0,0
4754,87075C56-162F-46CC-A859-605D19D285CE,,122.2,122.2,,,B8C5322A-0089-47BB-92A9-609019FF4A6A,2,BLANK,0,0,0,1,0,0
4755,4DC3ED57-86A9-41A1-9AE6-BD820CF7952F,,122.6,122.6,,,2FFF07FD-620E-43EF-ADD1-6D1B2A78DDCE,2,BLANK,0,0,1,1,1,0
4756,9BC4C593-EEE4-47EC-886F-938E1920F107,,122.4,122.4,,,87E7908B-7F8C-4E0C-9574-293946EEF3AB,2,BLANK,0,0,1,1,0,0
4757,2624AD2D-69B1-456F-B994-6424A7426147,,307.15,307.15,,,8F7A1D1E-FF78-4854-A9FE-7C93A2A91E28,1,BLANK,0,0,1,1,0,0
4758,B2D62DB5-D3D0-4A95-AD63-F5B59DCCCB51,,307.15,307.15,,,7E225CF5-7A53-4C3C-BCEB-31FE8F649B5E,3,BLANK,0,0,1,1,0,0
4759,AB205373-05DB-4F00-92B1-ADA73331BF2D,,307.15,307.15,,,CECC2813-517A-48E1-96B9-0117C59DF945,2,BLANK,0,0,1,1,0,0
4760,07A8264C-6BCD-44B2-9912-9CB8F232C66A,,307.15,307.15,,,692AA90F-5040-4451-A537-FA0141633656,3,BLANK,0,0,0,1,0,0
4761,C8EE90F0-11D9-4131-9916-A5A6C7C6A389,,122.2,122.2,,,19CB06FE-5F26-42F9-8A08-569E458DBC19,2,BLANK,0,0,1,1,0,0
4762,51323B4A-CF01-4510-B369-11DC2B5AEDA8,,132.175,132.175,,,9AA46840-C88B-4CF1-AA85-C927D6D29950,1,BLANK,0,0,1,0,0,0
4763,BE0B5A15-9D5B-4C1F-9F60-B2B60351B3F1,,132.65,132.65,,,9AA46840-C88B-4CF1-AA85-C927D6D29950,0,BLANK,0,0,1,0,0,0
4764,D1AEF0AC-99B0-4D42-ABD6-EEA15D2FA2CC,,134.9,134.9,,,9AA46840-C88B-4CF1-AA85-C927D6D29950,0,BLANK,0,0,1,0,0,0
4765,6EE0226B-E914-4B3A-91E2-1A31CEA9AA50,,135.775,135.775,,,9AA46840-C88B-4CF1-AA85-C927D6D29950,2,BLANK,0,0,1,0,0,0
4766,22A4BB0B-E45A-40AC-8FDD-1D4F1178B9DE,,290.45,290.45,,,9AA46840-C88B-4CF1-AA85-C927D6D29950,0,BLANK,0,0,1,0,0,0
4767,8FB81468-474D-458E-9823-C02CFE9A5DE0,,353.55,353.55,,,9AA46840-C88B-4CF1-AA85-C927D6D29950,1,BLANK,0,0,1,0,0,0
4768,ADA8E521-7A32-49D9-A23F-0D5E590116E4,,370.9,370.9,,,9AA46840-C88B-4CF1-AA85-C927D6D29950,2,BLANK,0,0,1,0,0,0
4769,0B4A8097-73F0-4FFF-9B6C-77853BA2382A,,132.65,132.65,,,623C5EA6-FE19-4E69-8CD8-311248D73CCD,2,BLANK,0,0,1,1,0,0
4770,73B26BF9-3001-4777-B987-A3850E980BEC,,122.2,122.2,,,1FBD1DE1-DD5F-4D3D-A535-7CE8E6E5D326,2,BLANK,0,0,1,1,0,0
4771,19B7C599-0367-4F03-B9CE-12188295DD1A,,282.35,282.35,,,F2123578-D952-4F19-8157-768155A67396,0,BLANK,0,0,1,1,0,0
4772,D2B82AE3-83B5-4C5C-9807-B4EB8D2D028B,,360.65,360.65,,,2F6505CA-89CA-486B-B32B-917F5BDF3501,2,BLANK,0,0,1,1,0,0
4773,6CD27C27-0D5C-40BB-9F85-CC30552A3B4B,,243,243,,,BA8C4B0F-2244-4E2D-A01E-EC1678B17451,2,BLANK,0,0,1,0,0,0
4774,2E0910AF-5ADF-44CE-8506-B9FC08264B0F,,126.95,126.95,,,E4A00799-FC91-4B4F-9B3F-F3C25F707CC2,0,BLANK,0,0,0,1,0,0
4775,EC1A1F79-D535-4F1F-8860-E2DD95BE8448,,363.05,363.05,,,E4A00799-FC91-4B4F-9B3F-F3C25F707CC2,0,BLANK,0,0,0,1,0,0
4776,053D1F56-89F8-4026-87FA-B23D3A6E5A8C,,121.5,121.5,,,ADBC5A89-ABDD-4121-A01E-AA85C85C42D3,2,BLANK,0,0,1,0,0,0
4777,97D6C429-29A0-4FE5-8AC9-E76AF1F58ED5,,243,243,,,ADBC5A89-ABDD-4121-A01E-AA85C85C42D3,2,BLANK,0,0,1,0,0,0
4778,ABBAA250-399B-4F78-B4A0-DFF27D669842,,121.5,121.5,,,0C1C5CC7-BC79-4B29-B691-1D87B83AC1E3,2,BLANK,0,0,1,1,0,0
4779,07DC7796-63DB-4CFB-A94A-C3BE6E2D156C,,251.05,251.05,,,B160B12B-266F-4CEC-AF2A-D2E5AB8F31D2,1,BLANK,0,0,1,1,0,0
4780,CD75A86C-A037-48EF-9404-90AC222C9C07,,120.35,120.35,,,9CB9D023-90B2-4BAC-B607-8AFF018A5FE9,0,BLANK,0,0,1,0,0,0
4781,3AC99745-4536-48E8-8033-1FF0BC204C33,,127.85,127.85,,,9CB9D023-90B2-4BAC-B607-8AFF018A5FE9,0,BLANK,0,0,1,0,0,0
4782,F3DE87A1-ACB6-46E1-A885-C3305612D77A,,128.15,128.15,,,865B83F6-3C04-4979-A1E2-53C569315CE4,0,BLANK,0,0,1,0,0,0
4783,43139CF1-2600-48F3-9CD7-0345EA9DFB3E,,133.4,133.4,,,865B83F6-3C04-4979-A1E2-53C569315CE4,0,BLANK,0,0,1,0,0,0
4784,1D0001D9-6922-4919-B526-53A047439695,,133.75,133.75,,,865B83F6-3C04-4979-A1E2-53C569315CE4,1,BLANK,0,0,1,0,0,0
4785,38839F13-3CAB-41F5-9FF2-5E3A26C4FC34,,350.3,350.3,,,865B83F6-3C04-4979-A1E2-53C569315CE4,0,BLANK,0,0,1,0,0,0
4786,19540D38-808E-465D-87F6-3DC7573E01D0,,354,354,,,865B83F6-3C04-4979-A1E2-53C569315CE4,1,BLANK,0,0,1,0,0,0
4787,B01D2D6C-A610-480E-B9E9-2554799E194C,,120.35,120.35,,,623C5EA6-FE19-4E69-8CD8-311248D73CCD,0,BLANK,0,0,1,1,0,0
4788,748A041D-1CE4-42FA-AF6B-38A142CF5E46,,122.3,122.3,,,92863B70-48E0-49E5-AF53-471CE0C44143,2,BLANK,0,0,1,1,0,0
4789,1F60E700-8236-4830-B339-B7BF6D911B25,,126.725,126.725,,,B3D3E40D-09C9-4DFE-8A94-CF34C2495FED,0,BLANK,0,0,1,0,1,0
4790,E5ED3A15-3960-4CEC-9018-DCBF35F6A600,,289.85,289.85,,,B3D3E40D-09C9-4DFE-8A94-CF34C2495FED,0,BLANK,0,0,1,0,1,0
4791,10633436-DAE4-4F58-8DEA-324B49F69F96,,122.3,122.3,,,C7D099F4-CD3D-498E-8B14-306EA724AE8F,2,BLANK,0,0,1,1,0,0
4792,8A536A6D-982D-47FC-8D3C-19D72076DD59,,122.3,122.3,,,AC472BCE-0C9E-4207-96D9-96FCF5F3A6CC,2,BLANK,0,0,1,1,0,0
4793,EA0F9605-F874-4623-A831-F84B0B681697,,122.3,122.3,,,21341D7D-B1F2-4E2A-8A82-F49C8A5B84C5,2,BLANK,0,0,1,1,0,0
4794,CFF1FC17-BE7E-4005-AA7F-5D46AD623830,,122.5,122.5,,,EFCC3052-EB08-4954-8B18-E261E1C55E1C,2,BLANK,0,0,1,1,0,0
4795,7A0D023A-F610-429F-82D9-80ECE3404667,,122.4,122.4,,,B1BCACE7-78DE-4F00-8E35-8A3E04CD5916,2,BLANK,0,0,0,1,0,0
4796,1B29D526-3C34-40A1-BED7-ED8F4FD73BC3,,118.2,118.2,,,074AAC47-651A-467F-928B-050DD27BD178,,BLANK,0,0,1,0,0,0
4797,AC420E97-2541-4160-8E40-1AF154300380,,122.6,122.6,,,A1AE4AF8-288D-4C91-A45A-A047F4E1CC43,2,BLANK,0,0,1,1,0,0
4798,63A76C4B-9073-4126-8A86-E16EE2B65E97,,122.2,122.2,,,97A2CCD1-83C1-43BE-9D2B-C566F8BA1126,2,BLANK,0,0,1,1,0,0
4799,C9E0735A-0E88-4843-8EFD-D30081F083A0,,122.4,122.4,,,987E1E05-76EB-440C-A433-A62E14A04631,2,BLANK,0,1,1,1,0,0
4800,15A7C8F5-1177-4047-9FEA-9C47DBF3D294,,122.5,122.5,,,152DC145-695D-4D05-8647-905A71AC1BE1,2,BLANK,0,0,1,1,0,0
4801,E3CFD3C4-6422-44AA-B899-B00AF263F6B6,,122.4,122.4,,,4F26CD13-68FD-4184-A095-0ADDF54FC6DD,2,BLANK,0,0,1,1,0,0
4802,44EE05A8-7E97-4114-8912-DA9B014E7886,,122.5,122.5,,,D7C776B5-19CB-4DF0-9304-837744F9F380,2,BLANK,0,1,1,1,0,0
4803,D6C09252-87B4-4434-88CC-1EBFFA5283F5,,133.175,133.175,,,C2306CC3-BF8F-4B6C-B814-FE201BC35878,1,BLANK,0,0,0,1,0,0
4804,1120CD4A-0D6D-401F-95BF-59599D91BD90,,335.55,335.55,,,C2306CC3-BF8F-4B6C-B814-FE201BC35878,1,BLANK,0,0,0,1,0,0
4805,B54B2BDF-1938-4504-8AC7-294F0478484B,,122.5,122.5,,,D5E6DAA4-6F27-4238-A5C8-B5A6C5C69F7D,2,BLANK,0,0,1,1,0,0
4806,CDE2C272-D1C6-4961-A834-19FD0F70234C,,126.1,126.1,,,AD9EFFFE-652E-496F-ADC0-7AB80583BBFD,0,BLANK,0,0,1,1,0,0
4807,18330855-89B8-497A-A25A-B72E9408FDBB,,118.625,118.625,,,80DAD3E7-CEB1-4878-B614-3F938F1A6966,1,BLANK,0,0,1,0,0,0
4808,6D2E7E7E-73C9-4367-9830-FC6375FF2764,,254.275,254.275,,,80DAD3E7-CEB1-4878-B614-3F938F1A6966,1,BLANK,0,0,1,0,0,0
4809,207A9083-64D3-452D-94E0-09B1D5BA808F,,118.55,118.55,,,0B23302A-2804-4AB1-999E-D3045DB94E4A,1,BLANK,0,0,1,0,0,0
4810,A08DCF21-6809-4C90-A4EB-8FBDD6A09AC0,,251.075,251.075,,,0B23302A-2804-4AB1-999E-D3045DB94E4A,1,BLANK,0,0,1,0,0,0
